gid,teacher,p,r_t,r_s,n,eta,M,seed,ckpt,rho2,L_late,L_V_opt,ratio,cm0,cm_mid,cm_end,mean_end,t_plateau,t_sat,gap_sat,d_mean_plat,d_min_plat,t50,s_band,tau_V_sq,diverged
R1,relu,100,4,50,15000,2.0,50,5,relu_p100_rt4_rs50_n15000_eta2.0_seed5.npz,0.9999996536880682,6.17787929996742,0.003078474238653122,2006.7990897563377,0.0002573700564952621,0.7249591288145538,0.6965666199474206,0.9097160713547585,2104.0,700.0,2038.779647763809,-0.01053666597291758,-0.055789142223918065,340.0,0.0025,0.18021086056108213,True
R1,relu,100,4,50,15000,2.0,50,11,relu_p100_rt4_rs50_n15000_eta2.0_seed11.npz,0.9999994070212643,6.162312622778777,0.0017656581064271276,3490.093920418397,0.0012102745921061804,0.71440913337191,0.67366880878937,0.9045340604055471,2336.0,660.0,3067.431091089991,-0.01482195524220975,-0.06591098050154942,320.0,0.0022500000000000003,0.14985305599146298,True
R1,relu,100,4,50,15000,2.0,50,23,relu_p100_rt4_rs50_n15000_eta2.0_seed23.npz,0.9999996053604595,6.068809362961615,0.001993106323536334,3044.899959071843,0.009624211773124652,0.6146789910175668,0.5907738712424421,0.8830496762672866,2232.0,600.0,2680.753421384815,-0.011906977594242862,-0.05605419027115821,300.0,0.0022500000000000003,0.16851551641343807,True
R1,relu,100,4,50,15000,2.0,50,37,relu_p100_rt4_rs50_n15000_eta2.0_seed37.npz,0.9999995434645355,6.114917967433138,0.002166806900254273,2822.0871766263795,0.0013597980690900561,0.6978166664811364,0.6580268370113312,0.8988038925754003,2128.0,560.0,2564.3504514737206,-0.017205182838567534,-0.07882469033838624,260.0,0.0028125,0.16052769783113205,True
R1,relu,100,4,50,15000,2.0,50,41,relu_p100_rt4_rs50_n15000_eta2.0_seed41.npz,0.9999993254994148,6.141790914412747,0.0017080503297923718,3595.7903624299724,9.812468287746886e-06,0.6952596233654066,0.67017419271786,0.9030362599518023,2278.0,600.0,3707.5728738156677,-0.012985639485159406,-0.060864552989961074,320.0,0.0025,0.14501341227869508,True
R1,relu,100,4,50,15000,2.0,50,53,relu_p100_rt4_rs50_n15000_eta2.0_seed53.npz,0.9999996601454574,6.2010490273026075,0.002485262652636961,2495.128239553695,0.009738407633263542,0.6524850678298928,0.6419734227661428,0.8953541159446249,2098.0,740.0,2300.927382336153,-0.010301863280967716,-0.0452152824840224,300.0,0.0025,0.12511970122041546,True
R1,relu,100,4,50,15000,2.0,50,67,relu_p100_rt4_rs50_n15000_eta2.0_seed67.npz,0.9999996773126775,6.117444426909766,0.0025039578346270413,2443.1100006206557,0.0003162598257703261,0.6872383246306565,0.6800152265908389,0.9064009801062944,2024.0,960.0,2435.667783770939,-0.0025907446500712528,-0.029959331747287266,340.0,0.0032142857142857142,0.14809988123888046,True
R1,relu,100,4,50,15000,2.0,50,71,relu_p100_rt4_rs50_n15000_eta2.0_seed71.npz,0.9999994880344723,5.890340349978184,0.00042123309195032867,13983.565067752956,4.708259404700831e-05,0.6461554471687581,0.5809673231556642,0.8825181789654901,2160.0,560.0,4721.051849484883,-0.023942517216722914,-0.11279209522578626,400.0,0.0028125,0.11014112206154177,True
R1,relu,100,4,50,15000,2.0,50,83,relu_p100_rt4_rs50_n15000_eta2.0_seed83.npz,0.9999992997816415,6.158239327207587,0.0035641587791863,1727.82406978331,0.0027258034951578025,0.7060542658021407,0.6749208519919161,0.9076232846779997,2056.0,580.0,1981.6871035058996,-0.014670994654904956,-0.0809804384214754,340.0,0.0018750000000000001,0.16197060934587687,True
R1,relu,100,4,50,15000,2.0,50,97,relu_p100_rt4_rs50_n15000_eta2.0_seed97.npz,0.9999995678813364,6.234876550078624,0.002152512870391839,2896.557152266244,0.005936672001914715,0.6993245294799902,0.6809266008781791,0.9044882376177849,2474.0,820.0,2200.455806144448,-0.006063224690948443,-0.03388048503393459,260.0,0.0028125,0.14315574644151485,True
R1,relu,100,4,50,15000,2.0,50,101,relu_p100_rt4_rs50_n15000_eta2.0_seed101.npz,0.9999995038155193,6.130292890362917,0.0020365168683104035,3010.185177326282,0.0005344993568524304,0.7344880325090685,0.6922847400537949,0.9108898513078049,2120.0,580.0,2787.1291977412207,-0.02040106245808304,-0.09153116621714852,260.0,0.0037500000000000003,0.161316012487728,True
R1,relu,100,4,50,15000,2.0,50,103,relu_p100_rt4_rs50_n15000_eta2.0_seed103.npz,0.9999996390094626,6.0983273651874335,0.0043653786417563335,1396.9755811912523,0.0011215174808103284,0.6463511560195138,0.6224321306169155,0.8915833837147378,2062.0,680.0,1440.122849104929,-0.006642366470621552,-0.04743852426378303,340.0,0.0032142857142857142,0.16115787165997822,True
R1,relu,100,4,50,15000,2.0,50,107,relu_p100_rt4_rs50_n15000_eta2.0_seed107.npz,0.9999997424425386,6.177197296191069,0.0016554155126864926,3731.5086447186895,2.2070575974698112e-05,0.6886006156356144,0.6631014178304939,0.9022690042265419,2094.0,520.0,2737.0485277803105,-0.0160878059898516,-0.07380134093711743,320.0,0.0032142857142857142,0.13787056020299707,True
R1,relu,100,4,50,15000,2.0,50,109,relu_p100_rt4_rs50_n15000_eta2.0_seed109.npz,0.9999995083471295,6.152524666369807,0.0026414432658244014,2329.228397964318,0.0023952375878050444,0.6705052545105984,0.6637083832718338,0.902668677919864,2394.0,920.0,1709.551503895735,-0.004973975720737545,-0.023914550284414582,400.0,0.0025,0.1459273468065965,True
R1,relu,100,4,50,15000,2.0,50,113,relu_p100_rt4_rs50_n15000_eta2.0_seed113.npz,0.9999996585816111,6.175274550185126,0.0036884359076961434,1674.2257977968504,0.0003759192104695492,0.6912971634531082,0.6655806275241293,0.902140497805003,2382.0,800.0,1843.8453504692466,-0.009997089620315425,-0.0517208615296193,360.0,0.0028125,0.1287624361720105,True
R1,relu,100,4,50,15000,2.0,50,127,relu_p100_rt4_rs50_n15000_eta2.0_seed127.npz,0.9999993417007268,6.128032767974276,0.0018945427096561853,3234.570926662492,0.0021390459427384502,0.6679361512420776,0.6439684734628214,0.8951569931868263,2280.0,740.0,2418.159519319656,-0.011242510365804703,-0.047147733447393425,380.0,0.0032142857142857142,0.18738364026152746,True
R1,relu,100,4,50,15000,2.0,50,131,relu_p100_rt4_rs50_n15000_eta2.0_seed131.npz,0.9999994676935878,6.155827919808879,0.001624302929078635,3789.8275066835554,1.5013825531041186e-05,0.6812580413203077,0.6551645402393573,0.8994215049456491,2214.0,620.0,2945.980515169532,-0.00913667781207883,-0.04812791692180285,280.0,0.0028125,0.16534035526937685,True
R1,relu,100,4,50,15000,2.0,50,137,relu_p100_rt4_rs50_n15000_eta2.0_seed137.npz,0.9999997149800487,6.190390968379893,0.0018653273310434444,3318.6620199882313,5.322396900388115e-05,0.6979306609575637,0.694496136750422,0.909113197155898,2218.0,800.0,2581.413712874288,-0.005224911253445708,-0.02150149969593118,400.0,0.0032142857142857142,0.13196582208706828,True
R1,relu,100,4,50,15000,2.0,50,139,relu_p100_rt4_rs50_n15000_eta2.0_seed139.npz,0.9999995919398438,6.118002575036024,0.002082465640234751,2937.864835237501,0.0025303007181003917,0.6736120217921914,0.6407795526728068,0.8984515875852978,1988.0,600.0,2881.7433825281014,-0.016655242253813762,-0.07973099766980563,340.0,0.0032142857142857142,0.11775101510326659,True
R1,relu,100,4,50,15000,2.0,50,149,relu_p100_rt4_rs50_n15000_eta2.0_seed149.npz,0.999999520659956,6.148955522930242,0.001314688214283019,4677.1207470538175,7.33598776682593e-05,0.691113680853912,0.6667373511174595,0.9029678246230314,2178.0,560.0,3155.9312187453584,-0.011605105293775786,-0.06079398131787772,260.0,0.0032142857142857142,0.14553968236454926,True
R1,relu,100,4,50,15000,2.0,50,151,relu_p100_rt4_rs50_n15000_eta2.0_seed151.npz,0.9999995871838611,6.137785657355741,0.002312047695276377,2654.696816979826,1.9122127589018128e-05,0.6885598537911904,0.6627335598664797,0.901170422452047,2362.0,600.0,2488.8977571275286,-0.012369117934748597,-0.05718524243656897,380.0,0.0037500000000000003,0.16462739841305377,True
R1,relu,100,4,50,15000,2.0,50,157,relu_p100_rt4_rs50_n15000_eta2.0_seed157.npz,0.999999561595194,6.155608238964948,0.0014653168823229265,4200.871711248308,0.013610061615057895,0.710274780764175,0.6717626188630335,0.9041435791157088,2136.0,520.0,4070.4886948138483,-0.019784683029365313,-0.08702207629844416,280.0,0.0028125,0.19079350187402214,True
R1,relu,100,4,50,15000,2.0,50,163,relu_p100_rt4_rs50_n15000_eta2.0_seed163.npz,0.9999996851488828,6.183209058905195,0.0018675205512893424,3310.9188836697335,0.0001789196526074475,0.6833168864498019,0.6597480529730243,0.9011909088827882,2286.0,680.0,2876.883182297019,-0.013369711445766708,-0.06291871200224208,280.0,0.0028125,0.1609726876953065,True
R1,relu,100,4,50,15000,2.0,50,167,relu_p100_rt4_rs50_n15000_eta2.0_seed167.npz,0.999999572338545,6.12197475697861,0.0015145998912570306,4041.9749085665944,2.3349203929430024e-05,0.6568525835669835,0.6411005937485175,0.8978005863520098,2108.0,520.0,3048.806162569823,-0.01415050143095753,-0.06392162771094356,340.0,0.0032142857142857142,0.15755942199671233,True
R1,relu,100,4,50,15000,2.0,50,173,relu_p100_rt4_rs50_n15000_eta2.0_seed173.npz,0.9999995588533378,6.0661674907687075,0.001496859348555368,4052.596856627323,0.0015434486508761006,0.6646626458040212,0.6206574245351264,0.8921932934293986,2354.0,580.0,3280.3673574287177,-0.02086423182659547,-0.09082676320791128,380.0,0.0020454545454545456,0.14024801308387402,True
R1,relu,100,4,50,15000,2.0,50,179,relu_p100_rt4_rs50_n15000_eta2.0_seed179.npz,0.9999996900930526,6.156310909213098,0.0021973297302874295,2801.7237578666904,0.006909523846826439,0.6597384668158902,0.6240525785210453,0.8924322000924871,2414.0,640.0,2343.4716753304406,-0.014472468670250316,-0.06806186162605765,260.0,0.0025,0.15513414271714002,True
R1,relu,100,4,50,15000,2.0,50,181,relu_p100_rt4_rs50_n15000_eta2.0_seed181.npz,0.9999995644378974,6.119186895503482,0.001505194433166184,4065.379701565692,0.0003608785767063028,0.6716079177298472,0.6583664694656702,0.9002502214231753,2242.0,700.0,2938.1341073013264,-0.00743330376290674,-0.037179264906724296,320.0,0.0028125,0.1569115954005161,True
R1,relu,100,4,50,15000,2.0,50,191,relu_p100_rt4_rs50_n15000_eta2.0_seed191.npz,0.9999994754252148,6.132079794841441,0.0034214441848859746,1792.2489637357046,0.002365648015224689,0.6403415620834007,0.619163153829972,0.8907960999938045,2040.0,640.0,1682.2296276182537,-0.006417835331306243,-0.04085815840261753,320.0,0.0032142857142857142,0.1640025394653195,True
R1,relu,100,4,50,15000,2.0,50,193,relu_p100_rt4_rs50_n15000_eta2.0_seed193.npz,0.9999993700870915,6.141671510197682,0.0020948661093830073,2931.7728148299484,0.003323392591985788,0.7154762378539202,0.6785367147325833,0.9064310684831487,2188.0,520.0,2363.5235506095164,-0.01692411990706899,-0.07517583119940141,360.0,0.0028125,0.12862063108798583,True
R1,relu,100,4,50,15000,2.0,50,197,relu_p100_rt4_rs50_n15000_eta2.0_seed197.npz,0.9999994898738538,6.096048397525769,0.002355800632494515,2587.6758472005217,0.00026332525607786493,0.6758083740427332,0.6414173494584785,0.8980579979758019,2112.0,560.0,1889.4689271334178,-0.019148335400997807,-0.08665233417834628,300.0,0.0025,0.13997719468423936,True
R1,relu,100,4,50,15000,2.0,50,199,relu_p100_rt4_rs50_n15000_eta2.0_seed199.npz,0.9999992459485576,6.167722975165833,0.001828916142862242,3372.3377636731807,9.07519174648417e-05,0.721016554926631,0.6972442453165288,0.9104363836254653,2374.0,640.0,3124.2805043792687,-0.013266196151242471,-0.0573333680392385,340.0,0.0032142857142857142,0.1385713445776479,True
R1,relu,100,4,50,15000,2.0,50,211,relu_p100_rt4_rs50_n15000_eta2.0_seed211.npz,0.9999996447761328,6.169960948109015,0.0036937245495834996,1670.3901076772856,0.0010730661655645366,0.6778528466161089,0.6729318075869137,0.9034093914885437,2168.0,940.0,1624.660972691597,-0.0015604910236377556,-0.021484897147642235,340.0,0.0022500000000000003,0.15393596412009192,True
R1,relu,100,4,50,15000,2.0,50,223,relu_p100_rt4_rs50_n15000_eta2.0_seed223.npz,0.9999995617083437,6.1244673086976835,0.0016152707747575173,3791.6041102254712,0.0005850308734890243,0.6762277532738269,0.6396079595011283,0.8940174293497966,2668.0,660.0,3449.901012723898,-0.01645312140083577,-0.06574422911783362,320.0,0.0032142857142857142,0.16435060080635652,True
R1,relu,100,4,50,15000,2.0,50,227,relu_p100_rt4_rs50_n15000_eta2.0_seed227.npz,0.9999997199259965,6.120882038906637,0.0014912580451654509,4104.508980689216,0.001988782238301444,0.6894204067773166,0.6686317099857256,0.9045869639447485,2032.0,560.0,3048.3861717948803,-0.014679474861274855,-0.07070246844769312,360.0,0.0028125,0.1681368550114288,True
R1,relu,100,4,50,15000,2.0,50,229,relu_p100_rt4_rs50_n15000_eta2.0_seed229.npz,0.9999997328392876,6.208255730609691,0.0026496213790597857,2343.072780010811,8.182689226474118e-06,0.691489199509724,0.6577155794387689,0.9002668151406313,2174.0,560.0,1713.1222709853082,-0.015684276461740754,-0.06963676091824123,320.0,0.0022500000000000003,0.1699874059463665,True
R1,relu,100,4,50,15000,2.0,50,233,relu_p100_rt4_rs50_n15000_eta2.0_seed233.npz,0.999999601970267,6.123141635706473,0.002452508053638119,2496.685638452128,0.006014048289611772,0.654453167276202,0.6264207508196719,0.8924049660399334,2096.0,620.0,2717.304916384779,-0.013547052508232738,-0.06875258136778128,360.0,0.0037500000000000003,0.17046762900223414,True
R1,relu,100,4,50,15000,2.0,50,239,relu_p100_rt4_rs50_n15000_eta2.0_seed239.npz,0.9999995152172785,6.1676143691906935,0.001635395044033419,3771.329986410708,0.002654572864302859,0.6675280531444431,0.6314241506534567,0.895347735254127,1890.0,420.0,3310.539051570612,-0.020507935396121058,-0.09545777661297328,300.0,0.0032142857142857142,0.14292845449162297,True
R1,relu,100,4,50,15000,2.0,50,241,relu_p100_rt4_rs50_n15000_eta2.0_seed241.npz,0.9999997822294622,6.168552283586261,0.0026807909270770524,2301.019531691724,0.0012024680901025608,0.6537177678177005,0.6268280169740437,0.8909118510688183,2066.0,580.0,2074.5066656444774,-0.016161605796737533,-0.07069851902701407,300.0,0.0025,0.14986350422912964,True
R1,relu,100,4,50,15000,2.0,50,251,relu_p100_rt4_rs50_n15000_eta2.0_seed251.npz,0.9999996658271071,6.072248661948124,0.0021231020974526015,2860.08320995674,0.005630551767721569,0.6443328137075284,0.6208795393637502,0.8917902366479165,2354.0,680.0,2590.577396596999,-0.016820976141985966,-0.0749466470138207,360.0,0.0032142857142857142,0.15577136410163014,True
R1,relu,100,4,50,15000,2.0,50,257,relu_p100_rt4_rs50_n15000_eta2.0_seed257.npz,0.9999994610568838,6.128150363556735,0.0017418338386312887,3518.217540412557,0.001410323784899476,0.7151214463836911,0.6676614923552722,0.9046015841537605,2178.0,560.0,3031.299203709527,-0.02106408931594883,-0.09388836743711337,300.0,0.0020454545454545456,0.14217849424053686,True
R1,relu,100,4,50,15000,2.0,50,263,relu_p100_rt4_rs50_n15000_eta2.0_seed263.npz,0.999999306254898,6.1752459114732785,0.0018846628168974768,3276.5786304623657,7.153956052705452e-06,0.7280816315921669,0.697401869332114,0.909865730092756,2010.0,460.0,3166.470059395877,-0.021013257426767185,-0.0891075951977851,260.0,0.0028125,0.16118262159660426,True
R1,relu,100,4,50,15000,2.0,50,269,relu_p100_rt4_rs50_n15000_eta2.0_seed269.npz,0.9999996223489203,6.189227474012147,0.0016812618087903946,3681.2990348392354,0.0005543741219068189,0.6979794739884024,0.6717349027556933,0.9042359407391383,2178.0,660.0,2842.0757044532947,-0.01720896518264059,-0.07295880878475847,300.0,0.0028125,0.17806212030613106,True
R1,relu,100,4,50,15000,2.0,50,271,relu_p100_rt4_rs50_n15000_eta2.0_seed271.npz,0.9999996552765978,6.130461112376682,0.0020761005583371187,2952.8729173344855,0.00017531647053856643,0.6813337868124387,0.6682696579406615,0.9024741508920542,2206.0,720.0,2621.9371199039383,-0.008487365374336031,-0.04635635959844153,340.0,0.0025,0.15614877768354574,True
R1,relu,100,4,50,15000,2.0,50,277,relu_p100_rt4_rs50_n15000_eta2.0_seed277.npz,0.9999995991756302,6.147269626511582,0.001382348293723248,4446.975957089937,0.003456653554552852,0.689996567733661,0.6585866176821004,0.900150870715164,2436.0,520.0,2801.2827445683292,-0.02054372731930343,-0.08319445046240515,260.0,0.0032142857142857142,0.14588263093780732,True
R1,relu,100,4,50,15000,2.0,50,281,relu_p100_rt4_rs50_n15000_eta2.0_seed281.npz,0.9999996903313615,6.103716533377149,0.0020426121772043285,2988.191591871909,0.00018656400354749692,0.6560978746000088,0.6171714678650322,0.8896968353650951,2150.0,520.0,2794.10624273729,-0.023112822946903977,-0.09169386662177037,320.0,0.0025,0.1545724635713914,True
R1,relu,100,4,50,15000,2.0,50,283,relu_p100_rt4_rs50_n15000_eta2.0_seed283.npz,0.9999995613910049,6.136078655482322,0.0016785518030068157,3655.5789606794797,0.001360534243644383,0.687629780828219,0.6599144812061671,0.9013222656043984,2258.0,640.0,3184.1845644624996,-0.014835029923777832,-0.0644336105895077,340.0,0.0028125,0.14626087649221636,True
R1,relu,100,4,50,15000,2.0,50,293,relu_p100_rt4_rs50_n15000_eta2.0_seed293.npz,0.9999995255041466,6.1315639000090645,0.0025334695537439435,2420.2240326700917,0.0002794484181072936,0.6628138610004075,0.6319615433584632,0.8943605163672376,2082.0,580.0,2290.8581505881734,-0.01377173586913405,-0.062062349605199296,320.0,0.0028125,0.1467452855286454,True
R1,relu,100,4,50,15000,2.0,50,307,relu_p100_rt4_rs50_n15000_eta2.0_seed307.npz,0.9999996652787687,6.13844454531655,0.001257890682987974,4879.950720944514,0.0053084115658837494,0.6341150683300503,0.6062811153689864,0.8875242954490463,2228.0,760.0,3485.050859705595,-0.0128317031330768,-0.05941326308877681,380.0,0.0022500000000000003,0.15124704007826464,True
R1,relu,100,4,50,15000,2.0,50,311,relu_p100_rt4_rs50_n15000_eta2.0_seed311.npz,0.9999996344515838,6.164482171300133,0.0019184556163697123,3213.2524300797554,0.0034549606066282506,0.6933565376897288,0.6560786886903638,0.9002999006156394,2282.0,620.0,2454.869633177541,-0.016587160150511315,-0.0792671042209725,320.0,0.0028125,0.154162229030782,True
R1,relu,100,4,50,15000,2.0,50,313,relu_p100_rt4_rs50_n15000_eta2.0_seed313.npz,0.9999995998647785,6.163798332516193,0.002456666543369004,2509.0089451307185,4.115475938935945e-05,0.6657877996607948,0.6399190494786744,0.8965130628549992,2050.0,660.0,2435.2503692755863,-0.012403920240235622,-0.05345642461523403,320.0,0.0032142857142857142,0.1439673639459244,True
R2,relu,100,6,50,15000,1.5,50,5,relu_p100_rt6_rs50_n15000_eta1.5_seed5.npz,0.9999999881563059,3.5533912616531413,0.02050522189182527,173.2920170480943,0.0030315816278262972,0.9401353955934016,0.9605763637142994,0.9758744652679293,501.0,4740.0,159.37716954547844,0.30100926924903837,0.8931443252655179,740.0,0.0017307692307692308,0.14231562742926882,False
R2,relu,100,6,50,15000,1.5,50,11,relu_p100_rt6_rs50_n15000_eta1.5_seed11.npz,0.9999999936514724,3.5731598472831867,0.01664588487149394,214.65724861537515,0.0003195023992789493,0.9349617645098869,0.9509893092786855,0.9718960842997655,501.0,4820.0,202.69773864845948,0.4166047132196664,0.8388647689110171,1200.0,0.00045,0.14881450461579054,False
R2,relu,100,6,50,15000,1.5,50,23,relu_p100_rt6_rs50_n15000_eta1.5_seed23.npz,0.9999999908158186,3.5581058092616695,0.02607174832097196,136.47361755174472,0.002759841958710235,0.942836128012732,0.9569677214632506,0.9730976750246225,501.0,4460.0,121.91728538575337,0.39614205899053234,0.9288576303191983,1320.0,0.0006818181818181819,0.11264158702260907,False
R2,relu,100,6,50,15000,1.5,50,37,relu_p100_rt6_rs50_n15000_eta1.5_seed37.npz,0.9999999970190497,3.5794810019695857,0.02552693749460999,140.2236755868342,0.0009145526533145009,0.9361775433351002,0.9500385313697124,0.9706794980212994,501.0,4020.0,119.30856296376591,0.4246797395462879,0.9493281084150209,1480.0,0.0022500000000000003,0.1561458397459414,False
R2,relu,100,6,50,15000,1.5,50,41,relu_p100_rt6_rs50_n15000_eta1.5_seed41.npz,0.9999999886499117,3.5155971232769736,0.014183079231116582,247.87262807952342,0.0002694814542696486,0.9386441242423339,0.9545409357461395,0.9761865566705087,501.0,4680.0,228.1919640159402,0.43387249340791156,0.9357195719798844,1620.0,0.0006081081081081081,0.15337017922495083,False
R2,relu,100,6,50,15000,1.5,50,53,relu_p100_rt6_rs50_n15000_eta1.5_seed53.npz,0.9999999603551154,3.507745974151829,0.010280049941157218,341.21876782993183,0.00025162741486585243,0.9374392569440098,0.9573845227399193,0.9757961800657337,7144.0,5260.0,323.85032439960077,0.002071826734713511,0.0014700705329065977,1300.0,0.0010714285714285715,0.09732465196643553,False
R2,relu,100,6,50,15000,1.5,50,67,relu_p100_rt6_rs50_n15000_eta1.5_seed67.npz,0.999999990018924,3.5522742322080147,0.012611966896115698,281.6590196809083,1.2919934596336195e-05,0.9263806000048355,0.9585173822335736,0.977142547209473,501.0,4760.0,225.71422765520333,0.41859463316055734,0.956060959279071,1880.0,0.00140625,0.12465724342282693,False
R2,relu,100,6,50,15000,1.5,50,71,relu_p100_rt6_rs50_n15000_eta1.5_seed71.npz,0.9999999147267692,3.4242679626854486,0.008930942610937445,383.41618705419233,7.805661313548865e-06,0.9437508864233315,0.9585291672125812,0.9815565086570159,7812.0,4920.0,361.63181186994876,6.84077454341514e-05,-0.0015577672345401528,1440.0,0.0004891304347826087,0.11826933576031773,False
R2,relu,100,6,50,15000,1.5,50,83,relu_p100_rt6_rs50_n15000_eta1.5_seed83.npz,0.9999999486775492,3.4282515650501635,0.014354013679138227,238.83574599296227,0.0009786309365747915,0.9425326010441655,0.9592648423094842,0.9798004818896128,501.0,5340.0,230.9117475142983,0.2901491316214202,0.8673467786494972,880.0,0.0008653846153846154,0.13531814635400377,False
R2,relu,100,6,50,15000,1.5,50,97,relu_p100_rt6_rs50_n15000_eta1.5_seed97.npz,0.999999997116895,3.5730053445478354,0.02395733522669514,149.14034932259548,1.4825551841986545e-05,0.9464930428814521,0.9480834529400496,0.9718927845490756,501.0,3980.0,126.84208116730987,0.37923737519947764,0.9442234089149791,1340.0,0.0007258064516129033,0.12989312575824807,False
R2,relu,100,6,50,15000,1.5,50,101,relu_p100_rt6_rs50_n15000_eta1.5_seed101.npz,0.9999999490022895,3.4897871536770495,0.011740845473439624,297.2347401702642,0.0013334426856183178,0.9333639264866432,0.9614596865495827,0.97821635307222,501.0,5180.0,293.80781603177496,0.382470216354418,0.959288738672776,1620.0,0.0011842105263157896,0.11304692099180451,False
R2,relu,100,6,50,15000,1.5,50,103,relu_p100_rt6_rs50_n15000_eta1.5_seed103.npz,0.9999999970847817,3.58806643369749,0.022926193427096037,156.50511041474604,0.012216748746038196,0.9437186576268521,0.9666590080825934,0.9764936913025205,501.0,3940.0,138.49015306027962,0.26365362116278224,0.9329852910222941,1220.0,0.00075,0.1448039878996702,False
R2,relu,100,6,50,15000,1.5,50,107,relu_p100_rt6_rs50_n15000_eta1.5_seed107.npz,0.9999999876961346,3.5793044916750523,0.013520725765915526,264.7272456851496,0.0006656116844775899,0.9326622711558343,0.9570582836017997,0.972172663519922,501.0,4500.0,217.5834368057377,0.36169822150237485,0.9382101917316229,1260.0,0.0008333333333333334,0.11760435172093003,False
R2,relu,100,6,50,15000,1.5,50,109,relu_p100_rt6_rs50_n15000_eta1.5_seed109.npz,0.9999998741859429,3.457031797275127,0.010393585711089936,332.61204490635805,0.00041282972283834964,0.9446033367135046,0.9598317174728496,0.9781719145527532,501.0,4460.0,302.35524984498744,0.31358936535867266,0.8534424358827973,1060.0,0.0006081081081081081,0.11083053978310095,False
R2,relu,100,6,50,15000,1.5,50,113,relu_p100_rt6_rs50_n15000_eta1.5_seed113.npz,0.999999994572572,3.5559724779261304,0.02432694882446905,146.1742080186146,0.000100124614611388,0.9536043333439234,0.966115221504263,0.9780037877575527,501.0,4520.0,140.63597869391643,0.4735029817906704,0.9556866097327252,1320.0,0.0008035714285714286,0.1260805517285967,False
R2,relu,100,6,50,15000,1.5,50,127,relu_p100_rt6_rs50_n15000_eta1.5_seed127.npz,0.9999999568363706,3.502448114123301,0.01665052817267353,210.35057133331298,0.001760435047731714,0.950438914843031,0.9549165974293967,0.9773078290553093,501.0,4640.0,174.97531010847482,0.3659505896942977,0.8308696745122954,1260.0,0.0004166666666666667,0.12886424932038476,False
R2,relu,100,6,50,15000,1.5,50,131,relu_p100_rt6_rs50_n15000_eta1.5_seed131.npz,0.9999999403906258,3.443408628606018,0.01569681276205849,219.36992437912264,0.007851919333691462,0.954568158515932,0.9608945839321984,0.9791077633020641,501.0,4260.0,158.29215382703876,0.28254206648760094,0.6466552924657576,840.0,0.0006617647058823529,0.14091935048723464,False
R2,relu,100,6,50,15000,1.5,50,137,relu_p100_rt6_rs50_n15000_eta1.5_seed137.npz,0.9999999976345796,3.5795754141672114,0.02121880298131596,168.69827281582172,0.0009043731096636423,0.9390220080885263,0.9579979592072604,0.9737810715809675,501.0,4320.0,153.76561109388726,0.42628164402096014,0.9503086733994341,1360.0,0.00140625,0.12814794041187721,False
R2,relu,100,6,50,15000,1.5,50,139,relu_p100_rt6_rs50_n15000_eta1.5_seed139.npz,0.9999999023246078,3.402515415153574,0.008047667508601504,422.7952275012479,0.0008684667389782712,0.9442384813465815,0.9513757924644425,0.9783641842936999,6628.0,5500.0,396.3787510625906,0.003580043166994007,-0.004449941421653114,1060.0,0.0004787234042553192,0.13497405407896326,False
R2,relu,100,6,50,15000,1.5,50,149,relu_p100_rt6_rs50_n15000_eta1.5_seed149.npz,0.999999974476157,3.565949847573439,0.026735231528784813,133.3801745361403,0.0006396950255267574,0.9167934275528494,0.9483437438282422,0.9721823893582009,501.0,5640.0,135.2773373167197,0.4462835501970954,0.7766538993415641,1160.0,0.0004591836734693878,0.13651736504326115,False
R2,relu,100,6,50,15000,1.5,50,151,relu_p100_rt6_rs50_n15000_eta1.5_seed151.npz,0.9999999209614154,3.4959516635261565,0.009806594905370992,356.4898619001232,0.0003758946280008393,0.9291390443154772,0.9563180214554183,0.9766138280298055,501.0,5120.0,362.89626278641,0.42705003053843626,0.9428469939915887,1220.0,0.0011842105263157896,0.12065786197111472,False
R2,relu,100,6,50,15000,1.5,50,157,relu_p100_rt6_rs50_n15000_eta1.5_seed157.npz,0.9999999498212924,3.4540929349326213,0.013195460212013904,261.7637338474801,0.000651783630604938,0.9320302508399717,0.9515555395982432,0.9750551222768632,501.0,4840.0,251.9780294494693,0.4367552185609517,0.9467081682715455,1240.0,0.00140625,0.13849870562933292,False
R2,relu,100,6,50,15000,1.5,50,163,relu_p100_rt6_rs50_n15000_eta1.5_seed163.npz,0.9999998696388275,3.3780599338843733,0.01098594225797262,307.4893217678145,0.00029114228491013865,0.9425625959770688,0.9591158641418073,0.9803309095001591,501.0,4600.0,267.04877416492735,0.47442281247886176,0.938460083694731,1320.0,0.000703125,0.11900119772110127,False
R2,relu,100,6,50,15000,1.5,50,167,relu_p100_rt6_rs50_n15000_eta1.5_seed167.npz,0.9999999463099559,3.4624022352703894,0.011896905800381,291.0338447127576,7.995945327467395e-06,0.9330674183825898,0.9568446512794053,0.9786808826087002,501.0,5360.0,267.03285720342467,0.464498521070145,0.9374276765368258,1620.0,0.000576923076923077,0.1063415713013637,False
R2,relu,100,6,50,15000,1.5,50,173,relu_p100_rt6_rs50_n15000_eta1.5_seed173.npz,0.9999999985618504,3.6174039764404387,0.02804870374429403,128.96866854948084,0.0024970288862007305,0.9376235498955591,0.9612343336846124,0.9744407172163526,501.0,4260.0,112.35908171693156,0.3795152383581706,0.8867999889892437,1200.0,0.000576923076923077,0.12235283764261265,False
R2,relu,100,6,50,15000,1.5,50,179,relu_p100_rt6_rs50_n15000_eta1.5_seed179.npz,0.9999999762003771,3.502884233262492,0.01603503646358905,218.4519031943914,0.003073470151881409,0.9406565015825092,0.9560699166264609,0.975599414796933,501.0,5140.0,214.7135225812457,0.3978737378149556,0.8166657573251281,1100.0,0.0005357142857142857,0.14569607128106044,False
R2,relu,100,6,50,15000,1.5,50,181,relu_p100_rt6_rs50_n15000_eta1.5_seed181.npz,0.9999999886887373,3.6209415495105524,0.03550845445742137,101.97406800266309,0.0022781537647953037,0.9353730458676308,0.9510257984800985,0.9727303966218982,501.0,4620.0,97.31866408524513,0.45154570583059006,0.9396629048908148,1500.0,0.0007258064516129033,0.1330372939716041,False
R2,relu,100,6,50,15000,1.5,50,191,relu_p100_rt6_rs50_n15000_eta1.5_seed191.npz,0.9999999973654486,3.6102047668220227,0.028394206539239374,127.14582328028432,0.0023655981788957676,0.9290969226349943,0.953681190137423,0.97439882796759,501.0,4900.0,119.11112174950989,0.4073166628502646,0.9367864839473256,1560.0,0.0008333333333333334,0.1369445800416422,False
R2,relu,100,6,50,15000,1.5,50,193,relu_p100_rt6_rs50_n15000_eta1.5_seed193.npz,0.9999999969797715,3.6015427633782817,0.016540699185427776,217.7382420781349,0.0023861914285316713,0.9251248110222701,0.9509783013788132,0.9731292784077166,501.0,4660.0,203.4815512055841,0.39991149998842457,0.9281047937772678,960.0,0.0009375000000000001,0.1627140104839413,False
R2,relu,100,6,50,15000,1.5,50,197,relu_p100_rt6_rs50_n15000_eta1.5_seed197.npz,0.9999999529348168,3.504684675601439,0.014175258510034356,247.23955990788804,0.00026519826739095336,0.9446154020859833,0.9614128310765608,0.9762099340073557,501.0,4340.0,189.49742070867242,0.3719159095195207,0.9537543019041226,1820.0,0.0016071428571428571,0.10394481628619122,False
R2,relu,100,6,50,15000,1.5,50,199,relu_p100_rt6_rs50_n15000_eta1.5_seed199.npz,0.9999999644394962,3.4622824276001967,0.013536670947237242,255.77059833214227,0.00020479640902840032,0.9417387976581761,0.9597548344248352,0.9788887126389096,501.0,4840.0,238.9089013975434,0.32400186561897115,0.955856007222874,1360.0,0.0011842105263157896,0.13845450636578585,False
R2,relu,100,6,50,15000,1.5,50,211,relu_p100_rt6_rs50_n15000_eta1.5_seed211.npz,0.9999998941609214,3.453847574432933,0.007717757114207181,447.5195997131007,0.0009224067143920603,0.9366856369843409,0.9510585893582303,0.9778049694608907,501.0,5340.0,467.11143494755044,0.35253111124944514,0.903294776974528,1180.0,0.0008333333333333334,0.12892181910455766,False
R2,relu,100,6,50,15000,1.5,50,223,relu_p100_rt6_rs50_n15000_eta1.5_seed223.npz,0.9999999699671264,3.537075651946363,0.018497639535572687,191.21767645781162,0.004657420907620789,0.9380985663049759,0.9529378295628832,0.9738006443563488,501.0,4620.0,157.43843188077471,0.4542230136244697,0.9280190535417729,1480.0,0.0017307692307692308,0.15900927040520627,False
R2,relu,100,6,50,15000,1.5,50,227,relu_p100_rt6_rs50_n15000_eta1.5_seed227.npz,0.9999999938514502,3.604223026391234,0.03779163493934709,95.37092089759435,0.002759947301096029,0.9191654680119414,0.9446139659778107,0.9709517504589446,501.0,4860.0,91.74319807403829,0.39379034030412585,0.8444224300860048,1460.0,0.00035714285714285714,0.17120803314620198,False
R2,relu,100,6,50,15000,1.5,50,229,relu_p100_rt6_rs50_n15000_eta1.5_seed229.npz,0.9999999774079538,3.4588007423154212,0.01823395387369307,189.6901114412484,0.0018311910776717796,0.9466481682596296,0.9570606492109647,0.9783456203978315,501.0,4820.0,188.56468961202586,0.3175482996912823,0.9165764290525195,1180.0,0.0009375000000000001,0.1289874499766161,False
R2,relu,100,6,50,15000,1.5,50,233,relu_p100_rt6_rs50_n15000_eta1.5_seed233.npz,0.9999999454177076,3.473129436692051,0.01593037985378269,218.01924803866822,9.7934386486248e-05,0.9435112642186702,0.9507896746734967,0.9764212674778742,501.0,4820.0,193.6701629310947,0.45757802656328395,0.9496504951739645,1360.0,0.0008333333333333334,0.13552263637414022,False
R2,relu,100,6,50,15000,1.5,50,239,relu_p100_rt6_rs50_n15000_eta1.5_seed239.npz,0.9999999976858104,3.6244351801016546,0.02736964386651162,132.42536869602333,0.0006155317973538599,0.9343639264026957,0.9596948722639427,0.9755618039171622,501.0,4720.0,123.72062007032332,0.3371450198282937,0.9312498381322376,1120.0,0.0009375000000000001,0.14427427450408306,False
R2,relu,100,6,50,15000,1.5,50,241,relu_p100_rt6_rs50_n15000_eta1.5_seed241.npz,0.9999999003730075,3.46334807444466,0.0072379105488266735,478.50108827417023,0.0008135466939335989,0.9438632628232984,0.9673737043473775,0.9807011198995332,501.0,5120.0,466.82734120507894,0.3800637355571296,0.8528325059830755,1020.0,0.0006428571428571428,0.10902563548742163,False
R2,relu,100,6,50,15000,1.5,50,251,relu_p100_rt6_rs50_n15000_eta1.5_seed251.npz,0.9999999754218033,3.5753039975993346,0.021257434563126853,168.1907563672362,0.00027439101168194607,0.9354045751122131,0.957985296741381,0.9758747759429808,501.0,5020.0,160.57997545883669,0.3806367207924961,0.918259171891343,1220.0,0.0006428571428571428,0.1143907002201559,False
R2,relu,100,6,50,15000,1.5,50,257,relu_p100_rt6_rs50_n15000_eta1.5_seed257.npz,0.9999999958443193,3.5701541115406705,0.024754261545537292,144.2238179867781,0.0004908147123101093,0.9122068118327422,0.9598117178273176,0.9761215167282341,501.0,5380.0,141.77657699785308,0.4541433261189597,0.9552108065484187,1680.0,0.0005,0.1654426687056,False
R2,relu,100,6,50,15000,1.5,50,263,relu_p100_rt6_rs50_n15000_eta1.5_seed263.npz,0.9999999431290437,3.486159521311726,0.011665582796496985,298.8414365683103,0.00018610074154662637,0.948592725903903,0.9547699062334732,0.9757895373769508,501.0,4780.0,279.88932997129314,0.4359292267450553,0.9545392318127678,1440.0,0.0022500000000000003,0.12850575633063194,False
R2,relu,100,6,50,15000,1.5,50,269,relu_p100_rt6_rs50_n15000_eta1.5_seed269.npz,0.9999999802420768,3.548851022951257,0.016151014226328756,219.7292983103227,1.1655424118640303e-05,0.9271407639817432,0.9526620272493862,0.9743216763778618,501.0,5900.0,241.5410415001662,0.47456005062586987,0.9196083877659808,1600.0,0.0005487804878048781,0.15262925775134345,False
R2,relu,100,6,50,15000,1.5,50,271,relu_p100_rt6_rs50_n15000_eta1.5_seed271.npz,0.999999802212166,3.3513565937633523,0.009370934472163453,357.6331265274155,1.0805102087142932e-06,0.9513897531322788,0.956434034329286,0.9804501802340119,7870.0,4900.0,340.76949720750616,5.706533863725216e-05,-0.0010494601059783948,860.0,0.000703125,0.12545577777357392,False
R2,relu,100,6,50,15000,1.5,50,277,relu_p100_rt6_rs50_n15000_eta1.5_seed277.npz,0.9999999581388133,3.4449937422970667,0.01462405067372039,235.57041883667466,0.0006756456153122528,0.9287990379357867,0.9513303177710486,0.9782722775335966,501.0,4800.0,221.1454250936858,0.3067248808584975,0.9508506953712007,960.0,0.0018750000000000001,0.13249438776104483,False
R2,relu,100,6,50,15000,1.5,50,281,relu_p100_rt6_rs50_n15000_eta1.5_seed281.npz,0.9999999962279654,3.606338875628588,0.02423694450440879,148.79511214677171,0.0007097644899751838,0.9088632805434446,0.9567773099536818,0.973010246005225,501.0,5300.0,146.44652370865307,0.42293304349904426,0.9170853008676298,1780.0,0.000375,0.13175170428997576,False
R2,relu,100,6,50,15000,1.5,50,283,relu_p100_rt6_rs50_n15000_eta1.5_seed283.npz,0.9999999800990239,3.5066549494953505,0.02096822202533799,167.23663767285134,2.8919931362439095e-05,0.9399459045642556,0.9603526857906761,0.9778987221919709,501.0,5480.0,162.9962947161582,0.3867159931942167,0.8942836585862524,1180.0,0.000576923076923077,0.12622017482698555,False
R2,relu,100,6,50,15000,1.5,50,293,relu_p100_rt6_rs50_n15000_eta1.5_seed293.npz,0.9999998941853384,3.460790974426693,0.01756850409953686,196.98836934659258,0.00031812379901078377,0.9430786829783393,0.9607959381218544,0.9803597064445015,501.0,4640.0,179.10182684264007,0.3793873602794964,0.9607555396315655,1320.0,0.0008035714285714286,0.1082584758169221,False
R2,relu,100,6,50,15000,1.5,50,307,relu_p100_rt6_rs50_n15000_eta1.5_seed307.npz,0.9999999829920917,3.4725813020034284,0.01585118485521998,219.07392625352338,9.56499078857301e-06,0.9320504160942367,0.95187758907993,0.9758369913429091,501.0,4800.0,201.608813453,0.4858888916607784,0.9418680113497033,1520.0,0.0018750000000000001,0.11469879431302675,False
R2,relu,100,6,50,15000,1.5,50,311,relu_p100_rt6_rs50_n15000_eta1.5_seed311.npz,0.9999999390712577,3.440416887134772,0.011578695614723763,297.13337336200897,0.00037043094534790287,0.9230925225383888,0.9503052118308986,0.9770166153850491,501.0,5360.0,307.3355198762694,0.39137099024843514,0.9469134312299001,1180.0,0.00125,0.11397199328832952,False
R2,relu,100,6,50,15000,1.5,50,313,relu_p100_rt6_rs50_n15000_eta1.5_seed313.npz,0.9999999471775775,3.498795041050222,0.0081449195401884,429.5677844067803,0.0015654749071965515,0.9274990237324486,0.9536814344508193,0.977020969214915,501.0,5000.0,397.07908180780834,0.3801042460900269,0.9007512100369879,1980.0,0.00030000000000000003,0.13472461091194074,False
R3,relu,100,8,50,15000,1.5,50,5,relu_p100_rt8_rs50_n15000_eta1.5_seed5.npz,0.9999999998770519,3.753361392263257,0.09183871790575712,40.86905259407992,0.0012860386216266306,0.7089657117499252,0.8998232429221167,0.9391362193860276,501.0,6880.0,41.13458438698976,0.4909388200223587,0.8417346904435954,2940.0,0.0001730769230769231,0.22821817653802845,False
R3,relu,100,8,50,15000,1.5,50,11,relu_p100_rt8_rs50_n15000_eta1.5_seed11.npz,0.9999999998810117,3.806066091923476,0.11241632653786217,33.85688012711909,0.0008869354050379349,0.7184654460113539,0.9070590136491113,0.9416420916528787,501.0,7020.0,35.30790271981166,0.5253541039256673,0.875896584699065,2880.0,0.00022058823529411765,0.17437145204731247,False
R3,relu,100,8,50,15000,1.5,50,23,relu_p100_rt8_rs50_n15000_eta1.5_seed23.npz,0.99999999988513,3.7863627880732014,0.1008612832258788,37.540299577526135,1.832589223813619e-05,0.8025390134739746,0.9192229775445498,0.9498130813328158,501.0,6760.0,38.14479868729471,0.45190250169981117,0.91589338880904,2300.0,0.0022500000000000003,0.22601060857059374,False
R3,relu,100,8,50,15000,1.5,50,37,relu_p100_rt8_rs50_n15000_eta1.5_seed37.npz,0.9999999998806216,3.7768581597481123,0.08695572437789072,43.434267114315624,0.0009076653937171909,0.7877571174696538,0.9140528350670094,0.9433174304133045,501.0,6760.0,43.770086971252006,0.4321421573845261,0.9121517686881185,3120.0,0.00036885245901639344,0.2166277221974084,False
R3,relu,100,8,50,15000,1.5,50,41,relu_p100_rt8_rs50_n15000_eta1.5_seed41.npz,0.9999999998869777,3.7898258959667843,0.08628553037926963,43.92191691131219,8.281147129669064e-05,0.6650206471094187,0.9009424031469603,0.940400496089221,501.0,6920.0,45.01920987728214,0.45438061474671176,0.8999974737792233,3140.0,0.0002142857142857143,0.2090415495789157,False
R3,relu,100,8,50,15000,1.5,50,53,relu_p100_rt8_rs50_n15000_eta1.5_seed53.npz,0.9999999998839798,3.789048294706272,0.09166138363588691,41.33745471002031,6.178384615579901e-05,0.824546334006216,0.9140425580649852,0.9482383056374524,501.0,6540.0,42.59239787703671,0.4604345575163792,0.8997369388740818,2400.0,0.0006081081081081081,0.21923891083440689,False
R3,relu,100,8,50,15000,1.5,50,67,relu_p100_rt8_rs50_n15000_eta1.5_seed67.npz,0.9999999998770042,3.786097104233093,0.09911160251632518,38.20034191869176,0.0007911966932332386,0.6660798826811821,0.8762148142305702,0.9371968693624042,501.0,7000.0,38.99791103318091,0.43412226535085185,0.8452601069413184,2800.0,0.00022058823529411765,0.21245930951568484,False
R3,relu,100,8,50,15000,1.5,50,71,relu_p100_rt8_rs50_n15000_eta1.5_seed71.npz,0.9999999998737702,3.7804171052264475,0.09976960575123829,37.89147082180914,0.0009065975048147934,0.7912035299039014,0.9174718462920861,0.9504465908182155,501.0,6500.0,38.55390363733703,0.4432420734632584,0.91092040841267,2180.0,0.0008035714285714286,0.2279164517899242,False
R3,relu,100,8,50,15000,1.5,50,83,relu_p100_rt8_rs50_n15000_eta1.5_seed83.npz,0.999999999895171,3.7858547179267332,0.09636479256492624,39.28670022691115,0.000974108496695998,0.6386340548934345,0.8995053700666259,0.9451759334953779,501.0,6700.0,40.14437916534084,0.4524292418911882,0.8623830045084067,3440.0,0.00016917293233082708,0.24550782235162302,False
R3,relu,100,8,50,15000,1.5,50,97,relu_p100_rt8_rs50_n15000_eta1.5_seed97.npz,0.9999999998798231,3.7761320601621597,0.10313450340146803,36.61366405637252,0.0022829975123479194,0.7390218830787708,0.9103872130130659,0.9495681524091572,501.0,6860.0,37.69431020059227,0.49083770628413104,0.9030274881147909,3340.0,0.0002922077922077922,0.2089382285905057,False
R3,relu,100,8,50,15000,1.5,50,101,relu_p100_rt8_rs50_n15000_eta1.5_seed101.npz,0.9999999998932846,3.796797784088097,0.09630263989384184,39.42568748139672,0.0006577584236366961,0.8388996751439484,0.9222547753625381,0.9483972705635506,501.0,6260.0,39.59478931499434,0.45130539313791473,0.9191172431160772,2740.0,0.0005921052631578948,0.19516064314050738,False
R3,relu,100,8,50,15000,1.5,50,103,relu_p100_rt8_rs50_n15000_eta1.5_seed103.npz,0.9999999998753575,3.7519320187858503,0.08093706646251485,46.356165138793585,0.00188921459871568,0.7409275080203165,0.9058032721408765,0.9486584714553388,501.0,6800.0,47.389135259847635,0.46081003929136816,0.8837547711056504,3260.0,0.0004166666666666667,0.22269833177587528,False
R3,relu,100,8,50,15000,1.5,50,107,relu_p100_rt8_rs50_n15000_eta1.5_seed107.npz,0.9999999998827934,3.779435158379362,0.07360759370673156,51.345723559955545,0.0002340299943743862,0.6652252066600092,0.9184681555369668,0.9488262800335234,501.0,6920.0,52.771312955342935,0.5077274715620115,0.9149284433833065,3600.0,0.0003358208955223881,0.22533619384618617,False
R3,relu,100,8,50,15000,1.5,50,109,relu_p100_rt8_rs50_n15000_eta1.5_seed109.npz,0.999999999887432,3.7819414222579493,0.10604873752370443,35.66229556870109,2.0581606867586776e-07,0.7051262467795016,0.9115810457821835,0.9502181235136619,501.0,6560.0,37.22157528001356,0.4830014895018479,0.8956845692616663,3180.0,0.00020642201834862386,0.20290120757800123,False
R3,relu,100,8,50,15000,1.5,50,113,relu_p100_rt8_rs50_n15000_eta1.5_seed113.npz,0.9999999999000684,3.8117964419890766,0.10150696107151444,37.552069353190085,8.897478479219934e-06,0.7377517643081436,0.8938578485256604,0.9393985691525579,501.0,6840.0,38.518646454474016,0.4715761597757396,0.8937458065692735,2820.0,0.0006428571428571428,0.1920879138192719,False
R3,relu,100,8,50,15000,1.5,50,127,relu_p100_rt8_rs50_n15000_eta1.5_seed127.npz,0.99999999987901,3.7737304863354804,0.09773910285301689,38.61024273990456,0.0003786392025177198,0.7973221565401775,0.9223253320255165,0.949648639260027,501.0,6480.0,39.49888579684888,0.44221472614762947,0.8917279850061337,3020.0,0.0005357142857142857,0.2374070070949138,False
R3,relu,100,8,50,15000,1.5,50,131,relu_p100_rt8_rs50_n15000_eta1.5_seed131.npz,0.9999999998870656,3.780176657220232,0.08796747950041081,42.972433434364554,0.00045069954898068143,0.7666606362218772,0.9087451926552407,0.9470689872065755,501.0,6480.0,43.780356959386694,0.4959551760720219,0.9086483066989965,2740.0,0.00028125000000000003,0.25504049345413043,False
R3,relu,100,8,50,15000,1.5,50,137,relu_p100_rt8_rs50_n15000_eta1.5_seed137.npz,0.9999999998703174,3.763731397839069,0.10520415687697988,35.77550079356822,0.000158409585476095,0.8114686531844041,0.9214756056290497,0.9470592700336764,501.0,6640.0,36.79243086504473,0.45693993728997456,0.9181613907996453,2400.0,0.0008653846153846154,0.23347746049223297,False
R3,relu,100,8,50,15000,1.5,50,139,relu_p100_rt8_rs50_n15000_eta1.5_seed139.npz,0.9999999998920653,3.803876808380428,0.10297700294837063,36.939090277152175,0.00030926297981395006,0.6695824172981827,0.8989467794849811,0.9389795567101002,501.0,7100.0,38.17349752930517,0.42715576734588956,0.8250696435984297,3200.0,0.00015410958904109589,0.1972950456331761,False
R3,relu,100,8,50,15000,1.5,50,149,relu_p100_rt8_rs50_n15000_eta1.5_seed149.npz,0.9999999998793294,3.7719355768593505,0.10551594477330271,35.747541141419156,2.2054231941578895e-05,0.6462280971522868,0.9076299590926517,0.9421556309850534,501.0,6820.0,36.50516747762168,0.4632466612369031,0.9004580993446387,3280.0,0.000225,0.22970101455054695,False
R3,relu,100,8,50,15000,1.5,50,151,relu_p100_rt8_rs50_n15000_eta1.5_seed151.npz,0.9999999998697853,3.8013794871579525,0.10493716417093225,36.22529269959956,0.0009533934256503371,0.7342878760109675,0.890694629541749,0.942094161438946,501.0,6760.0,37.23631883146606,0.4686080567945053,0.8705740859497575,2640.0,0.00025280898876404496,0.23101495955816387,False
R3,relu,100,8,50,15000,1.5,50,157,relu_p100_rt8_rs50_n15000_eta1.5_seed157.npz,0.9999999998869304,3.7885454425330316,0.10105264262310303,37.490810177653685,0.0003883489123864909,0.7342594783297552,0.9048753335636774,0.9481955994151696,501.0,6860.0,38.127425135080706,0.38470634988994723,0.8436514552679198,2520.0,0.00020642201834862386,0.21956769848834726,False
R3,relu,100,8,50,15000,1.5,50,163,relu_p100_rt8_rs50_n15000_eta1.5_seed163.npz,0.9999999998878323,3.782591862652268,0.10684436164061971,35.40282149258699,0.00025967881071516053,0.7118414721716877,0.9140140922921123,0.9440271927030596,501.0,6740.0,35.95325512401342,0.4173784132244033,0.8727654903952458,3320.0,0.00016544117647058823,0.26110847681620436,False
R3,relu,100,8,50,15000,1.5,50,167,relu_p100_rt8_rs50_n15000_eta1.5_seed167.npz,0.9999999998690119,3.7935658324647186,0.10280499852424467,36.90059711999388,3.902334218583652e-05,0.6605702971893411,0.9012581967041218,0.9464096720542655,501.0,6840.0,37.017804679680985,0.48026536476990983,0.9012420057635576,3660.0,0.0004787234042553192,0.21165672055575854,False
R3,relu,100,8,50,15000,1.5,50,173,relu_p100_rt8_rs50_n15000_eta1.5_seed173.npz,0.9999999998752148,3.766880860027946,0.08051655345668204,46.78393073611292,0.0015349041111067108,0.5755841689470684,0.877997646313084,0.9447846691240698,501.0,6980.0,47.98302697893699,0.5378986354868234,0.8542603250950207,3540.0,0.00015734265734265734,0.18272192666750434,False
R3,relu,100,8,50,15000,1.5,50,179,relu_p100_rt8_rs50_n15000_eta1.5_seed179.npz,0.9999999998871612,3.7900123479403436,0.08561257510351436,44.269341780197955,3.1019776684815175e-06,0.6936045955737627,0.9055839231744299,0.943039721933931,501.0,6860.0,45.058099859193405,0.503490204533277,0.8915199363661668,3660.0,0.0005921052631578948,0.2487950421012566,False
R3,relu,100,8,50,15000,1.5,50,181,relu_p100_rt8_rs50_n15000_eta1.5_seed181.npz,0.9999999998915764,3.8016372333324346,0.09494829301675507,40.03902663802052,0.0030330152614330844,0.7208893892641457,0.9080007032026908,0.946339975086522,501.0,6660.0,41.12829832709513,0.38955737054528894,0.8625584529390796,2900.0,0.0001956521739130435,0.19954567623015254,False
R3,relu,100,8,50,15000,1.5,50,191,relu_p100_rt8_rs50_n15000_eta1.5_seed191.npz,0.999999999880474,3.7767829778267,0.08813884374673787,42.85038034625322,0.00030302179012993457,0.7720172922716819,0.9254202674028648,0.9488437250262868,501.0,6580.0,43.29242549607337,0.5130707290077885,0.9246306055058212,2940.0,0.0010714285714285715,0.23438811474593793,False
R3,relu,100,8,50,15000,1.5,50,193,relu_p100_rt8_rs50_n15000_eta1.5_seed193.npz,0.9999999998868098,3.811058365418747,0.08146695165955502,46.78042184940105,0.010030353660087008,0.6766447024480824,0.8819311788271225,0.935043398982363,501.0,6840.0,48.20270534088224,0.47120102483552173,0.8817859503489244,3180.0,0.0001939655172413793,0.22556294490852186,False
R3,relu,100,8,50,15000,1.5,50,197,relu_p100_rt8_rs50_n15000_eta1.5_seed197.npz,0.9999999998879984,3.7674669616110523,0.09117769145405114,41.32005210407923,0.0006285220795623164,0.7956761768700551,0.9237127060511797,0.9518527214837464,501.0,6740.0,42.71543111903942,0.47512778319035487,0.8985789433249377,2780.0,0.0002368421052631579,0.2101579753860392,False
R3,relu,100,8,50,15000,1.5,50,199,relu_p100_rt8_rs50_n15000_eta1.5_seed199.npz,0.9999999998775972,3.783191316197181,0.09538389303552487,39.662789972182885,0.007479730611807009,0.7235736759595961,0.8943816745503221,0.9401212911884478,501.0,6840.0,40.65202337836276,0.43859019710430713,0.8937509664978461,2860.0,0.000576923076923077,0.22817755645078577,False
R3,relu,100,8,50,15000,1.5,50,211,relu_p100_rt8_rs50_n15000_eta1.5_seed211.npz,0.9999999998923553,3.814173623748511,0.09299833867690865,41.01335225997499,1.1624377340399221e-05,0.7853129737065172,0.90983518621591,0.9485245513360923,501.0,6900.0,42.456150199515115,0.4642122796175474,0.9057089292566718,2580.0,0.0004090909090909091,0.2070528247726404,False
R3,relu,100,8,50,15000,1.5,50,223,relu_p100_rt8_rs50_n15000_eta1.5_seed223.npz,0.9999999998819841,3.755340601870254,0.0998522807818286,37.60896168286285,7.720670044703045e-06,0.6824003350380535,0.9004338112979897,0.9465294348579978,501.0,6580.0,38.1952573487175,0.43896731188032045,0.8775692226122473,2980.0,0.00024725274725274725,0.24759295545794238,False
R3,relu,100,8,50,15000,1.5,50,227,relu_p100_rt8_rs50_n15000_eta1.5_seed227.npz,0.9999999998813447,3.765173474858675,0.09383343623291072,40.12613867739925,7.859181046083437e-05,0.7950752151444366,0.905697506541232,0.9421170247061861,501.0,6680.0,41.28471053831952,0.48155305763364264,0.9055316087816033,2860.0,0.0009782608695652175,0.2411837393088588,False
R3,relu,100,8,50,15000,1.5,50,229,relu_p100_rt8_rs50_n15000_eta1.5_seed229.npz,0.9999999998905713,3.7706922256473003,0.08351036099324195,45.152388048621205,0.0005482537592543565,0.6406828615826282,0.8968491839634377,0.9455965208832149,501.0,6960.0,46.66333530446534,0.4332139262161866,0.8535346547614998,3420.0,0.0001607142857142857,0.20332523419884946,False
R3,relu,100,8,50,15000,1.5,50,233,relu_p100_rt8_rs50_n15000_eta1.5_seed233.npz,0.9999999998922994,3.7987532467471192,0.10062253719719044,37.752509055726605,0.00034110305380102244,0.6858375159486533,0.8972392547936677,0.9434515745747502,501.0,6960.0,38.72100046855513,0.48939438947788366,0.8799061482783633,3540.0,0.00020089285714285714,0.2031474940907046,False
R3,relu,100,8,50,15000,1.5,50,239,relu_p100_rt8_rs50_n15000_eta1.5_seed239.npz,0.9999999998778022,3.7645374624819525,0.08604509276798702,43.75075139534912,6.669492571531623e-05,0.805512716024559,0.9113826997439086,0.947520575892727,501.0,6740.0,45.2465816971272,0.46112740889605647,0.9105319052254589,1880.0,0.0017307692307692308,0.23166346673920757,False
R3,relu,100,8,50,15000,1.5,50,241,relu_p100_rt8_rs50_n15000_eta1.5_seed241.npz,0.9999999998927582,3.809883510306446,0.1037684044762203,36.71525576149264,0.0010009188305940518,0.7608458757376921,0.8919955922837528,0.9392894185168246,501.0,6880.0,37.337395362835714,0.4470678181498429,0.8749410651292842,2560.0,0.0003125,0.22399901039594058,False
R3,relu,100,8,50,15000,1.5,50,251,relu_p100_rt8_rs50_n15000_eta1.5_seed251.npz,0.9999999998832074,3.792090632928689,0.09931879801021339,38.18099603399078,4.007250563978364e-06,0.7922687583033029,0.9081889974484765,0.9460088434774554,501.0,6480.0,39.0773679139302,0.44588582144785016,0.8703238920619252,2500.0,0.0003214285714285714,0.1698784383282065,False
R3,relu,100,8,50,15000,1.5,50,257,relu_p100_rt8_rs50_n15000_eta1.5_seed257.npz,0.999999999879998,3.7894625835701627,0.09358255718831626,40.49325747686745,0.0012785270559992437,0.6974870381504673,0.8955698365063613,0.9404865876508015,501.0,7020.0,42.19721559594906,0.45432251449208844,0.8229125119618073,2740.0,0.00019736842105263157,0.2558455705617856,False
R3,relu,100,8,50,15000,1.5,50,263,relu_p100_rt8_rs50_n15000_eta1.5_seed263.npz,0.9999999998684106,3.8089773577724495,0.09290870835167847,40.99698968319192,0.001353699545307095,0.7839165499599375,0.9177147404584649,0.9470431894471998,501.0,6520.0,41.099854201007076,0.424743139316594,0.9056167349729018,2920.0,0.0002710843373493976,0.2116540215702776,False
R3,relu,100,8,50,15000,1.5,50,269,relu_p100_rt8_rs50_n15000_eta1.5_seed269.npz,0.9999999998942947,3.801549187302288,0.09374470855714669,40.55214684447888,6.193403244582179e-06,0.6979662727574847,0.9096539933701272,0.9466404190683153,501.0,6780.0,41.105095681086965,0.5310157893889156,0.8973771604375812,3260.0,0.0022500000000000003,0.2378730495907879,False
R3,relu,100,8,50,15000,1.5,50,271,relu_p100_rt8_rs50_n15000_eta1.5_seed271.npz,0.9999999998919992,3.7974941880657913,0.11784518310584827,32.22443283621437,0.0005798405599797242,0.7848854551344827,0.9186070778024445,0.948242124238502,501.0,6680.0,33.06161588737582,0.4469032663650403,0.9120921536068515,2540.0,0.00030821917808219177,0.1889586246136578,False
R3,relu,100,8,50,15000,1.5,50,277,relu_p100_rt8_rs50_n15000_eta1.5_seed277.npz,0.999999999889319,3.790288944719848,0.11965581680774556,31.67659580486433,0.00011587856217038865,0.6739947718795885,0.915046765631526,0.9451298003395021,501.0,6880.0,32.85671375406139,0.47154376326535064,0.91003533048475,2920.0,0.00045,0.26952884634926016,False
R3,relu,100,8,50,15000,1.5,50,281,relu_p100_rt8_rs50_n15000_eta1.5_seed281.npz,0.9999999998870422,3.7837987633480528,0.10272305037270199,36.834953300350726,0.0028621900105880427,0.7548274085431688,0.9151969433294165,0.9501971229087239,501.0,6900.0,37.8429050058947,0.4455581668130343,0.9122244447531224,2360.0,0.0005232558139534884,0.23528145116027632,False
R3,relu,100,8,50,15000,1.5,50,283,relu_p100_rt8_rs50_n15000_eta1.5_seed283.npz,0.9999999998804789,3.7995516141990766,0.09447002361354899,40.219653482272875,0.002469834564300652,0.8025387294478151,0.9112985440100765,0.9496641241244608,501.0,6580.0,41.196035954191736,0.4855725652377806,0.9102217349806321,2020.0,0.0004411764705882353,0.20407263059850858,False
R3,relu,100,8,50,15000,1.5,50,293,relu_p100_rt8_rs50_n15000_eta1.5_seed293.npz,0.9999999998803648,3.7973263341844676,0.10091564076621116,37.62871944678667,0.00589367236416689,0.8114098391169107,0.9168773996064054,0.9496415291713272,501.0,6580.0,39.23073467149646,0.44738300009312537,0.8955518373473479,2100.0,0.00030000000000000003,0.2072271268287968,False
R3,relu,100,8,50,15000,1.5,50,307,relu_p100_rt8_rs50_n15000_eta1.5_seed307.npz,0.999999999882863,3.784878629839665,0.10450517974042146,36.21713908574539,0.0014151132397931367,0.688582169917216,0.9015764890307628,0.9480343095162256,501.0,6960.0,37.00112538486866,0.4735740535685675,0.8716202453920731,3060.0,0.0002295918367346939,0.20750827671310018,False
R3,relu,100,8,50,15000,1.5,50,311,relu_p100_rt8_rs50_n15000_eta1.5_seed311.npz,0.9999999998924607,3.7841003153995567,0.10216621090809853,37.03866749843022,0.00010713663471884298,0.7700387611189594,0.9208023863937548,0.9493643574834663,501.0,6420.0,37.2071215358849,0.4989914217466459,0.9141293834916312,3160.0,0.0006081081081081081,0.18553879978356733,False
R3,relu,100,8,50,15000,1.5,50,313,relu_p100_rt8_rs50_n15000_eta1.5_seed313.npz,0.9999999998839563,3.807704802680151,0.09950106278744605,38.267981225629335,0.0006337120717940525,0.7581010408740916,0.8962127834156011,0.9387293311501184,501.0,6820.0,39.07033332724014,0.4615285475197416,0.8961950234530183,3060.0,0.0004326923076923077,0.2138098792935056,False
R4,relu,100,8,50,15000,1.0,50,5,relu_p100_rt8_rs50_n15000_eta1.0_seed5.npz,0.999999999947244,1.709663633933743,0.15596530839207148,10.96181998137641,0.0012860386216266306,0.5508870832168442,0.8399322757811322,0.9232860002540523,505.0,7220.0,11.305773386106846,0.3690763845249029,0.7558049182490547,3880.0,0.00012640449438202248,0.19601435778556503,False
R4,relu,100,8,50,15000,1.0,50,11,relu_p100_rt8_rs50_n15000_eta1.0_seed11.npz,0.9999999999496556,1.7207749167685575,0.12840287534139963,13.40137370127681,0.0008869354050379349,0.40220393311727387,0.8386727533685916,0.9252271777306347,505.0,7400.0,13.966580854186944,0.42334545665007794,0.80719857200545,4540.0,0.00012162162162162163,0.14904667283033782,False
R4,relu,100,8,50,15000,1.0,50,23,relu_p100_rt8_rs50_n15000_eta1.0_seed23.npz,0.9999999999234945,1.7082935108243609,0.1285031116998563,13.293791008068418,1.832589223813619e-05,0.7132149098925816,0.8870637872306469,0.9459345788537197,506.0,6760.0,13.546086502210244,0.316174884634562,0.8865479665379138,2480.0,0.000625,0.20468369907158893,False
R4,relu,100,8,50,15000,1.0,50,37,relu_p100_rt8_rs50_n15000_eta1.0_seed37.npz,0.9999999999254612,1.7071799675985222,0.12791503408051016,13.34620265608511,0.0009076653937171909,0.7481805773873274,0.8845767373184645,0.9397591587801193,506.0,6920.0,13.509591793962201,0.2906909429074833,0.7417281803820593,2000.0,0.00024193548387096774,0.1953121447380635,False
R4,relu,100,8,50,15000,1.0,50,41,relu_p100_rt8_rs50_n15000_eta1.0_seed41.npz,0.9999999999341332,1.7165628068873549,0.12565645326024494,13.66076124504494,8.281147129669064e-05,0.3140116571978591,0.8566837175262645,0.9331446015139694,505.0,7080.0,14.227941330068921,0.30761969847367754,0.8060736308888922,4360.0,0.00011083743842364533,0.1876502372936443,False
R4,relu,100,8,50,15000,1.0,50,53,relu_p100_rt8_rs50_n15000_eta1.0_seed53.npz,0.9999999999488699,1.7143047857035862,0.11383621818841375,15.059396850887904,6.178384615579901e-05,0.7861193786478156,0.8920771094761147,0.9448543862416923,507.0,6440.0,15.153303687918253,0.29147349625323904,0.8903355791322999,1800.0,0.0005113636363636364,0.18063383916541262,False
R4,relu,100,8,50,15000,1.0,50,67,relu_p100_rt8_rs50_n15000_eta1.0_seed67.npz,0.9999999999465196,1.711435218889395,0.12603860593771934,13.578658746313671,0.0007911966932332386,0.6759879976858908,0.8526231902646592,0.9287692860259074,505.0,7020.0,13.875333643732818,0.3390923629103618,0.7535476045148048,2820.0,0.0001717557251908397,0.18913488009173898,False
R4,relu,100,8,50,15000,1.0,50,71,relu_p100_rt8_rs50_n15000_eta1.0_seed71.npz,0.9999999999474071,1.7118762797088027,0.12548926641145763,13.641615164884747,0.0009065975048147934,0.7405773015272914,0.8932530704117612,0.9421545905339165,506.0,6720.0,13.856352413886288,0.3680416322140111,0.8422225195754118,2360.0,0.0002393617021276596,0.18199403637655037,False
R4,relu,100,8,50,15000,1.0,50,83,relu_p100_rt8_rs50_n15000_eta1.0_seed83.npz,0.9999999999432522,1.7185292054689034,0.11520605657125726,14.917003989334177,0.000974108496695998,0.31851848524340853,0.8738798807940616,0.935491500683751,506.0,7040.0,15.317633885288625,0.32836585881774194,0.8461397606039176,4360.0,0.0002777777777777778,0.1913697687181645,False
R4,relu,100,8,50,15000,1.0,50,97,relu_p100_rt8_rs50_n15000_eta1.0_seed97.npz,0.9999999999468264,1.7158820206293819,0.10539601635079053,16.28033088953188,0.0022829975123479194,7.854461679444744e-05,0.8733177540285424,0.9314640550861113,505.0,7200.0,16.66200195271372,0.3657797705232788,0.8731712677794017,5220.0,0.0010227272727272728,0.18971706292523063,False
R4,relu,100,8,50,15000,1.0,50,101,relu_p100_rt8_rs50_n15000_eta1.0_seed101.npz,0.9999999999405735,1.7199598562838845,0.135425986762375,12.70036790872205,0.0006577584236366961,0.4912570631834394,0.8859716774942682,0.9355426434636037,506.0,6900.0,12.97212592760596,0.32922826577945574,0.8854005533994815,4060.0,0.00030821917808219177,0.1673169896191712,False
R4,relu,100,8,50,15000,1.0,50,103,relu_p100_rt8_rs50_n15000_eta1.0_seed103.npz,0.999999999939768,1.698561396584698,0.1381138645067481,12.298268552913514,0.00188921459871568,0.6359235644769141,0.8410216775912307,0.9251985326426789,506.0,7120.0,12.68154122166122,0.3119470766453609,0.7157912917437206,3260.0,0.00014331210191082804,0.2008719679991615,False
R4,relu,100,8,50,15000,1.0,50,107,relu_p100_rt8_rs50_n15000_eta1.0_seed107.npz,0.999999999939742,1.7102435570671204,0.13946554016273438,12.262839659686076,0.0002340299943743862,0.1365249094699015,0.790245539961053,0.9289019262817255,503.0,7300.0,12.45200750002534,0.4041615240530477,0.7901329580011444,5560.0,0.00015625,0.18781990317494207,False
R4,relu,100,8,50,15000,1.0,50,109,relu_p100_rt8_rs50_n15000_eta1.0_seed109.npz,0.9999999999431655,1.7161063433635302,0.11522557309735515,14.893450275257699,2.0581606867586776e-07,0.4888290208676031,0.8589262270178213,0.9339880238960996,506.0,7320.0,15.359804178524753,0.35268912883931103,0.8233388040405416,4020.0,0.00015734265734265734,0.16955704401140387,False
R4,relu,100,8,50,15000,1.0,50,113,relu_p100_rt8_rs50_n15000_eta1.0_seed113.npz,0.9999999999374641,1.7217786859663022,0.12767108502931643,13.486050389333963,8.897478479219934e-06,0.7236247986125531,0.8656326316786725,0.9267618583867068,506.0,7060.0,13.849031196049005,0.37373488457401327,0.8617057944997109,3480.0,0.0010227272727272728,0.16605400315212496,False
R4,relu,100,8,50,15000,1.0,50,127,relu_p100_rt8_rs50_n15000_eta1.0_seed127.npz,0.9999999999426302,1.7157701335752458,0.11803562998351738,14.536035719170878,0.0003786392025177198,0.7199923768451162,0.8791284644630024,0.9359076583085975,506.0,7060.0,14.754316181107626,0.366749504061485,0.8626508945860503,3420.0,0.0003125,0.22180740819445383,False
R4,relu,100,8,50,15000,1.0,50,131,relu_p100_rt8_rs50_n15000_eta1.0_seed131.npz,0.999999999942996,1.7114692335787185,0.11122278027832731,15.387758059058452,0.00045069954898068143,0.5942640849197245,0.879589807810028,0.9390285679728454,503.0,6900.0,15.641589202332215,0.3859149962197336,0.865330485676535,3520.0,0.00016917293233082708,0.184249841110142,False
R4,relu,100,8,50,15000,1.0,50,137,relu_p100_rt8_rs50_n15000_eta1.0_seed137.npz,0.9999999999458674,1.7072368806206903,0.12996861287526498,13.135762880374664,0.000158409585476095,0.5861902590806896,0.870909126714553,0.9312603785093769,506.0,7260.0,13.404264605775335,0.3619638487275838,0.8283992453511984,3600.0,0.00015625,0.2043433483930687,False
R4,relu,100,8,50,15000,1.0,50,139,relu_p100_rt8_rs50_n15000_eta1.0_seed139.npz,0.9999999999414383,1.7129006047977389,0.12276760421418595,13.952382762225566,0.00030926297981395006,0.5561991772094806,0.831787284013083,0.9277065821019046,505.0,7280.0,14.14969496836686,0.35469699360325724,0.7899824945982497,3680.0,0.00015000000000000001,0.1553741340295636,False
R4,relu,100,8,50,15000,1.0,50,149,relu_p100_rt8_rs50_n15000_eta1.0_seed149.npz,0.9999999999444983,1.7082827906786406,0.12664605087525865,13.488638444488345,2.2054231941578895e-05,0.47109864889835606,0.7950484285018217,0.9295049306096647,506.0,7060.0,13.92501660140045,0.30196497895411345,0.7238126042839022,4280.0,0.00011538461538461538,0.21398347254603392,False
R4,relu,100,8,50,15000,1.0,50,151,relu_p100_rt8_rs50_n15000_eta1.0_seed151.npz,0.9999999999474951,1.7137914870040367,0.17015800867946798,10.07176506297955,0.0009533934256503371,0.6036705633119387,0.8131423427561656,0.9232036748847052,505.0,7260.0,10.525141178950928,0.3106848305857113,0.7772487475524663,3240.0,0.00017045454545454547,0.17952489439404246,False
R4,relu,100,8,50,15000,1.0,50,157,relu_p100_rt8_rs50_n15000_eta1.0_seed157.npz,0.9999999999366528,1.7152798825474482,0.13466764345874907,12.737134462985289,0.0003883489123864909,0.5144721185344164,0.8509253675627266,0.9395164468722533,506.0,7020.0,13.067682503171856,0.27756302674380773,0.8333604506972343,3940.0,0.0001490066225165563,0.19721925139180277,False
R4,relu,100,8,50,15000,1.0,50,163,relu_p100_rt8_rs50_n15000_eta1.0_seed163.npz,0.9999999999400889,1.712623745225879,0.14486955648624839,11.821833287578597,0.00025967881071516053,0.4392816291908501,0.8424512267893168,0.9341896965074513,505.0,7260.0,11.98547556283608,0.2864107697419508,0.7727347565597358,4300.0,0.00011306532663316583,0.20288123422192367,False
R4,relu,100,8,50,15000,1.0,50,167,relu_p100_rt8_rs50_n15000_eta1.0_seed167.npz,0.9999999999351707,1.7147941484877978,0.11592227560339105,14.792619792546889,3.902334218583652e-05,0.25716409735082096,0.7719054402356742,0.9214369808710081,505.0,7340.0,15.248060111751563,0.3545556236169618,0.7535131393543569,5200.0,0.00011029411764705883,0.162054781878062,False
R4,relu,100,8,50,15000,1.0,50,173,relu_p100_rt8_rs50_n15000_eta1.0_seed173.npz,0.9999999999401834,1.7074893226098327,0.11474150625940728,14.881182740877966,0.0015349041111067108,0.4187675664812821,0.8089495017947452,0.9183129346443085,505.0,7460.0,15.287771583691262,0.4084096106878111,0.7452879547237965,4500.0,0.00010922330097087379,0.15819668386954855,False
R4,relu,100,8,50,15000,1.0,50,179,relu_p100_rt8_rs50_n15000_eta1.0_seed179.npz,0.9999999999520632,1.7172894874727809,0.10589024484117132,16.2176363842449,3.1019776684815175e-06,0.012964499034659552,0.8026542755949535,0.9274722758622127,505.0,7220.0,16.6047272934803,0.35526692049627706,0.7949947138503894,4680.0,0.0011250000000000001,0.18270087040036617,False
R4,relu,100,8,50,15000,1.0,50,181,relu_p100_rt8_rs50_n15000_eta1.0_seed181.npz,0.999999999946064,1.7176553654989866,0.10221756737587077,16.803915506841264,0.0030330152614330844,0.6731451982085052,0.8586158781934323,0.9356113844086442,505.0,7000.0,17.07629108382671,0.24547321756667784,0.7313525412134282,2760.0,0.00016917293233082708,0.17047958501449187,False
R4,relu,100,8,50,15000,1.0,50,191,relu_p100_rt8_rs50_n15000_eta1.0_seed191.npz,0.9999999999446569,1.7142644791608284,0.1263702183135257,13.565415190687744,0.00030302179012993457,0.13062231515338535,0.820321573353534,0.9147453580190237,505.0,7420.0,14.193942775499277,0.40161862213976685,0.8195284316083881,5400.0,0.00021226415094339622,0.21162521024759295,False
R4,relu,100,8,50,15000,1.0,50,193,relu_p100_rt8_rs50_n15000_eta1.0_seed193.npz,0.9999999999310616,1.7219888854455754,0.13933917259726267,12.35825398807775,0.010030353660087008,0.7782894375397157,0.8809852452045693,0.9379555373949477,506.0,6760.0,12.467778471869206,0.29415051187110897,0.7668882676963747,1520.0,0.00032608695652173916,0.17435481043646694,False
R4,relu,100,8,50,15000,1.0,50,197,relu_p100_rt8_rs50_n15000_eta1.0_seed197.npz,0.9999999999353316,1.707678505745448,0.12027945518149714,14.197590961553873,0.0006285220795623164,0.725531593998235,0.8939748329425626,0.9403835489921004,505.0,6900.0,14.331912606252077,0.3272642115952259,0.825060577216995,2980.0,0.00016917293233082708,0.21128692639371008,False
R4,relu,100,8,50,15000,1.0,50,199,relu_p100_rt8_rs50_n15000_eta1.0_seed199.npz,0.9999999999339861,1.7143379162486416,0.12346175241413643,13.88557899695217,0.007479730611807009,0.006401609450048456,0.8314274180918858,0.9244430192567986,506.0,7220.0,14.190678264177313,0.3288543684327173,0.8082057369502813,4460.0,0.0020454545454545456,0.1978393078521273,False
R4,relu,100,8,50,15000,1.0,50,211,relu_p100_rt8_rs50_n15000_eta1.0_seed211.npz,0.9999999999450967,1.7152377193759882,0.1246646015917337,13.758819243599321,1.1624377340399221e-05,0.5981035502872832,0.8249041706715367,0.9240437107588368,505.0,7100.0,14.064768999301334,0.3501457293316208,0.814459218867766,3240.0,0.0001939655172413793,0.17232650306868222,False
R4,relu,100,8,50,15000,1.0,50,223,relu_p100_rt8_rs50_n15000_eta1.0_seed223.npz,0.999999999940116,1.6953303761802314,0.11955064111815997,14.180855579892892,7.720670044703045e-06,0.5357496588055762,0.8716085126026445,0.934445481681599,506.0,7100.0,14.608346171858416,0.32979079543718715,0.8715561726558336,3880.0,0.0005921052631578948,0.20463396933931355,False
R4,relu,100,8,50,15000,1.0,50,227,relu_p100_rt8_rs50_n15000_eta1.0_seed227.npz,0.9999999999479516,1.7007737106585357,0.12012245844652622,14.158665520616639,7.859181046083437e-05,0.6816718345334511,0.8526986328616342,0.9259402927983127,506.0,6980.0,14.283001142096325,0.36552925191304186,0.8504876151220747,2660.0,0.00033088235294117646,0.17869606627336806,False
R4,relu,100,8,50,15000,1.0,50,229,relu_p100_rt8_rs50_n15000_eta1.0_seed229.npz,0.9999999999469898,1.709393215069765,0.1378009828004833,12.40479697844194,0.0005482537592543565,0.4665758321498882,0.7800446074677869,0.922741538600551,506.0,7360.0,12.83041628720272,0.3528661449985133,0.7238593696391007,4280.0,0.00011658031088082901,0.166472532565797,False
R4,relu,100,8,50,15000,1.0,50,233,relu_p100_rt8_rs50_n15000_eta1.0_seed233.npz,0.9999999999410005,1.7217705962026988,0.11868236634537868,14.507383440537053,0.00034110305380102244,0.5547489478258792,0.8557326030894846,0.9283412986756816,506.0,7120.0,14.655607830894043,0.3483359113940917,0.8469923409628634,3700.0,0.0002556818181818182,0.1851856272067972,False
R4,relu,100,8,50,15000,1.0,50,239,relu_p100_rt8_rs50_n15000_eta1.0_seed239.npz,0.9999999999416415,1.7132328877912868,0.11905612621662065,14.390127935744255,6.669492571531623e-05,0.6694021897958493,0.8795232881068007,0.935244969286161,506.0,7020.0,14.747689411145272,0.32516309109139885,0.799303631458453,2960.0,0.00016304347826086958,0.18716338131392732,False
R4,relu,100,8,50,15000,1.0,50,241,relu_p100_rt8_rs50_n15000_eta1.0_seed241.npz,0.9999999999458019,1.723892694465596,0.14959201310399348,11.523962133373919,0.0010009188305940518,0.6582479517750983,0.8331168732475144,0.9316397924456341,505.0,6880.0,11.848711194263663,0.30881810829716927,0.8148216558215228,2420.0,0.00028125000000000003,0.20852829809094878,False
R4,relu,100,8,50,15000,1.0,50,251,relu_p100_rt8_rs50_n15000_eta1.0_seed251.npz,0.999999999932767,1.7188566797033953,0.1373918167141879,12.510619051490393,4.007250563978364e-06,0.6244589277940387,0.8852786106960576,0.9373849582331484,505.0,7040.0,12.762974222723956,0.34704230073661035,0.8218090110246564,3320.0,0.00015625,0.15975699056749768,False
R4,relu,100,8,50,15000,1.0,50,257,relu_p100_rt8_rs50_n15000_eta1.0_seed257.npz,0.9999999999403313,1.7159262428070807,0.11981669506949215,14.321261672355972,0.0012785270559992437,0.4419693006863266,0.807620785279104,0.925249456607139,506.0,7340.0,14.772398660838034,0.2992046115869331,0.6830330507640591,4500.0,0.00010321100917431193,0.23280803543828824,False
R4,relu,100,8,50,15000,1.0,50,263,relu_p100_rt8_rs50_n15000_eta1.0_seed263.npz,0.9999999999358569,1.7178140797456323,0.13032470081396574,13.181032214282661,0.001353699545307095,0.6369730393742861,0.9130657197891928,0.9443702209037022,505.0,6520.0,13.408518500477893,0.3180417192613335,0.8884930419310463,3480.0,0.00016423357664233578,0.1615956104370819,False
R4,relu,100,8,50,15000,1.0,50,269,relu_p100_rt8_rs50_n15000_eta1.0_seed269.npz,0.9999999999410148,1.7231799095027698,0.13944255824219712,12.357632642609632,6.193403244582179e-06,0.5853772613568515,0.8868121909073674,0.9358974295506035,505.0,7100.0,12.436686718023404,0.3654605463723326,0.8166752392958391,3560.0,0.00014062500000000002,0.20865837131311357,False
R4,relu,100,8,50,15000,1.0,50,271,relu_p100_rt8_rs50_n15000_eta1.0_seed271.npz,0.9999999999489677,1.7188757816800584,0.1431144665609844,12.0104963738771,0.0005798405599797242,0.787778400581763,0.8910996005191378,0.9392548925618247,505.0,6820.0,12.156802377542444,0.29966524714076703,0.745520688755837,1940.0,0.0002586206896551724,0.16005963650534183,False
R4,relu,100,8,50,15000,1.0,50,277,relu_p100_rt8_rs50_n15000_eta1.0_seed277.npz,0.9999999999419743,1.7103922511357799,0.12201545718010257,14.017832581745214,0.00011587856217038865,0.6033563869049642,0.8236694552354844,0.9229192731334586,505.0,7180.0,14.42700648882889,0.3772966411640486,0.8163299949957893,3400.0,0.0004411764705882353,0.2073552808673391,False
R4,relu,100,8,50,15000,1.0,50,281,relu_p100_rt8_rs50_n15000_eta1.0_seed281.npz,0.999999999943823,1.7126619975021702,0.12589944138210982,13.603412205016644,0.0028621900105880427,0.654897864860561,0.8562102879934216,0.9302240401747367,506.0,7180.0,13.878203234821862,0.2994684570203269,0.6739988569285636,2320.0,0.00021226415094339622,0.20852002193156624,False
R4,relu,100,8,50,15000,1.0,50,283,relu_p100_rt8_rs50_n15000_eta1.0_seed283.npz,0.9999999999356202,1.717123684362554,0.11155041136098294,15.393252820967664,0.002469834564300652,0.5963700109089829,0.8743420523604575,0.937548623567939,505.0,7060.0,15.700101342453896,0.33416679929741666,0.8625351547597134,3140.0,0.00025,0.16908687548033186,False
R4,relu,100,8,50,15000,1.0,50,293,relu_p100_rt8_rs50_n15000_eta1.0_seed293.npz,0.9999999999386946,1.722407250050668,0.09534033941630105,18.065881248123343,0.00589367236416689,0.7089208585798414,0.8671549878010513,0.942527067862361,505.0,6780.0,18.388474769435195,0.3123630329265016,0.8667344024958259,2760.0,0.0013235294117647058,0.16422256265248,False
R4,relu,100,8,50,15000,1.0,50,307,relu_p100_rt8_rs50_n15000_eta1.0_seed307.npz,0.9999999999449227,1.7128018109687924,0.11588409635835649,14.780300876422038,0.0014151132397931367,0.48043898529848905,0.8136982316781606,0.9213301341908993,505.0,7400.0,15.336661169324389,0.3534570488444273,0.7657263678867515,4120.0,0.0001293103448275862,0.21886853777288282,False
R4,relu,100,8,50,15000,1.0,50,311,relu_p100_rt8_rs50_n15000_eta1.0_seed311.npz,0.9999999999434431,1.7155862394116927,0.10562028078247929,16.242962305173887,0.00010713663471884298,0.6694660888468297,0.8536656019882118,0.9320847895157547,505.0,6900.0,16.55325204745621,0.35249004625836466,0.8337495163617962,3200.0,0.0003214285714285714,0.14748620137706436,False
R4,relu,100,8,50,15000,1.0,50,313,relu_p100_rt8_rs50_n15000_eta1.0_seed313.npz,0.9999999999426336,1.7184513518540454,0.1288144649384167,13.340515389134275,0.0006337120717940525,0.5657372657577764,0.8943288003129677,0.9333726652364023,506.0,7060.0,13.416112814715856,0.3675728973409482,0.8365074092497735,3680.0,0.0001308139534883721,0.19072185941640343,False
R10,relu,100,8,50,15000,1.25,50,5,relu_p100_rt8_rs50_n15000_eta1.25_seed5.npz,0.9999999999203707,2.624895183731031,0.10222040169371191,25.67877977623425,0.0012860386216266455,0.6146888376155648,0.8541185129324199,0.9266902740184221,502.0,7160.0,26.59041674523406,0.40811542199084394,0.844147632908873,3400.0,0.0002586206896551724,0.22683434501498176,False
R10,relu,100,8,50,15000,1.25,50,11,relu_p100_rt8_rs50_n15000_eta1.25_seed11.npz,0.9999999999216025,2.6577175044070986,0.09802533317400562,27.11255772718835,0.0008869354050379489,0.4371187286584684,0.8281770638118024,0.9195188550856748,502.0,7200.0,27.442266948698798,0.4970552381705403,0.8083518986341314,4280.0,0.0002616279069767442,0.1676993556536976,False
R10,relu,100,8,50,15000,1.25,50,23,relu_p100_rt8_rs50_n15000_eta1.25_seed23.npz,0.99999999991381,2.637671760776728,0.10591908620578079,24.902705029499874,1.8325892238138863e-05,0.684548736269793,0.8766474292740587,0.9358874516634766,502.0,7000.0,25.127531444837462,0.36666889377469625,0.8674345778116419,3100.0,0.000375,0.2072203391713775,False
R10,relu,100,8,50,15000,1.25,50,37,relu_p100_rt8_rs50_n15000_eta1.25_seed37.npz,0.9999999999236764,2.6293050458998097,0.12440004033814449,21.135885798371337,0.0009076653937171213,0.760112448056924,0.8860515700595722,0.9345851118005193,502.0,6680.0,21.59096445364091,0.43122100463858737,0.8430597990316966,2900.0,0.00020642201834862386,0.21361532289676802,False
R10,relu,100,8,50,15000,1.25,50,41,relu_p100_rt8_rs50_n15000_eta1.25_seed41.npz,0.999999999912663,2.6441823806334925,0.10178812325234414,25.97731735438592,8.281147129669247e-05,0.44585658000338924,0.8589028586184599,0.9259445542552844,502.0,7000.0,26.43375475594404,0.3820202580766697,0.8548426261715338,4120.0,0.0001859504132231405,0.1936997654107585,False
R10,relu,100,8,50,15000,1.25,50,53,relu_p100_rt8_rs50_n15000_eta1.25_seed53.npz,0.9999999999275914,2.6504886910434213,0.09554571109113154,27.740530273675855,6.178384615579901e-05,0.7255124110676465,0.8593514197588933,0.9369583010571074,502.0,6880.0,28.358575447799115,0.3563656587873827,0.8559786399844107,2860.0,0.0005357142857142857,0.20408193054406445,False
R10,relu,100,8,50,15000,1.25,50,67,relu_p100_rt8_rs50_n15000_eta1.25_seed67.npz,0.9999999999324858,2.644793932279697,0.1224338938808663,21.60181178957847,0.0007911966932332386,0.5928003375069932,0.8669342017925651,0.9269619179021347,502.0,7080.0,22.091814534453157,0.3869858923749314,0.864784423167855,3720.0,0.0003169014084507042,0.1981889128424544,False
R10,relu,100,8,50,15000,1.25,50,71,relu_p100_rt8_rs50_n15000_eta1.25_seed71.npz,0.9999999999250645,2.6358464052916344,0.1071633281219273,24.59653364155176,0.0009065975048147934,0.7044307840854743,0.8915717348541143,0.9361005612596391,502.0,6700.0,25.24805787106936,0.39315899025695566,0.8793778313895546,2760.0,0.0006081081081081081,0.20516988949818168,False
R10,relu,100,8,50,15000,1.25,50,83,relu_p100_rt8_rs50_n15000_eta1.25_seed83.npz,0.9999999999286455,2.6427613486521264,0.0880270515047822,30.022150049051167,0.000974108496695998,0.34592773296499596,0.8812889367675445,0.9324128893278045,502.0,7220.0,30.995295823863692,0.40997301424122945,0.8397360854892627,4280.0,0.00018442622950819672,0.2215325170108791,False
R10,relu,100,8,50,15000,1.25,50,97,relu_p100_rt8_rs50_n15000_eta1.25_seed97.npz,0.9999999999157312,2.6356975448688353,0.1024555342870406,25.725282320861602,0.0022829975123479194,0.237902037588671,0.8371442705144895,0.9307024432202703,502.0,7120.0,25.984734275024703,0.4541961350333543,0.8365657537000332,4860.0,0.0002295918367346939,0.18730831209894777,False
R10,relu,100,8,50,15000,1.25,50,101,relu_p100_rt8_rs50_n15000_eta1.25_seed101.npz,0.9999999999329472,2.6524538900845642,0.11216943759637768,23.64685021983404,0.0006577584236366961,0.7399758593361424,0.9021439261607553,0.9358069464989758,502.0,6820.0,24.01419236121253,0.399268987549267,0.897205828003339,3480.0,0.0011250000000000001,0.1898703972298361,False
R10,relu,100,8,50,15000,1.25,50,103,relu_p100_rt8_rs50_n15000_eta1.25_seed103.npz,0.9999999999202166,2.6172086243131476,0.08851487939297178,29.56800757411367,0.00188921459871568,0.5616361360745132,0.8429721759221454,0.9245428193470253,502.0,7100.0,29.749179540858133,0.41543192323439815,0.7979384819607745,3700.0,0.00014423076923076924,0.20398764944433076,False
R10,relu,100,8,50,15000,1.25,50,107,relu_p100_rt8_rs50_n15000_eta1.25_seed107.npz,0.9999999999228883,2.6359792601203216,0.10498340694775699,25.108532260074842,0.0002340299943743862,0.16825314410995762,0.8567915827197486,0.9298670288600399,502.0,7260.0,25.90147728412369,0.46424748378292496,0.8532368943631776,5300.0,0.00016423357664233578,0.21550887771157826,False
R10,relu,100,8,50,15000,1.25,50,109,relu_p100_rt8_rs50_n15000_eta1.25_seed109.npz,0.9999999999114054,2.645817127295652,0.10832118459170385,24.42566647760138,2.0581606867586776e-07,0.49262052982591353,0.8510401750107445,0.9322070496594586,502.0,7060.0,24.78699878262411,0.40689173292606173,0.847793648475568,4080.0,0.0011250000000000001,0.22061607167839106,False
R10,relu,100,8,50,15000,1.25,50,113,relu_p100_rt8_rs50_n15000_eta1.25_seed113.npz,0.9999999999269629,2.658880627635101,0.0997042875279053,26.667665890405484,8.897478479219934e-06,0.6929455182213267,0.863230673095117,0.9237981214647398,502.0,7160.0,26.998947905805093,0.4491426044048277,0.8625286412609066,3580.0,0.00030000000000000003,0.1773063361252567,False
R10,relu,100,8,50,15000,1.25,50,127,relu_p100_rt8_rs50_n15000_eta1.25_seed127.npz,0.99999999992292,2.6375690234521727,0.07709267410687227,34.21296581041871,0.0003786392025177198,0.6065136549355135,0.8948270360290402,0.9330844736665506,502.0,7080.0,36.00037481058432,0.4188626663208105,0.8674346746374104,3520.0,0.00020089285714285714,0.2203337996368553,False
R10,relu,100,8,50,15000,1.25,50,131,relu_p100_rt8_rs50_n15000_eta1.25_seed131.npz,0.9999999999262064,2.635787038549491,0.1085972055062436,24.271223428469813,0.00045069954898068143,0.7237715210217287,0.8881937096226589,0.9384897682726034,502.0,6840.0,24.440770482810855,0.4718111326925998,0.8881891676788054,3160.0,0.0006617647058823529,0.20857858025626785,False
R10,relu,100,8,50,15000,1.25,50,137,relu_p100_rt8_rs50_n15000_eta1.25_seed137.npz,0.9999999999213844,2.6310593974462724,0.11246991222528892,23.393451149637134,0.000158409585476095,0.5301782762778242,0.8550817554005249,0.9183546668917669,502.0,7220.0,23.698448750967685,0.42263983922155174,0.8486371218876053,3820.0,0.0002142857142857143,0.2291262116207347,False
R10,relu,100,8,50,15000,1.25,50,139,relu_p100_rt8_rs50_n15000_eta1.25_seed139.npz,0.9999999999243864,2.6519001486086724,0.10093872667021797,26.272375688597993,0.00030926297981395006,0.6120398499319447,0.8346189231905863,0.9234062130246068,502.0,7040.0,26.780446489395846,0.41142029035820493,0.8297475384837728,3720.0,0.0008035714285714286,0.18461348212868153,False
R10,relu,100,8,50,15000,1.25,50,149,relu_p100_rt8_rs50_n15000_eta1.25_seed149.npz,0.9999999999271406,2.6376870525780522,0.10619854963060195,24.83731709851885,2.2054231941578895e-05,0.4725591907048427,0.8829479378838196,0.9360000116417678,502.0,7180.0,25.53454012126955,0.3842517095039728,0.8353793660401446,4160.0,0.00012569832402234638,0.21876207462895944,False
R10,relu,100,8,50,15000,1.25,50,151,relu_p100_rt8_rs50_n15000_eta1.25_seed151.npz,0.9999999999231051,2.644493723368653,0.11751908473422527,22.50267460259153,0.0009533934256503371,0.5624647726474535,0.8798864875033615,0.9336164484937093,502.0,7180.0,23.56994675228484,0.4168993975212383,0.8595425896594966,3740.0,0.00017045454545454547,0.21831553327041436,False
R10,relu,100,8,50,15000,1.25,50,157,relu_p100_rt8_rs50_n15000_eta1.25_seed157.npz,0.9999999999263575,2.649143570828413,0.11403341274150865,23.231292540840652,0.0003883489123864909,0.6087442007945966,0.8750601260255716,0.9349745774753451,502.0,6980.0,23.649612704823344,0.35126991003999675,0.7852784978060525,3420.0,0.0001388888888888889,0.20672425666851219,False
R10,relu,100,8,50,15000,1.25,50,163,relu_p100_rt8_rs50_n15000_eta1.25_seed163.npz,0.9999999999331888,2.6364304771181732,0.13236961409805892,19.917187906622704,0.00025967881071516053,0.567114619807311,0.8717369512576831,0.9271143140205365,502.0,7200.0,20.655190119459803,0.34444607752865775,0.7733829108262881,3720.0,0.0001323529411764706,0.21082956842823802,False
R10,relu,100,8,50,15000,1.25,50,167,relu_p100_rt8_rs50_n15000_eta1.25_seed167.npz,0.9999999999161941,2.6474506623348932,0.10462603908684445,25.30393662458527,3.902334218583652e-05,0.39436673867854194,0.8453612485844523,0.9273092036624337,502.0,7260.0,26.08742065076957,0.4283206553495157,0.8170483165349688,4320.0,0.00015000000000000001,0.18203873794089892,False
R10,relu,100,8,50,15000,1.25,50,173,relu_p100_rt8_rs50_n15000_eta1.25_seed173.npz,0.9999999999150437,2.639453079756524,0.07460638163764319,35.378382141304236,0.0015349041111067108,0.4843691839372846,0.8182327714592419,0.9213667688292837,502.0,7260.0,36.05438204201322,0.49301665879442014,0.794688555509058,4100.0,0.00014331210191082804,0.16593886697083823,False
R10,relu,100,8,50,15000,1.25,50,179,relu_p100_rt8_rs50_n15000_eta1.25_seed179.npz,0.9999999999246362,2.6510060556391917,0.09051451202092602,29.288188119782458,3.1019776684815175e-06,0.02110256220708024,0.8414249829905878,0.9234122660571107,502.0,7500.0,29.626958418821452,0.43825440577498415,0.8390976413835926,5160.0,0.0004787234042553192,0.22446823500211693,False
R10,relu,100,8,50,15000,1.25,50,181,relu_p100_rt8_rs50_n15000_eta1.25_seed181.npz,0.9999999999213991,2.653547435502563,0.0870364301587376,30.48777886067944,0.0030330152614330844,0.5673015672187455,0.8642290528369054,0.9344656929449051,502.0,7060.0,31.120409197816226,0.3059383138819226,0.7661981212977076,3680.0,0.0001278409090909091,0.19143999010905371,False
R10,relu,100,8,50,15000,1.25,50,191,relu_p100_rt8_rs50_n15000_eta1.25_seed191.npz,0.9999999999229447,2.6413962507328717,0.11888675750470325,22.217749951068992,0.00030302179012993457,0.5956299771912029,0.8612536773770961,0.9265544857948713,502.0,7100.0,22.60411222444427,0.45719474879303984,0.85749010987098,3720.0,0.0011250000000000001,0.2132253403131629,False
R10,relu,100,8,50,15000,1.25,50,193,relu_p100_rt8_rs50_n15000_eta1.25_seed193.npz,0.9999999999297396,2.6585285873333153,0.09612556843412046,27.656830858226183,0.010030353660087008,0.7376141917890264,0.8693062694195949,0.9296571679434172,502.0,7060.0,28.794722893182307,0.3722354778324998,0.8063532171626003,2400.0,0.00023195876288659793,0.21143495333685275,False
R10,relu,100,8,50,15000,1.25,50,197,relu_p100_rt8_rs50_n15000_eta1.25_seed197.npz,0.999999999924307,2.63535404072006,0.10125335265619888,26.027326222651453,0.0006285220795623164,0.6687422386443562,0.8795107584176226,0.9369505741406073,502.0,7040.0,26.6612957063663,0.4032899536476817,0.81893660491998,3180.0,0.00015957446808510637,0.19254392248736812,False
R10,relu,100,8,50,15000,1.25,50,199,relu_p100_rt8_rs50_n15000_eta1.25_seed199.npz,0.999999999920108,2.640745551021965,0.10749443916638117,24.56634567798049,0.007479730611807009,0.004612188215975269,0.838922469915453,0.9217802424383348,502.0,7320.0,25.40149687706499,0.3993800275209126,0.8376118201317476,4380.0,0.0020454545454545456,0.23170495232401891,False
R10,relu,100,8,50,15000,1.25,50,211,relu_p100_rt8_rs50_n15000_eta1.25_seed211.npz,0.9999999999292019,2.6515532249713116,0.10692503659708447,24.798244726938083,1.1624377340399221e-05,0.5353061851059664,0.844857939106753,0.9164722316446176,502.0,7280.0,25.238339638502474,0.39277302368714473,0.7873201073549431,3800.0,0.0001347305389221557,0.18446579001523622,False
R10,relu,100,8,50,15000,1.25,50,223,relu_p100_rt8_rs50_n15000_eta1.25_seed223.npz,0.9999999999075213,2.61886285818165,0.12435610737111603,21.059382715849857,7.720670044703045e-06,0.5307258562481049,0.8346778723829775,0.9268851564060938,502.0,7200.0,21.917748581589112,0.3976301142635629,0.8283135272406015,3800.0,0.0001956521739130435,0.22579033603208903,False
R10,relu,100,8,50,15000,1.25,50,227,relu_p100_rt8_rs50_n15000_eta1.25_seed227.npz,0.9999999999260908,2.633565597961849,0.0999002547693235,26.36195076822308,7.859181046083437e-05,0.6763775467952762,0.8625780375679576,0.9254949563560381,502.0,7100.0,26.297856506817933,0.4441797612342665,0.8604241910882414,3180.0,0.0009,0.2232625086130573,False
R10,relu,100,8,50,15000,1.25,50,229,relu_p100_rt8_rs50_n15000_eta1.25_seed229.npz,0.9999999999150472,2.6322504126186708,0.1030421001315352,25.54538784883609,0.0005482537592543565,0.5033906766131057,0.8171274708871572,0.9254447437001625,502.0,7260.0,26.312048860202218,0.37795947246265893,0.7891328163266995,3980.0,0.0001461038961038961,0.197235584966701,False
R10,relu,100,8,50,15000,1.25,50,233,relu_p100_rt8_rs50_n15000_eta1.25_seed233.npz,0.9999999999278775,2.6549683069606633,0.12335143924909706,21.523610288804132,0.00034110305380102244,0.5640078672554297,0.8219584080286206,0.9246871397683593,502.0,7220.0,22.122634663728626,0.41236610963476206,0.788471657427247,3920.0,0.0004017857142857143,0.19891311139058163,False
R10,relu,100,8,50,15000,1.25,50,239,relu_p100_rt8_rs50_n15000_eta1.25_seed239.npz,0.9999999999213686,2.635556506237092,0.10240086049832091,25.737640225008732,6.669492571531623e-05,0.7439148871413402,0.8831958369178387,0.9345929938232718,502.0,7020.0,26.168831554280292,0.4064030149178406,0.8524613160933568,2920.0,0.00042452830188679245,0.23907645351998721,False
R10,relu,100,8,50,15000,1.25,50,241,relu_p100_rt8_rs50_n15000_eta1.25_seed241.npz,0.9999999999258484,2.660657335681454,0.09720900648493039,27.370481726854358,0.0010009188305940518,0.6854850028885672,0.8568635328798337,0.9255621884558869,502.0,7080.0,28.019170745307612,0.36503192294509856,0.8136931892663193,2740.0,0.000225,0.21879944079327726,False
R10,relu,100,8,50,15000,1.25,50,251,relu_p100_rt8_rs50_n15000_eta1.25_seed251.npz,0.9999999999273859,2.651766049284451,0.09758854844195135,27.172922352275815,4.007250563978364e-06,0.682862693568814,0.891623418649684,0.9370787607340778,502.0,6900.0,27.702369340513737,0.4131319714638958,0.8391702651553755,3000.0,0.00018,0.14898952441514302,False
R10,relu,100,8,50,15000,1.25,50,257,relu_p100_rt8_rs50_n15000_eta1.25_seed257.npz,0.9999999999282088,2.637895365771316,0.10932559541259294,24.12879944367962,0.0012785270559992437,0.5159600534162248,0.8412074537303242,0.92445860411696,502.0,7160.0,24.75078014604865,0.3702118290027756,0.7612360651249478,3860.0,0.00012362637362637363,0.2636691016013086,False
R10,relu,100,8,50,15000,1.25,50,263,relu_p100_rt8_rs50_n15000_eta1.25_seed263.npz,0.9999999999119705,2.654248881117537,0.11628905432805092,22.824580494307853,0.001353699545307095,0.5784296142060501,0.8745846887834972,0.9337922474828422,502.0,7120.0,23.85987263569591,0.34742417553809046,0.8739065900398081,3700.0,0.00033088235294117646,0.20159100893232307,False
R10,relu,100,8,50,15000,1.25,50,269,relu_p100_rt8_rs50_n15000_eta1.25_seed269.npz,0.9999999999267161,2.6477502956326595,0.1030195074533438,25.701445882293616,6.193403244582179e-06,0.4678616367612304,0.8664825303019449,0.9258965574181451,502.0,7220.0,26.226207343438883,0.48583500500853016,0.865922105049622,4120.0,0.00016544117647058823,0.2275158368186341,False
R10,relu,100,8,50,15000,1.25,50,271,relu_p100_rt8_rs50_n15000_eta1.25_seed271.npz,0.999999999919721,2.651869355545839,0.11533658556265856,22.99243854505443,0.0005798405599797242,0.6074642710912153,0.866383471287972,0.928427833716639,502.0,7080.0,23.25402765258779,0.3726517977529472,0.8508225055029925,3380.0,0.0001744186046511628,0.1689891248677606,False
R10,relu,100,8,50,15000,1.25,50,277,relu_p100_rt8_rs50_n15000_eta1.25_seed277.npz,0.9999999999237309,2.6407391723708,0.10538447694443803,25.05814185293228,0.00011587856217038865,0.5834895613254141,0.8044241262800127,0.9159476536858353,502.0,7340.0,25.653843090603694,0.4666991357841557,0.8026912881734849,3300.0,0.0003358208955223881,0.23333264252315578,False
R10,relu,100,8,50,15000,1.25,50,281,relu_p100_rt8_rs50_n15000_eta1.25_seed281.npz,0.999999999926055,2.645944344363387,0.12675368184650423,20.874694177069856,0.0028621900105880427,0.3951251988641768,0.843910004525613,0.921732475963981,502.0,7260.0,21.865020783478535,0.3913438016182149,0.8376370638020527,4580.0,0.00014062500000000002,0.2575689549990922,False
R10,relu,100,8,50,15000,1.25,50,283,relu_p100_rt8_rs50_n15000_eta1.25_seed283.npz,0.9999999999267906,2.641673971286601,0.09064669269036617,29.14253011204848,0.002469834564300652,0.749724325999824,0.9025437665354286,0.9407494064266132,502.0,6820.0,29.91351297843533,0.4144688124142847,0.9023225617119295,2400.0,0.00039473684210526315,0.19594388337344543,False
R10,relu,100,8,50,15000,1.25,50,293,relu_p100_rt8_rs50_n15000_eta1.25_seed293.npz,0.9999999999250332,2.6571924320040625,0.09870027739968315,26.921833474123474,0.00589367236416689,0.729813145845117,0.9062843854146312,0.9425602484192099,502.0,6740.0,27.3939551828766,0.3705016988151296,0.8692917043828561,2680.0,0.00024725274725274725,0.1933993952192502,False
R10,relu,100,8,50,15000,1.25,50,307,relu_p100_rt8_rs50_n15000_eta1.25_seed307.npz,0.999999999925617,2.6433856830062967,0.09891477653939884,26.72387054277383,0.0014151132397931367,0.4718377576853329,0.8495975106749449,0.9265915514684049,502.0,7380.0,27.18106736148002,0.4236702322082273,0.846335817652108,4200.0,0.0001956521739130435,0.23386837645930764,False
R10,relu,100,8,50,15000,1.25,50,311,relu_p100_rt8_rs50_n15000_eta1.25_seed311.npz,0.9999999999232364,2.6474124717409633,0.09899628169094618,26.742544533196195,0.00010713663471884298,0.47763862186273187,0.8313126075879489,0.9270843549104755,502.0,7240.0,26.91470344798538,0.43210603850810375,0.8050334800749527,4120.0,0.00014062500000000002,0.1558271041914073,False
R10,relu,100,8,50,15000,1.25,50,313,relu_p100_rt8_rs50_n15000_eta1.25_seed313.npz,0.9999999999291331,2.6530746848847917,0.10009239799419029,26.506255600338253,0.0006337120717940525,0.5109998453904196,0.8782148316364641,0.9290435761903336,502.0,7060.0,26.99289346809885,0.43219262831358757,0.8777675397004591,4000.0,0.0006428571428571428,0.1918344515812015,False
R5,relu,100,8,30,15000,1.5,30,5,relu_p100_rt8_rs30_n15000_eta1.5_seed5.npz,0.9999999999060275,1.4049122728593026,0.10780875895419244,13.031522544993258,0.0022397076511359365,0.5570268297375955,0.829879713993466,0.9306012490900346,559.0,7240.0,13.257598461981411,0.4140433234139822,0.8272547133795557,3400.0,0.0002777777777777778,0.27845801108341056,False
R5,relu,100,8,30,15000,1.5,30,11,relu_p100_rt8_rs30_n15000_eta1.5_seed11.npz,0.9999999999295929,1.4167032706163,0.07661875641292482,18.49029319898119,7.853287801225257e-05,0.01904152441859183,0.8188514470159448,0.9187400506869202,581.0,7140.0,18.902623676451757,0.39511898209680407,0.8186868471804258,5460.0,0.0004591836734693878,0.2235024107439188,False
R5,relu,100,8,30,15000,1.5,30,23,relu_p100_rt8_rs30_n15000_eta1.5_seed23.npz,0.9999999999332023,1.4101465901312975,0.08725073134595676,16.162003095881722,0.002535924374731172,0.2987310363669635,0.8307483463093547,0.9310398903301085,565.0,7280.0,16.328071494128217,0.42652582408984574,0.8236690863631331,4500.0,0.0004017857142857143,0.2631251449520224,False
R5,relu,100,8,30,15000,1.5,30,37,relu_p100_rt8_rs30_n15000_eta1.5_seed37.npz,0.9999999999319067,1.4061828230881652,0.09004096414702943,15.61714533389475,0.004171350897007301,0.5401654519634232,0.8988730969440984,0.9493463854086868,559.0,7120.0,16.121562030344627,0.37786393297212606,0.8843633887835171,3640.0,0.00019736842105263157,0.24915769909360025,False
R5,relu,100,8,30,15000,1.5,30,41,relu_p100_rt8_rs30_n15000_eta1.5_seed41.npz,0.9999999999195256,1.4200259406426115,0.08718231199838611,16.28800507915985,5.658650755291668e-08,0.001985041928430131,0.8484679641707441,0.9300760567525497,576.0,7220.0,16.338404071726163,0.3819244618629518,0.8463012194385697,4600.0,0.0017307692307692308,0.2764606672945755,False
R5,relu,100,8,30,15000,1.5,30,53,relu_p100_rt8_rs30_n15000_eta1.5_seed53.npz,0.999999999929358,1.4157213504850115,0.06438017561148474,21.99002001840551,0.00016796051236273501,0.6731447766157428,0.8849117717268516,0.9387520603732658,559.0,7080.0,22.121865496509542,0.4101146622981173,0.8790734739733399,3060.0,0.00023437500000000002,0.25874823698201377,False
R5,relu,100,8,30,15000,1.5,30,67,relu_p100_rt8_rs30_n15000_eta1.5_seed67.npz,0.9999999999133606,1.4114134423907407,0.08769524763025548,16.094525992350277,0.0008527285134269232,0.0819927286751573,0.7683364884658362,0.9227976725163236,567.0,7700.0,16.53848528793789,0.4314600169575411,0.7541924568650232,6800.0,0.00012295081967213115,0.23970223902565715,False
R5,relu,100,8,30,15000,1.5,30,71,relu_p100_rt8_rs30_n15000_eta1.5_seed71.npz,0.9999999999261859,1.4053849059079526,0.07411722794470273,18.961649604009477,2.1932926303667836e-05,0.30454139626367654,0.8324304044431695,0.9271429000835423,557.0,7380.0,19.15189606718418,0.34376231965234205,0.7965044731827043,5180.0,0.00011138613861386139,0.26068007032666574,False
R5,relu,100,8,30,15000,1.5,30,83,relu_p100_rt8_rs30_n15000_eta1.5_seed83.npz,0.9999999999118265,1.4150358446014508,0.07110041306503709,19.901935637238658,0.00019325828275331693,0.09740557044913693,0.7368632569120058,0.9175422237574233,566.0,7460.0,20.998071708692542,0.397327103369874,0.7283039481352319,5860.0,0.0001923076923076923,0.2656712315985086,False
R5,relu,100,8,30,15000,1.5,30,97,relu_p100_rt8_rs30_n15000_eta1.5_seed97.npz,0.9999999999130998,1.4036830740556374,0.059540761448793236,23.57516161869789,0.0014544850354473824,0.4704525482342857,0.8486683139952068,0.9321947256853985,551.0,7200.0,24.070755294706316,0.4003553823084899,0.8460231621668483,4200.0,0.000225,0.25308592987083295,False
R5,relu,100,8,30,15000,1.5,30,101,relu_p100_rt8_rs30_n15000_eta1.5_seed101.npz,0.9999999999132224,1.415683776389398,0.11394076966086203,12.424734189553897,0.0015167050367338561,0.3247193872196199,0.746962625800014,0.9181440467509945,566.0,7540.0,12.96314648318102,0.4156447494837625,0.7374482454086531,5440.0,0.000125,0.2219670624695164,False
R5,relu,100,8,30,15000,1.5,30,103,relu_p100_rt8_rs30_n15000_eta1.5_seed103.npz,0.9999999999269027,1.3997572861703214,0.05337538183308891,26.22477325871929,0.0012805601394052899,0.2372301131348125,0.7695988827828635,0.9250435428744574,549.0,7360.0,27.390045255096766,0.333155059224962,0.7401405916740401,5720.0,9.782608695652174e-05,0.2647683036085624,False
R5,relu,100,8,30,15000,1.5,30,107,relu_p100_rt8_rs30_n15000_eta1.5_seed107.npz,0.9999999999213104,1.4037700793352557,0.10578205639431963,13.270398848198573,0.007620233200299065,0.43853808897562535,0.8454748444843748,0.9398481954905795,551.0,7160.0,13.897228077541243,0.3855608288226636,0.800242396735114,4520.0,0.00011658031088082901,0.285282214855467,False
R5,relu,100,8,30,15000,1.5,30,109,relu_p100_rt8_rs30_n15000_eta1.5_seed109.npz,0.999999999921738,1.4066347060379245,0.10747705867572478,13.087767039494103,0.00024740973357044736,0.5452163838177398,0.8407216455082457,0.9327276085696274,545.0,7040.0,13.384024699662467,0.44982972620835293,0.8355739043812889,3620.0,0.00016423357664233578,0.2631235611389264,False
R5,relu,100,8,30,15000,1.5,30,113,relu_p100_rt8_rs30_n15000_eta1.5_seed113.npz,0.9999999999156169,1.4130180653414426,0.05622313571122583,25.13232404181454,0.0003529475086881592,0.3843179715263654,0.8512176315458753,0.9302209841290197,559.0,7240.0,25.81652998964335,0.4661291846671707,0.8499231998055641,4560.0,0.0002777777777777778,0.22624979352842503,False
R5,relu,100,8,30,15000,1.5,30,127,relu_p100_rt8_rs30_n15000_eta1.5_seed127.npz,0.9999999999288255,1.4175162141615019,0.10020341807055297,14.146385836493446,0.0010094785431759281,0.08152627580975146,0.7986239521728701,0.9256929775903809,561.0,7420.0,14.464297112163393,0.4048570488080201,0.7935497682720314,5580.0,0.00014331210191082804,0.2829404563064983,False
R5,relu,100,8,30,15000,1.5,30,131,relu_p100_rt8_rs30_n15000_eta1.5_seed131.npz,0.9999999999339253,1.4109897764546708,0.0890921086788298,15.837427100768043,0.0013089527546348313,0.6466757124589436,0.8603421960135246,0.9390887173622082,561.0,7280.0,16.130212444581325,0.38059965055988965,0.7231463897880351,2940.0,0.0001607142857142857,0.26554241249439053,False
R5,relu,100,8,30,15000,1.5,30,137,relu_p100_rt8_rs30_n15000_eta1.5_seed137.npz,0.9999999999339478,1.4033474937629744,0.06846661039742238,20.496815683105694,0.0008250625629910971,0.49260804453636853,0.8480673253438794,0.9241669626728553,549.0,7380.0,21.131812834693243,0.3476399041508593,0.7276450550749738,4000.0,0.00011597938144329897,0.28674923443417644,False
R5,relu,100,8,30,15000,1.5,30,139,relu_p100_rt8_rs30_n15000_eta1.5_seed139.npz,0.9999999999205849,1.4255114081071667,0.11489928113673327,12.406617291284611,8.313072996636579e-06,0.4006308028895223,0.8118539571995453,0.9296806885065132,557.0,7140.0,12.714976065531854,0.3737392329695036,0.7939862843995498,4240.0,0.00042452830188679245,0.26386570588557473,False
R5,relu,100,8,30,15000,1.5,30,149,relu_p100_rt8_rs30_n15000_eta1.5_seed149.npz,0.9999999999186789,1.4138401104187412,0.09047525201819512,15.626815940058497,1.192338454297207e-07,0.6067167973915758,0.8916224052421831,0.9464712190074532,547.0,7180.0,15.848541803090114,0.4343921929165093,0.8739838443797728,3860.0,0.0005357142857142857,0.2876158292683052,False
R5,relu,100,8,30,15000,1.5,30,151,relu_p100_rt8_rs30_n15000_eta1.5_seed151.npz,0.9999999999243995,1.4161747511551674,0.0613419582464402,23.086559210674547,0.0034911333862200702,0.052281168022850655,0.7554085247174189,0.9114078657296868,553.0,7800.0,23.188707566400257,0.39668441194143345,0.7421006614229038,7320.0,0.00012569832402234638,0.25258179322213875,False
R5,relu,100,8,30,15000,1.5,30,157,relu_p100_rt8_rs30_n15000_eta1.5_seed157.npz,0.9999999999245842,1.415202552771685,0.09517068084925545,14.870152657763155,7.123956646900589e-06,0.14670879057172964,0.7702708290531576,0.911215559895924,563.0,7540.0,15.199229276121997,0.4291624681770269,0.769453058050222,5140.0,0.0001939655172413793,0.2686550846417895,False
R5,relu,100,8,30,15000,1.5,30,163,relu_p100_rt8_rs30_n15000_eta1.5_seed163.npz,0.9999999999156758,1.4116254667586834,0.08512668503082277,16.582643459539867,0.0003389544856740178,0.36398056145075225,0.8389790050022637,0.9381053724339554,561.0,7140.0,16.88296608184942,0.438552889387105,0.8305825413234343,4380.0,0.0001584507042253521,0.2670410763888125,False
R5,relu,100,8,30,15000,1.5,30,167,relu_p100_rt8_rs30_n15000_eta1.5_seed167.npz,0.9999999999285185,1.4127775802637688,0.09540513543218337,14.80819217816645,0.00018336674277107925,0.518632681109556,0.854120379069106,0.9371450360357507,559.0,7180.0,14.808040627817837,0.3437748280361743,0.8314255727926131,3920.0,0.00025,0.24759014544083374,False
R5,relu,100,8,30,15000,1.5,30,173,relu_p100_rt8_rs30_n15000_eta1.5_seed173.npz,0.9999999999187902,1.4075608508794322,0.07900347221556836,17.81644289049437,0.001638602087267476,0.40805939303151106,0.8384284665813359,0.9338084768754702,543.0,7100.0,18.484046903890288,0.4048806212649869,0.8300252213392467,4320.0,0.0002777777777777778,0.21865285650586988,False
R5,relu,100,8,30,15000,1.5,30,179,relu_p100_rt8_rs30_n15000_eta1.5_seed179.npz,0.9999999999304579,1.4183062684567198,0.09276751561992068,15.288824530643742,0.0007980005003967557,0.001166669281033291,0.8377752846812805,0.9252602503731878,545.0,7400.0,15.640028423955291,0.45180659630337044,0.836304981672407,6060.0,0.0028125,0.28777689935882883,False
R5,relu,100,8,30,15000,1.5,30,181,relu_p100_rt8_rs30_n15000_eta1.5_seed181.npz,0.9999999999257644,1.4148766458289124,0.07561727828059278,18.711023168259697,0.0006624831601580799,0.7189385847668887,0.8950171104743897,0.941208118436073,571.0,6840.0,18.99651547981091,0.33962419371546515,0.8789006378198985,3180.0,0.00021226415094339622,0.22668602989260872,False
R5,relu,100,8,30,15000,1.5,30,191,relu_p100_rt8_rs30_n15000_eta1.5_seed191.npz,0.9999999999304097,1.4020886324031312,0.08840040080716434,15.860659223272437,0.0001449098458842599,0.6933587975361358,0.8689568473656248,0.9422953669657623,561.0,6880.0,16.029875844587735,0.322117333065156,0.8258370178695233,2820.0,0.0001730769230769231,0.26639890776773717,False
R5,relu,100,8,30,15000,1.5,30,193,relu_p100_rt8_rs30_n15000_eta1.5_seed193.npz,0.9999999999288486,1.4239862167694517,0.05089205194032897,27.980522743297488,0.0030457606710685486,0.5004229722062358,0.823411385067553,0.9231931160059954,575.0,7160.0,28.494172514045452,0.3914651415213225,0.8128920830144916,3980.0,0.0003515625,0.23580980668419502,False
R5,relu,100,8,30,15000,1.5,30,197,relu_p100_rt8_rs30_n15000_eta1.5_seed197.npz,0.9999999999213376,1.4090349806026587,0.0772709246273514,18.234995729608574,0.0002979499428857287,0.09159194043374677,0.8217905450430464,0.9246325025474835,566.0,7800.0,18.335386283134508,0.44208215111821286,0.8216917569887952,5740.0,0.00016917293233082708,0.22304046779269127,False
R5,relu,100,8,30,15000,1.5,30,199,relu_p100_rt8_rs30_n15000_eta1.5_seed199.npz,0.9999999999204374,1.4122268860436136,0.10915471692069378,12.937845710045359,0.0006377218895051595,0.5735736016998235,0.8260707219166535,0.9337514233932233,581.0,6860.0,13.211364562564013,0.4271900120374561,0.8252914157662695,3420.0,0.00046875000000000004,0.29835293381185135,False
R5,relu,100,8,30,15000,1.5,30,211,relu_p100_rt8_rs30_n15000_eta1.5_seed211.npz,0.999999999919007,1.4210081863035415,0.09977241916980603,14.242495051513986,0.0001729072632953937,0.30389027460437273,0.7850394896204926,0.9249651037800759,559.0,7500.0,14.411042179657839,0.4327532705914462,0.7827678667034047,5220.0,0.00016917293233082708,0.22811243491307798,False
R5,relu,100,8,30,15000,1.5,30,223,relu_p100_rt8_rs30_n15000_eta1.5_seed223.npz,0.9999999999125858,1.4114128426050745,0.0780645346337826,18.08007758230179,0.0006461764952303467,0.15508531102430873,0.683282953465743,0.8919332201905121,559.0,7460.0,18.483178251466438,0.40116236213417367,0.6719318570872559,5780.0,0.00021844660194174757,0.26689227541019606,False
R5,relu,100,8,30,15000,1.5,30,227,relu_p100_rt8_rs30_n15000_eta1.5_seed227.npz,0.9999999999112021,1.4003329281648467,0.09918249319313194,14.118751032382953,0.006145226110852816,0.44498561940662545,0.8255211175533081,0.9329659919423865,555.0,7300.0,14.439064149712488,0.3826247964718338,0.7991918819314063,4420.0,0.00013803680981595091,0.2854826705454376,False
R5,relu,100,8,30,15000,1.5,30,229,relu_p100_rt8_rs30_n15000_eta1.5_seed229.npz,0.9999999999232273,1.4070384331707806,0.09199987291532569,15.293917139057164,7.122160847948402e-05,0.4710365007816458,0.8403633080684626,0.9345922944330807,557.0,7220.0,15.672910262953044,0.41471548908638456,0.8334220730469826,4160.0,0.00023437500000000002,0.25656592083021623,False
R5,relu,100,8,30,15000,1.5,30,233,relu_p100_rt8_rs30_n15000_eta1.5_seed233.npz,0.9999999999277098,1.4197866715662084,0.10649797792902443,13.331583370647893,0.000543586754818204,0.3661473116396445,0.8285151014555167,0.923726497998407,553.0,7320.0,13.657054951704946,0.3908471330830612,0.8067563810405007,4760.0,0.00011904761904761905,0.2786493003409354,False
R5,relu,100,8,30,15000,1.5,30,239,relu_p100_rt8_rs30_n15000_eta1.5_seed239.npz,0.9999999999290282,1.406777161500733,0.09126618812866864,15.41400150861384,5.576868759476166e-05,0.11253025678223277,0.8561703606096753,0.9471726484013088,550.0,7140.0,15.671751502430979,0.35252865160714353,0.851545187552265,5380.0,0.00018442622950819672,0.26416896461176087,False
R5,relu,100,8,30,15000,1.5,30,241,relu_p100_rt8_rs30_n15000_eta1.5_seed241.npz,0.9999999999199882,1.4140144299436144,0.06883370417070038,20.542471845435003,0.0014536456292635555,0.5051613782005894,0.86042813374569,0.936286594307463,555.0,7200.0,20.74580022505785,0.39225525545530304,0.8494549322082534,4080.0,0.00016791044776119405,0.2511240903477257,False
R5,relu,100,8,30,15000,1.5,30,251,relu_p100_rt8_rs30_n15000_eta1.5_seed251.npz,0.9999999999203013,1.4210304707824895,0.09408124788761886,15.104290203292443,4.8649050357638945e-05,0.41468571728452897,0.8192144955138266,0.9266358031122032,571.0,7240.0,15.355595808104516,0.3883498174759421,0.8185826393567468,4440.0,0.0003358208955223881,0.23625581611231852,False
R5,relu,100,8,30,15000,1.5,30,257,relu_p100_rt8_rs30_n15000_eta1.5_seed257.npz,0.9999999999379485,1.4098133595249267,0.07564248265278013,18.6378515099294,8.679474301176668e-05,0.3210467379633674,0.8619357555875532,0.9411824969889104,545.0,7240.0,19.192565430387575,0.4661147197750403,0.8616404841267763,4740.0,0.0001956521739130435,0.317469920986889,False
R5,relu,100,8,30,15000,1.5,30,263,relu_p100_rt8_rs30_n15000_eta1.5_seed263.npz,0.999999999922305,1.4218932899569388,0.06776748043209158,20.98194120381662,0.00010804818317568068,0.45789898019372705,0.8530353374989302,0.9302838679421873,571.0,7300.0,21.23256788087779,0.473266838510086,0.8522345825643755,4180.0,0.0005625000000000001,0.24232017983544446,False
R5,relu,100,8,30,15000,1.5,30,269,relu_p100_rt8_rs30_n15000_eta1.5_seed269.npz,0.9999999999267745,1.4236433042174879,0.13199705804062245,10.785416927848178,7.182926366246891e-05,0.612629494868991,0.8443096555095074,0.9280097654700155,546.0,7340.0,11.063391795679106,0.4860168069974778,0.8204331032839874,3820.0,0.0004591836734693878,0.2840704307061838,False
R5,relu,100,8,30,15000,1.5,30,271,relu_p100_rt8_rs30_n15000_eta1.5_seed271.npz,0.99999999992765,1.421154440794588,0.09892484184399479,14.36600164633833,0.0008159919229151325,0.5360280555837321,0.8395944582406222,0.9191266201446238,569.0,7280.0,14.552486079585972,0.39555614865436095,0.8390195583754317,3820.0,0.00018292682926829268,0.2414308422926481,False
R5,relu,100,8,30,15000,1.5,30,277,relu_p100_rt8_rs30_n15000_eta1.5_seed277.npz,0.9999999999310488,1.416420471446576,0.12079831023806813,11.725499045931258,5.030067131143155e-06,0.5513145967929329,0.8212842719727813,0.9386180512560651,551.0,6960.0,11.826575360259248,0.3954027856346046,0.8031519004314164,3820.0,0.00017857142857142857,0.3081257423681051,False
R5,relu,100,8,30,15000,1.5,30,281,relu_p100_rt8_rs30_n15000_eta1.5_seed281.npz,0.9999999999327452,1.414521513785119,0.11540857578983851,12.25664127734314,0.0022122142007102775,0.5202443629463743,0.8057695554272958,0.930544727916595,559.0,7400.0,12.445476562940843,0.3972145059322122,0.8046426397506798,3860.0,0.00018907563025210084,0.27193402468465444,False
R5,relu,100,8,30,15000,1.5,30,283,relu_p100_rt8_rs30_n15000_eta1.5_seed283.npz,0.9999999999164285,1.4096086675482407,0.07293984076318254,19.325634012896852,2.1259598664447447e-05,0.6985759104073794,0.8730123830444105,0.941050889857763,571.0,6920.0,19.588030828033844,0.35590798028235326,0.8240196552627629,3260.0,0.0002556818181818182,0.23936539224276052,False
R5,relu,100,8,30,15000,1.5,30,293,relu_p100_rt8_rs30_n15000_eta1.5_seed293.npz,0.9999999999364269,1.4192809001783753,0.08062717981279431,17.60300811058701,0.002695969944680964,0.39013758353212963,0.7888521855710989,0.9278612444634782,555.0,7200.0,17.843631354519104,0.41031249509143886,0.7852776361332338,5000.0,0.00016917293233082708,0.2476415075606177,False
R5,relu,100,8,30,15000,1.5,30,307,relu_p100_rt8_rs30_n15000_eta1.5_seed307.npz,0.9999999999242765,1.4045526051044275,0.1017786390173378,13.800072575790335,0.00011298097792233831,0.29876242499522054,0.8576629456910415,0.9394981755233187,561.0,7260.0,14.024827771036637,0.42727356217412293,0.8317973491912897,4640.0,0.00012228260869565218,0.28643810093444505,False
R5,relu,100,8,30,15000,1.5,30,311,relu_p100_rt8_rs30_n15000_eta1.5_seed311.npz,0.9999999999080785,1.4097504859413312,0.06866782495846264,20.53000057587514,0.0022648179329099413,0.5853690650879271,0.838202328920248,0.9342346922365912,563.0,7220.0,21.126429090490667,0.40799404652694016,0.746227721762137,3620.0,0.0001347305389221557,0.22737365030577553,False
R5,relu,100,8,30,15000,1.5,30,313,relu_p100_rt8_rs30_n15000_eta1.5_seed313.npz,0.9999999999315647,1.4120629295824214,0.0774535912884911,18.231084009041183,5.2163266156489314e-06,0.5889424927031206,0.8316603581121736,0.9324876692982355,567.0,7160.0,18.575722891854472,0.40632214940798506,0.8304533281800018,3320.0,0.00020833333333333335,0.28773673471325983,False
R11,relu,100,8,80,15000,1.5,80,5,relu_p100_rt8_rs80_n15000_eta1.5_seed5.npz,0.999999999196807,9.438275143089937,0.06072807518803156,155.41864473501468,3.8386770008510175e-05,0.9126657840707733,0.9363745085672348,0.968467500077169,500.0,5280.0,152.0116421530771,0.3611809094124805,0.856642283195436,1180.0,0.0005921052631578948,0.08189258606955391,True
R11,relu,100,8,80,15000,1.5,80,11,relu_p100_rt8_rs80_n15000_eta1.5_seed11.npz,0.9999999992702867,9.490512766488095,0.06448628075137988,147.17103631821743,0.00025955984138677056,0.9003642391792102,0.9398754602188318,0.9656700784569192,500.0,5140.0,148.0772368493375,0.33321127328245115,0.9266204676692728,2480.0,0.00045,0.06686774839242986,True
R11,relu,100,8,80,15000,1.5,80,23,relu_p100_rt8_rs80_n15000_eta1.5_seed23.npz,0.9999999734584714,9.303104261578879,0.041700656483581094,223.09251330951622,0.00019073168757205246,0.9094205830889905,0.9431874452271695,0.9738593791939233,500.0,5360.0,217.1739927066795,0.37302042278743675,0.9426151699583886,1340.0,0.0009,0.0839298622711145,True
R11,relu,100,8,80,15000,1.5,80,37,relu_p100_rt8_rs80_n15000_eta1.5_seed37.npz,0.9999999990156672,9.390934470358486,0.058810061615730984,159.68244569644395,0.0002931309354792731,0.9082281988092128,0.9468314068975533,0.9699023312699022,500.0,5040.0,155.1364239697144,0.32822048660976,0.9381895680001907,1180.0,0.0009,0.0722905121995451,True
R11,relu,100,8,80,15000,1.5,80,41,relu_p100_rt8_rs80_n15000_eta1.5_seed41.npz,0.9999999990184736,9.445113495769608,0.05016853596916927,188.26767242269213,0.015236838350448019,0.9215257816326032,0.9428983921040066,0.9684479916931659,500.0,5380.0,174.6205864056146,0.3476998758589467,0.940766272045724,1480.0,0.0010227272727272728,0.08560254478250065,True
R11,relu,100,8,80,15000,1.5,80,53,relu_p100_rt8_rs80_n15000_eta1.5_seed53.npz,0.9999999989918198,9.47539087659071,0.0571154571268022,165.89888890417816,0.0002657325647095787,0.900275319263872,0.9487449909263778,0.9725507414531558,500.0,5140.0,165.5323813974412,0.3519937994974669,0.948376676027187,1260.0,0.0013235294117647058,0.08722005150869712,True
R11,relu,100,8,80,15000,1.5,80,67,relu_p100_rt8_rs80_n15000_eta1.5_seed67.npz,0.9999999954759213,9.393579569725189,0.05194711451719932,180.8296698869586,0.0004528320965750638,0.9325493054545196,0.9540391230962768,0.9695022041203403,500.0,4620.0,166.56585790573777,0.3816901401614876,0.9406987676806969,1780.0,0.0006081081081081081,0.0688695638566972,True
R11,relu,100,8,80,15000,1.5,80,71,relu_p100_rt8_rs80_n15000_eta1.5_seed71.npz,0.9999999990616846,9.39834836362678,0.05114975710596052,183.74179850272608,0.0008122464963519581,0.9167630769717503,0.9281082453329491,0.9670770725455905,500.0,4840.0,177.468824484743,0.3321414535379642,0.9135108269012022,1800.0,0.0020454545454545456,0.08241280753497279,True
R11,relu,100,8,80,15000,1.5,80,83,relu_p100_rt8_rs80_n15000_eta1.5_seed83.npz,0.9999999991139914,9.453372910787609,0.06336786708377236,149.18243813209372,4.777829999563835e-05,0.9192716502086246,0.9449890031696625,0.9683624865290235,500.0,5280.0,146.64633344806808,0.3588831738944114,0.9445804979991721,1360.0,0.0011250000000000001,0.06823574415866633,True
R11,relu,100,8,80,15000,1.5,80,97,relu_p100_rt8_rs80_n15000_eta1.5_seed97.npz,0.9999999986797499,9.395648862147622,0.05998393619868899,156.6360838846213,0.00523388045893919,0.9204190817165605,0.9510770190331007,0.969166125603815,500.0,5240.0,150.80614626569354,0.4176974296766497,0.9473788175247901,1560.0,0.0025,0.06568620977104195,True
R11,relu,100,8,80,15000,1.5,80,101,relu_p100_rt8_rs80_n15000_eta1.5_seed101.npz,0.99999999816643,9.421154915112716,0.048789598159175926,193.09761241271602,0.0021583395793012983,0.9095036556333568,0.9472750241494227,0.9702878436206898,500.0,5120.0,185.05871519603772,0.4342092682638321,0.9155007326958359,1720.0,0.0004326923076923077,0.07139199063385541,True
R11,relu,100,8,80,15000,1.5,80,103,relu_p100_rt8_rs80_n15000_eta1.5_seed103.npz,0.9999999937860569,9.279791541174099,0.05326486333192661,174.21975690326897,1.673648917760608e-06,0.9065957441875072,0.9525418996748214,0.9741968061517092,500.0,5000.0,168.72454491598842,0.46938550147246727,0.916538766225031,2020.0,0.00039473684210526315,0.07648504170915607,True
R11,relu,100,8,80,15000,1.5,80,107,relu_p100_rt8_rs80_n15000_eta1.5_seed107.npz,0.9999999894439053,9.282369791571083,0.04390049855643892,211.44110196465255,0.0007418764625320495,0.9122168736738557,0.9446141793047219,0.9682517404497653,500.0,5460.0,210.4598464351763,0.39466119728378746,0.9372248636678943,1520.0,0.0015,0.0648247878789227,True
R11,relu,100,8,80,15000,1.5,80,109,relu_p100_rt8_rs80_n15000_eta1.5_seed109.npz,0.9999999986807712,9.41370338965301,0.04799341725769215,196.1457201329882,0.0015453788916532233,0.9115851104193141,0.9471347526541423,0.9705713130909281,500.0,5240.0,192.3251187785471,0.4203692168922435,0.939311456406741,1480.0,0.0011842105263157896,0.07536525281966994,True
R11,relu,100,8,80,15000,1.5,80,113,relu_p100_rt8_rs80_n15000_eta1.5_seed113.npz,0.9999999888705831,9.49248247500017,0.050379372103533805,188.42002348684156,0.00043205438857118393,0.8826322049660666,0.9495317620220063,0.9716908486686722,500.0,5540.0,190.4374578292266,0.4248941530306829,0.9483058599167656,1820.0,0.00045,0.06445685066826659,True
R11,relu,100,8,80,15000,1.5,80,127,relu_p100_rt8_rs80_n15000_eta1.5_seed127.npz,0.9999999981222265,9.416559118441663,0.05517594113213686,170.66422294257978,0.0003406050934849984,0.9014710496593346,0.9352366681158981,0.96764145976553,500.0,5160.0,173.08379187596282,0.40881556743583725,0.92437765370368,1500.0,0.0022500000000000003,0.0999215853949566,True
R11,relu,100,8,80,15000,1.5,80,131,relu_p100_rt8_rs80_n15000_eta1.5_seed131.npz,0.9999999922528037,9.256665377660216,0.042326353853603754,218.69744343386392,0.00023557919946723795,0.9136811274179527,0.9428464908930138,0.9734478356260445,500.0,5260.0,200.4551457519115,0.40338370640113475,0.9139959506026438,1340.0,0.0006081081081081081,0.09911078944860104,True
R11,relu,100,8,80,15000,1.5,80,137,relu_p100_rt8_rs80_n15000_eta1.5_seed137.npz,0.999999995268945,9.223699111408298,0.04361298034720685,211.48976836661015,0.0004690937772809501,0.9159049322214308,0.9294417509425524,0.969182891348863,500.0,5480.0,215.11702084772645,0.4157857247904385,0.9272406924951027,1580.0,0.0006081081081081081,0.0912673654148947,True
R11,relu,100,8,80,15000,1.5,80,139,relu_p100_rt8_rs80_n15000_eta1.5_seed139.npz,0.9999999979041708,9.446253168545617,0.049308567965355,191.5742751884968,9.932618268172849e-05,0.9157533667444577,0.9415172797324981,0.9701391603364451,500.0,5300.0,184.13842066113594,0.3853590442556387,0.9401472351701072,1360.0,0.0009375000000000001,0.07777628374426931,True
R11,relu,100,8,80,15000,1.5,80,149,relu_p100_rt8_rs80_n15000_eta1.5_seed149.npz,0.9999999985013279,9.38732533126199,0.05902715950444644,159.0340007900068,0.0004552927174816038,0.923720540441672,0.9372621629589617,0.9690569441653871,500.0,4540.0,153.50894018493392,0.3557155812877675,0.9216098127832342,1420.0,0.0018750000000000001,0.09356607172677397,True
R11,relu,100,8,80,15000,1.5,80,151,relu_p100_rt8_rs80_n15000_eta1.5_seed151.npz,0.9999999905914385,9.323372012388385,0.036622640141173154,254.57946167858458,0.00021541777284200415,0.8981888332169321,0.9507557213957757,0.9709620753277808,500.0,5040.0,228.14791246868597,0.37808510295737874,0.9507527882061915,1900.0,0.0013235294117647058,0.09024259997395101,True
R11,relu,100,8,80,15000,1.5,80,157,relu_p100_rt8_rs80_n15000_eta1.5_seed157.npz,0.9999999983710292,9.404938641800635,0.04917354048933401,191.26014820593636,0.00039227289799744636,0.9138645973104235,0.9481412716367882,0.9686236310162106,500.0,5440.0,188.82147189489874,0.37962402664366746,0.9480623865945446,2020.0,0.0013235294117647058,0.08858753960638105,True
R11,relu,100,8,80,15000,1.5,80,163,relu_p100_rt8_rs80_n15000_eta1.5_seed163.npz,0.9999999991808648,9.473305095059192,0.06899291258767136,137.30838052417602,3.238461386341933e-05,0.9082994264081238,0.943531846106271,0.9661348877491891,500.0,4820.0,130.5275314756477,0.3579314199861745,0.9125480737499708,1740.0,0.0004090909090909091,0.0829520438189225,True
R11,relu,100,8,80,15000,1.5,80,167,relu_p100_rt8_rs80_n15000_eta1.5_seed167.npz,0.9999999979837008,9.368329857668646,0.04446325613130107,210.69824103758265,0.00018893882385045532,0.9193598435737745,0.952248887097616,0.9732475047776714,500.0,5260.0,208.25367875420247,0.3089681666871422,0.7613089867445226,980.0,0.000703125,0.08525462604438602,True
R11,relu,100,8,80,15000,1.5,80,173,relu_p100_rt8_rs80_n15000_eta1.5_seed173.npz,0.9999999987556478,9.433053682252583,0.04762460588602793,198.07100776491768,5.159632355737481e-10,0.911470544011277,0.9509596525931896,0.9704032650609669,500.0,4820.0,182.05419053614037,0.46156374828587743,0.95077536644483,1500.0,0.00140625,0.10078992872695242,True
R11,relu,100,8,80,15000,1.5,80,179,relu_p100_rt8_rs80_n15000_eta1.5_seed179.npz,0.9999999935070092,9.359074708460737,0.055462391949983335,168.74632303815648,6.728476599692838e-05,0.9056163109581268,0.9423995766862912,0.9670858404016738,500.0,5080.0,162.5916334507867,0.31658365415120615,0.8598905320690211,1120.0,0.0006617647058823529,0.0744956237123914,True
R11,relu,100,8,80,15000,1.5,80,181,relu_p100_rt8_rs80_n15000_eta1.5_seed181.npz,0.9999999991524973,9.468524820741404,0.05824229087147238,162.57129791883196,0.0027761785024051867,0.9198368849590138,0.9423999882567733,0.9691482836666163,500.0,4880.0,158.18615277163056,0.26645221452529855,0.850071998396268,1840.0,0.0002922077922077922,0.07692836173203337,True
R11,relu,100,8,80,15000,1.5,80,191,relu_p100_rt8_rs80_n15000_eta1.5_seed191.npz,0.9999999967638922,9.319969046344708,0.047284530513250274,197.10397766840524,0.00021371986193187894,0.9128510294369409,0.9294707225900664,0.968990922453684,500.0,5240.0,178.56239379650196,0.31054109792507023,0.8943738889485664,1600.0,0.0004411764705882353,0.10309141660335372,True
R11,relu,100,8,80,15000,1.5,80,193,relu_p100_rt8_rs80_n15000_eta1.5_seed193.npz,0.999999999032357,9.516372296291356,0.05418121283137027,175.63970607135414,5.939419440076879e-05,0.9087007989700692,0.9499195680269139,0.9701843410613602,500.0,5480.0,175.83556454067656,0.41475308423582247,0.9451028139735385,1600.0,0.00045,0.08893749895334557,True
R11,relu,100,8,80,15000,1.5,80,197,relu_p100_rt8_rs80_n15000_eta1.5_seed197.npz,0.9999999979043556,9.350551822736074,0.05028832232687692,185.9388301315157,0.0034272125837758677,0.9104959390965283,0.9443395988477287,0.9705000858869873,500.0,4900.0,175.01665759827227,0.3456354089177456,0.9280711402132358,1260.0,0.00125,0.0786625102870689,True
R11,relu,100,8,80,15000,1.5,80,199,relu_p100_rt8_rs80_n15000_eta1.5_seed199.npz,0.9999999992740238,9.435408724497007,0.06954908788212599,135.66545603715807,0.00418121148491924,0.9235724719910006,0.9373135212617912,0.9659645597189677,500.0,4980.0,132.76633874470105,0.28907048059085627,0.8629710797845425,1440.0,0.0004326923076923077,0.08589161189404712,True
R11,relu,100,8,80,15000,1.5,80,211,relu_p100_rt8_rs80_n15000_eta1.5_seed211.npz,0.9999999991841617,9.549836938642288,0.06066035900980626,157.43126309388438,0.00010190941257058885,0.9309575050097453,0.9478247990800257,0.97038495295338,500.0,4740.0,153.20583946207236,0.41223766684094176,0.9371133969374806,1540.0,0.00140625,0.06608343660991896,True
R11,relu,100,8,80,15000,1.5,80,223,relu_p100_rt8_rs80_n15000_eta1.5_seed223.npz,0.9999999991266239,9.475322994787161,0.04872964816761619,194.44677626636525,5.807821684601677e-05,0.8964983250884533,0.9327457243679221,0.9640210052292604,500.0,5400.0,191.222835415526,0.34052050251417587,0.9283480193536144,1580.0,0.0018750000000000001,0.09113534994462594,True
R11,relu,100,8,80,15000,1.5,80,227,relu_p100_rt8_rs80_n15000_eta1.5_seed227.npz,0.999999999278314,9.478351731264787,0.05895045830853761,160.78503888225188,0.0010701135567962644,0.9193329741104359,0.94139837493692,0.968615807255548,500.0,4700.0,151.68902760397523,0.4431825355860629,0.934568853977891,1400.0,0.000703125,0.1013731929718821,True
R11,relu,100,8,80,15000,1.5,80,229,relu_p100_rt8_rs80_n15000_eta1.5_seed229.npz,0.9999999908549689,9.354244455086578,0.0454891312768749,205.63691133494896,0.003997164694643028,0.9238990943853926,0.9491355234490667,0.9705788840620264,500.0,5060.0,192.37882687527446,0.36760808844112014,0.8932425560613431,1340.0,0.0004891304347826087,0.06730585652098828,True
R11,relu,100,8,80,15000,1.5,80,233,relu_p100_rt8_rs80_n15000_eta1.5_seed233.npz,0.9999999990924813,9.473124352998475,0.05760535904385984,164.4486643297507,2.5107457039350348e-05,0.8955872156371798,0.9430336488713291,0.9681951882777285,500.0,5260.0,163.08461545449788,0.3458621644228037,0.933897880346506,1400.0,0.0010714285714285715,0.08297588007207955,True
R11,relu,100,8,80,15000,1.5,80,239,relu_p100_rt8_rs80_n15000_eta1.5_seed239.npz,0.9999999991205377,9.436938879310832,0.0543721380116439,173.56203424058646,0.00023347488454806637,0.9193179217720874,0.9311344214804417,0.9680080991355453,500.0,4460.0,170.02396099087923,0.35072357082085026,0.9084570439252911,1060.0,0.0009375000000000001,0.07851170910169476,True
R11,relu,100,8,80,15000,1.5,80,241,relu_p100_rt8_rs80_n15000_eta1.5_seed241.npz,0.9999999991002888,9.482785094636448,0.05001349484312267,189.60452822545395,0.0004482261986165714,0.9048316247426045,0.9521719130198827,0.9686751448842719,500.0,4860.0,180.22004309936239,0.3805049570049198,0.9155446422900487,1300.0,0.0005921052631578948,0.07118479354736648,True
R11,relu,100,8,80,15000,1.5,80,251,relu_p100_rt8_rs80_n15000_eta1.5_seed251.npz,0.9999999972568303,9.329122455637723,0.04521262799891286,206.33886744787412,8.181639615441001e-05,0.9037681803501871,0.9431495715949046,0.9688329295420004,500.0,5240.0,198.9008745192385,0.3155922448556292,0.7989211253597699,1060.0,0.0005232558139534884,0.07273771558585403,True
R11,relu,100,8,80,15000,1.5,80,257,relu_p100_rt8_rs80_n15000_eta1.5_seed257.npz,0.9999999986178151,9.416036849485575,0.04510036117472054,208.77963289490043,0.0010371917941125737,0.9128013813445037,0.9372838349602277,0.9675109282722367,500.0,4960.0,201.7970318525613,0.4002315989870395,0.9315279703966081,1540.0,0.0005357142857142857,0.1018273247394619,True
R11,relu,100,8,80,15000,1.5,80,263,relu_p100_rt8_rs80_n15000_eta1.5_seed263.npz,0.9999999992059028,9.49113537752346,0.04989601931383896,190.2182881128362,0.0005443841903934894,0.8903261903663555,0.9480666316827225,0.9684429105650416,500.0,5340.0,184.94070725035115,0.3599394337541313,0.9218484299728521,1540.0,0.0005625000000000001,0.07742343909855355,True
R11,relu,100,8,80,15000,1.5,80,269,relu_p100_rt8_rs80_n15000_eta1.5_seed269.npz,0.99999999779823,9.352758335326447,0.047984928111670065,194.91033337719705,0.00017437538878042487,0.8789585572616572,0.9384095184568582,0.9680325814008609,500.0,5540.0,184.9349318669891,0.37190906251067846,0.9331329464069533,1280.0,0.0009375000000000001,0.10468773206034933,True
R11,relu,100,8,80,15000,1.5,80,271,relu_p100_rt8_rs80_n15000_eta1.5_seed271.npz,0.999999999110194,9.484854388079572,0.05663021934875889,167.48750926897907,0.0006413800583535248,0.9039065004699055,0.950142643739064,0.9699746930844928,500.0,4920.0,160.0701757644716,0.34989111604296486,0.9494548477424531,1700.0,0.0006617647058823529,0.0699269126933493,True
R11,relu,100,8,80,15000,1.5,80,277,relu_p100_rt8_rs80_n15000_eta1.5_seed277.npz,0.9999999919682655,9.197475120125198,0.04429620729461525,207.63572508482602,8.83312753638774e-05,0.9229018410467787,0.9496134915629986,0.9723207670624705,500.0,4700.0,198.0252415359381,0.4173318591860946,0.9495197507942091,2380.0,0.0006081081081081081,0.07262769152401786,True
R11,relu,100,8,80,15000,1.5,80,281,relu_p100_rt8_rs80_n15000_eta1.5_seed281.npz,0.9999999908689385,9.318621288882607,0.03648948621880371,255.37825424575442,0.0002730739573819137,0.9141278914727503,0.9495520570879228,0.9685171690526102,500.0,5160.0,235.22816962554361,0.3731593989309856,0.9477095866899975,1480.0,0.0009375000000000001,0.0892910073369821,True
R11,relu,100,8,80,15000,1.5,80,283,relu_p100_rt8_rs80_n15000_eta1.5_seed283.npz,0.9999999991822083,9.46172602876581,0.05917096955215734,159.9048672073152,1.8062421593593882e-07,0.8978007052353383,0.939068338917925,0.9659701464110539,500.0,5040.0,155.6526158705029,0.3527269291210211,0.8121944683168625,1380.0,0.00038135593220338984,0.06248661634713582,True
R11,relu,100,8,80,15000,1.5,80,293,relu_p100_rt8_rs80_n15000_eta1.5_seed293.npz,0.9999999989723606,9.463890979292774,0.058426470220240195,161.97950934941602,0.00013452068318313876,0.9065469891406324,0.9490675455561057,0.9724086271231164,500.0,5240.0,154.95762164352635,0.3732046958598939,0.8897022606389949,1600.0,0.00038135593220338984,0.0636749276996419,True
R11,relu,100,8,80,15000,1.5,80,307,relu_p100_rt8_rs80_n15000_eta1.5_seed307.npz,0.999999983773985,9.233500939559589,0.045147761035753645,204.51736094393135,0.002263628643906241,0.9000498900677598,0.9271036207393745,0.9699843383433392,500.0,5040.0,207.39563372203187,0.35059544479027427,0.8417641515076402,1160.0,0.000576923076923077,0.08189926899014745,True
R11,relu,100,8,80,15000,1.5,80,311,relu_p100_rt8_rs80_n15000_eta1.5_seed311.npz,0.9999999978383217,9.4422278097503,0.0627739194069712,150.41641336006361,4.734733508944306e-05,0.8790297557819501,0.9482955585170837,0.9705660467176367,500.0,5760.0,146.62752757677555,0.45442767732347034,0.9474817268911689,1920.0,0.0008035714285714286,0.07435434083589745,True
R11,relu,100,8,80,15000,1.5,80,313,relu_p100_rt8_rs80_n15000_eta1.5_seed313.npz,0.9999999992731139,9.479574648751107,0.049161786211370184,192.82404849965891,0.00019052335627554865,0.8926925108510119,0.9343309466154952,0.9636273889549467,500.0,5260.0,187.46795548596972,0.30978004405205717,0.8006391721543804,1180.0,0.0004787234042553192,0.06969139624156936,True
R12,relu,100,10,50,15000,1.5,50,5,relu_p100_rt10_rs50_n15000_eta1.5_seed5.npz,0.9999999999388333,3.804758080662397,0.17906644616391315,21.247744410918905,7.028552678569537e-05,0.6677097565292032,0.8478752884809274,0.919922808770926,503.0,6900.0,21.711831445328244,0.31506750678545037,0.8008972917731385,2680.0,0.0002102803738317757,0.29676263822875415,False
R12,relu,100,10,50,15000,1.5,50,11,relu_p100_rt10_rs50_n15000_eta1.5_seed11.npz,0.9999999999468985,3.7931709382915044,0.20108022583589322,18.863967963648548,9.817561154417927e-06,0.6520127331317722,0.8551181558148857,0.9237965549048779,503.0,7040.0,19.42787195847248,0.3200574741688079,0.8165444670557319,3040.0,0.0001923076923076923,0.3010253109113299,False
R12,relu,100,10,50,15000,1.5,50,23,relu_p100_rt10_rs50_n15000_eta1.5_seed23.npz,0.9999999999498759,3.809638250988075,0.17853485268404148,21.33834483135966,0.00046788632812212836,0.7476526459245346,0.8712628138419615,0.9271169550185169,503.0,6740.0,21.80354304940489,0.26397311244673827,0.8684369566003565,2800.0,0.00025,0.2927818931187028,False
R12,relu,100,10,50,15000,1.5,50,37,relu_p100_rt10_rs50_n15000_eta1.5_seed37.npz,0.9999999999344581,3.828557953630605,0.17254613133172883,22.188605007144467,0.0003079787182449072,0.6454799228088848,0.8574744156914874,0.9271703213159599,503.0,7140.0,22.981004223742275,0.35683487953045845,0.8368245420508832,3540.0,0.00020833333333333335,0.28227985241841896,False
R12,relu,100,10,50,15000,1.5,50,41,relu_p100_rt10_rs50_n15000_eta1.5_seed41.npz,0.9999999999442416,3.819463096774078,0.161955856048448,23.58335900883702,0.00045325685102246964,0.638634495100121,0.8707780229246473,0.9250425534477861,503.0,6920.0,23.801417563321714,0.2660937431031154,0.7931426713602975,3080.0,0.0001618705035971223,0.32243521735053554,False
R12,relu,100,10,50,15000,1.5,50,53,relu_p100_rt10_rs50_n15000_eta1.5_seed53.npz,0.9999999999449234,3.822867735029075,0.1817780821526967,21.030410761060846,0.0006627147809581612,0.7640870663967823,0.8740987689569505,0.9338712717435256,503.0,6860.0,21.400746189612754,0.2776492421553005,0.8670932755191585,2720.0,0.0004891304347826087,0.28438179492305077,False
R12,relu,100,10,50,15000,1.5,50,67,relu_p100_rt10_rs50_n15000_eta1.5_seed67.npz,0.9999999999438567,3.8060253084561624,0.16661233711570098,22.843598345380244,0.0011638655346442295,0.7025182469368146,0.8640052992434458,0.9296156156634803,503.0,7220.0,23.051578284832917,0.2687504031837824,0.757872922659681,2620.0,0.00020089285714285714,0.2860619182319237,False
R12,relu,100,10,50,15000,1.5,50,71,relu_p100_rt10_rs50_n15000_eta1.5_seed71.npz,0.9999999999383878,3.824536362475669,0.17288908084636387,22.121329720494636,2.7824207694421623e-06,0.6448208617464788,0.8566084087727291,0.9271658541620857,503.0,6860.0,22.455579354974954,0.29839984594591906,0.7744355836405951,3020.0,0.00016791044776119405,0.254200990669757,False
R12,relu,100,10,50,15000,1.5,50,83,relu_p100_rt10_rs50_n15000_eta1.5_seed83.npz,0.9999999999451058,3.8249756186773824,0.21848886912684976,17.506501058672637,0.00013198020877311484,0.7095522789681352,0.8830292503851539,0.9317173384635724,503.0,6820.0,18.134780275764005,0.2909815408413454,0.8749039353888778,2740.0,0.0006818181818181819,0.27215157439152415,False
R12,relu,100,10,50,15000,1.5,50,97,relu_p100_rt10_rs50_n15000_eta1.5_seed97.npz,0.9999999999438993,3.8120638083340372,0.22730621890774746,16.77060938610381,0.0008968065824807504,0.6400413798755633,0.8886961144110525,0.9310993812206917,503.0,6840.0,17.297031372482973,0.2813297418614591,0.7580024161406287,3360.0,0.00015202702702702702,0.26686562458492125,False
R12,relu,100,10,50,15000,1.5,50,101,relu_p100_rt10_rs50_n15000_eta1.5_seed101.npz,0.9999999999459348,3.8031056655667625,0.172641942416819,22.028862814719233,0.0031545635475381415,0.7153363672018123,0.8658751798195224,0.9287963410803378,503.0,6780.0,22.62494034717383,0.2593346877682381,0.761949993819916,2740.0,0.00016791044776119405,0.28913279053720004,False
R12,relu,100,10,50,15000,1.5,50,103,relu_p100_rt10_rs50_n15000_eta1.5_seed103.npz,0.9999999999481008,3.817134277976921,0.17575197294202638,21.71887014455333,0.0003088555801356592,0.6723172303824572,0.8187665729865927,0.9275411426533294,503.0,6940.0,21.906256012481744,0.28981989261325747,0.8032606456369786,2240.0,0.0002960526315789474,0.2633713613089887,False
R12,relu,100,10,50,15000,1.5,50,107,relu_p100_rt10_rs50_n15000_eta1.5_seed107.npz,0.9999999999437327,3.8015918529907404,0.13639466821193916,27.87199751154182,0.0002476455530797988,0.7007747961159548,0.8756946230756273,0.9296527050246766,503.0,6860.0,28.39106623335372,0.27545442521837316,0.8453976788465465,2840.0,0.00020270270270270272,0.3053519077302467,False
R12,relu,100,10,50,15000,1.5,50,109,relu_p100_rt10_rs50_n15000_eta1.5_seed109.npz,0.999999999942279,3.8343195313061536,0.2604408569805248,14.722419422820726,0.0012291110553749958,0.6698706031196731,0.8671908562903116,0.9268245309317187,503.0,6760.0,15.130779982338765,0.2708845775108608,0.6301482224279661,2880.0,0.0001607142857142857,0.25481163284682634,False
R12,relu,100,10,50,15000,1.5,50,113,relu_p100_rt10_rs50_n15000_eta1.5_seed113.npz,0.9999999999388873,3.8246118932867708,0.20212779475345366,18.921751449135726,0.0020764240638447185,0.7268290066612633,0.8608405597362586,0.9288669605406312,503.0,6760.0,19.435566754822926,0.3061357451655182,0.8163339804040871,2460.0,0.0003515625,0.29620808699205947,False
R12,relu,100,10,50,15000,1.5,50,127,relu_p100_rt10_rs50_n15000_eta1.5_seed127.npz,0.9999999999427881,3.803854249480819,0.24039700550175,15.823218103493092,0.0023250846169581315,0.6238700928070863,0.8822645276251484,0.9303786343892089,503.0,6820.0,16.11052999767634,0.2963474490345277,0.8820085594271836,3320.0,0.00017045454545454547,0.35270397919153984,False
R12,relu,100,10,50,15000,1.5,50,131,relu_p100_rt10_rs50_n15000_eta1.5_seed131.npz,0.9999999999423721,3.828862056576922,0.1963512876593251,19.50006084615092,1.9563157771532915e-05,0.6304710251016663,0.8365623352149458,0.9152271932994651,503.0,7060.0,19.86323724541026,0.2690576455432645,0.8332995029371063,3120.0,0.00020270270270270272,0.3114554120342131,False
R12,relu,100,10,50,15000,1.5,50,137,relu_p100_rt10_rs50_n15000_eta1.5_seed137.npz,0.9999999999484082,3.8277370901043635,0.19912048763386853,19.223220752364718,5.3873320123893645e-05,0.7573779892342954,0.8604079661789179,0.9350945670613695,503.0,6920.0,19.53042439372263,0.28617589405048127,0.8409359105602822,2440.0,0.0004411764705882353,0.2880711975827168,False
R12,relu,100,10,50,15000,1.5,50,139,relu_p100_rt10_rs50_n15000_eta1.5_seed139.npz,0.9999999999505829,3.8214463984294826,0.19908392920504642,19.195152585589092,7.123534390363902e-05,0.5266206860517606,0.8497707097189166,0.9268527899138895,503.0,7060.0,19.406335412714203,0.318205958042142,0.7170976712226483,3840.0,0.000125,0.28267264538662074,False
R12,relu,100,10,50,15000,1.5,50,149,relu_p100_rt10_rs50_n15000_eta1.5_seed149.npz,0.9999999999427042,3.8310775742348704,0.1877537147401569,20.404803066277104,0.00032902394755077754,0.5902491265765728,0.8601028019168508,0.9325341467018708,503.0,6960.0,20.623092462353537,0.2869919698830984,0.858451915092361,3480.0,0.0001530612244897959,0.2982591426537301,False
R12,relu,100,10,50,15000,1.5,50,151,relu_p100_rt10_rs50_n15000_eta1.5_seed151.npz,0.9999999999467013,3.8181000169004102,0.17254896337300446,22.127632309483683,0.003491276970820443,0.6216574405191136,0.8792101368512736,0.9286164730060156,503.0,6980.0,22.124612294598833,0.3437093732872266,0.8694629604460394,3360.0,0.00020089285714285714,0.29779850112423223,False
R12,relu,100,10,50,15000,1.5,50,157,relu_p100_rt10_rs50_n15000_eta1.5_seed157.npz,0.9999999999415854,3.8027206431296086,0.2031257685930707,18.72101540572008,0.0032362636354668233,0.7724581575460884,0.8880487065100077,0.9394191957399073,503.0,6600.0,19.050280852892254,0.2808656934752266,0.8190011430548714,2420.0,0.0002142857142857143,0.2473181430312162,False
R12,relu,100,10,50,15000,1.5,50,163,relu_p100_rt10_rs50_n15000_eta1.5_seed163.npz,0.9999999999447545,3.8080306226705565,0.1763007275807283,21.599630783865344,0.0023999704765130516,0.6133720361299375,0.8454293529817182,0.9307204197350627,503.0,7100.0,22.277311147245154,0.26271397771939553,0.687534955728102,3120.0,0.00015625,0.2428880546043563,False
R12,relu,100,10,50,15000,1.5,50,167,relu_p100_rt10_rs50_n15000_eta1.5_seed167.npz,0.9999999999360126,3.790194942876307,0.1981812501140108,19.124891687260337,0.0003141618112062067,0.6589300921392051,0.8782397093601633,0.9337168602580412,503.0,7080.0,19.667495051473576,0.3266721822274077,0.8274017398379279,2980.0,0.00019911504424778762,0.27482901976786694,False
R12,relu,100,10,50,15000,1.5,50,173,relu_p100_rt10_rs50_n15000_eta1.5_seed173.npz,0.9999999999431649,3.8082130601381556,0.202165225401013,18.83713211599186,3.262818245482976e-05,0.6560699176201464,0.8694209433361624,0.9346647731790793,502.0,6840.0,19.147878468527292,0.28475522057579994,0.80296465713826,3620.0,0.0001323529411764706,0.2556839823649517,False
R12,relu,100,10,50,15000,1.5,50,179,relu_p100_rt10_rs50_n15000_eta1.5_seed179.npz,0.9999999999417664,3.8349561777318617,0.18941061110488605,20.246786361975552,0.0005018136776348493,0.6411653637946333,0.8623921640730429,0.9262853551623799,503.0,6920.0,20.658079119547345,0.3128367118076002,0.8583668773712424,3180.0,0.000225,0.2612748512112411,False
R12,relu,100,10,50,15000,1.5,50,181,relu_p100_rt10_rs50_n15000_eta1.5_seed181.npz,0.9999999999423171,3.818213715200935,0.19085466586606195,20.005870424359877,1.1213446192894067e-05,0.550760395834027,0.8460927011682866,0.9249124008948973,503.0,6720.0,20.102306170356126,0.32809487025577666,0.8457828029297159,3680.0,0.0005625000000000001,0.26916014451299075,False
R12,relu,100,10,50,15000,1.5,50,191,relu_p100_rt10_rs50_n15000_eta1.5_seed191.npz,0.9999999999497505,3.7904501914501196,0.25489758726154954,14.870482816931302,6.3227709333918105e-06,0.6273922192794095,0.8685316609918203,0.9331656827189292,503.0,6860.0,15.240833685043476,0.26351077620142105,0.7476610529447361,3260.0,0.00015202702702702702,0.3102293276625977,False
R12,relu,100,10,50,15000,1.5,50,193,relu_p100_rt10_rs50_n15000_eta1.5_seed193.npz,0.9999999999455944,3.8259837151229195,0.24360269120089018,15.705835170629422,0.0009354643707066071,0.6430965980658389,0.8625979472575773,0.9228251855563112,503.0,7060.0,16.01835990979402,0.3113607404028663,0.7732616348539603,3300.0,0.000151006711409396,0.29205564174943066,False
R12,relu,100,10,50,15000,1.5,50,197,relu_p100_rt10_rs50_n15000_eta1.5_seed197.npz,0.9999999999457453,3.812658901909418,0.21110767977948502,18.060256765135097,0.001813944790485969,0.6642458095782171,0.8650099284806553,0.9254545819710988,503.0,6940.0,18.52960169834851,0.26914096592104186,0.7806594508614323,3020.0,0.0001584507042253521,0.28163400608475575,False
R12,relu,100,10,50,15000,1.5,50,199,relu_p100_rt10_rs50_n15000_eta1.5_seed199.npz,0.9999999999448523,3.8138246676127285,0.2484971877389526,15.347556655728306,1.5764727556566527e-05,0.6486610631017544,0.866638428811151,0.9289686893314784,503.0,6720.0,15.482002699672794,0.30430411624889164,0.8389054396233137,3180.0,0.00017857142857142857,0.2637376945618676,False
R12,relu,100,10,50,15000,1.5,50,211,relu_p100_rt10_rs50_n15000_eta1.5_seed211.npz,0.9999999999473228,3.803250543932363,0.19573263535707683,19.430845229228424,0.002270194672183746,0.7228514476064165,0.8644579951827709,0.9186074469875145,503.0,6980.0,19.813430462271196,0.34003658651926094,0.8639393501130584,2480.0,0.00033088235294117646,0.3194089177917231,False
R12,relu,100,10,50,15000,1.5,50,223,relu_p100_rt10_rs50_n15000_eta1.5_seed223.npz,0.9999999999451491,3.7881534984183722,0.19631072199113078,19.296722359309133,0.0005790089586542755,0.6040739239425597,0.8470222957733867,0.9206830222888636,503.0,7080.0,20.026477971876776,0.34861569300324535,0.842036927807918,3360.0,0.00030000000000000003,0.28727020842973167,False
R12,relu,100,10,50,15000,1.5,50,227,relu_p100_rt10_rs50_n15000_eta1.5_seed227.npz,0.9999999999491678,3.7952470865675565,0.2394786970192853,15.847952798331468,4.6213056039625597e-05,0.7233293733296445,0.8639715277005026,0.9340189756368364,503.0,6840.0,15.816692467096697,0.3017804137502761,0.8615994376859695,2980.0,0.0006818181818181819,0.28110612408629176,False
R12,relu,100,10,50,15000,1.5,50,229,relu_p100_rt10_rs50_n15000_eta1.5_seed229.npz,0.99999999994408,3.819305483586357,0.18768200745258046,20.349875491135393,0.0001400613166284543,0.715829321604506,0.8717807388603975,0.9253117966031791,503.0,6680.0,20.96305507335317,0.23360963260479195,0.7799302292119277,2460.0,0.0001939655172413793,0.27359710200359266,False
R12,relu,100,10,50,15000,1.5,50,233,relu_p100_rt10_rs50_n15000_eta1.5_seed233.npz,0.9999999999413876,3.8115964485355502,0.18142169587091667,21.00959551854007,0.0017505189437610816,0.7524421827685394,0.8607118526474974,0.9272996495140935,503.0,6580.0,21.357964367284847,0.264835488060436,0.8083470750280454,1800.0,0.00030821917808219177,0.30061457753698806,False
R12,relu,100,10,50,15000,1.5,50,239,relu_p100_rt10_rs50_n15000_eta1.5_seed239.npz,0.9999999999404646,3.8389533712663826,0.16457361471380622,23.326663742194206,6.948209570228671e-05,0.6222374099096927,0.8526804621765549,0.9220815463668096,503.0,6740.0,23.567044889689498,0.3097927610911191,0.8260992965183042,3400.0,0.00017857142857142857,0.3174532565139177,False
R12,relu,100,10,50,15000,1.5,50,241,relu_p100_rt10_rs50_n15000_eta1.5_seed241.npz,0.9999999999472707,3.8009901706747495,0.19550635877842737,19.441772607419455,0.0009749121527545875,0.656628584495861,0.8639921852760085,0.9263191507885031,503.0,6840.0,19.75057454821822,0.330978365591476,0.8577327836880109,3300.0,0.00023195876288659793,0.28195049029163155,False
R12,relu,100,10,50,15000,1.5,50,251,relu_p100_rt10_rs50_n15000_eta1.5_seed251.npz,0.9999999999451187,3.8155375365969744,0.17888966772613993,21.32899895838666,0.0007490436667378459,0.4850807985548466,0.8419599543940168,0.9262688289023948,503.0,7020.0,21.838550277079758,0.3257584199287771,0.8370574178081652,4060.0,0.0001355421686746988,0.2751396501449133,False
R12,relu,100,10,50,15000,1.5,50,257,relu_p100_rt10_rs50_n15000_eta1.5_seed257.npz,0.9999999999454428,3.8242362937058,0.16811905580614142,22.747191122198178,1.5609057593335112e-05,0.5037484115713934,0.8231787572526453,0.9143506256488678,503.0,7120.0,23.261078401227326,0.2883170460538014,0.8187205059672694,3980.0,0.0002647058823529412,0.26331799051215365,False
R12,relu,100,10,50,15000,1.5,50,263,relu_p100_rt10_rs50_n15000_eta1.5_seed263.npz,0.9999999999418736,3.832660870174342,0.24933316822848825,15.371644684922552,0.0005886455554736494,0.7012027835387112,0.8569371213572534,0.9215368826381164,503.0,6840.0,15.726130646418028,0.2677440145890093,0.8251033143907157,2560.0,0.00023195876288659793,0.28713708552885775,False
R12,relu,100,10,50,15000,1.5,50,269,relu_p100_rt10_rs50_n15000_eta1.5_seed269.npz,0.9999999999465857,3.837129379932826,0.15464267600551088,24.812874938843436,7.134678186368295e-05,0.7224143370813366,0.8402285025878902,0.9195553858132073,503.0,6720.0,25.125538460277763,0.2824735639530084,0.8401990503777153,3640.0,0.00140625,0.2769440003150134,False
R12,relu,100,10,50,15000,1.5,50,271,relu_p100_rt10_rs50_n15000_eta1.5_seed271.npz,0.9999999999398026,3.810468083666307,0.18776715095110152,20.293582047578877,0.00038736759037935793,0.688790202182212,0.847335718534284,0.9265118112417017,503.0,6760.0,20.666014798983134,0.26441416503880477,0.5619969834363137,2800.0,0.00016423357664233578,0.2906912759432158,False
R12,relu,100,10,50,15000,1.5,50,277,relu_p100_rt10_rs50_n15000_eta1.5_seed277.npz,0.999999999940104,3.8050220512233377,0.1622078765898798,23.457689794212705,0.00010107559250532528,0.6515589724437537,0.8526823952369589,0.9290946512544931,503.0,6980.0,24.295388366943097,0.2785752271446349,0.726892800155531,3180.0,0.00015625,0.25566462554251396,False
R12,relu,100,10,50,15000,1.5,50,281,relu_p100_rt10_rs50_n15000_eta1.5_seed281.npz,0.9999999999491325,3.817954731000638,0.1731949428452819,22.044262195411125,5.37678975489038e-05,0.7487048771129674,0.8913090285569042,0.9325303406467451,503.0,6600.0,22.388422934779623,0.2742310650031652,0.8275601406807541,2200.0,0.00025,0.25718062620094595,False
R12,relu,100,10,50,15000,1.5,50,283,relu_p100_rt10_rs50_n15000_eta1.5_seed283.npz,0.9999999999466823,3.809926116220622,0.2280087605184777,16.709560227234636,0.00068739969326436,0.7434540192115668,0.8818714402542784,0.9278665926019662,503.0,6860.0,17.15014970049194,0.2956677310745728,0.8357813200774149,2600.0,0.00021844660194174757,0.30679348223868197,False
R12,relu,100,10,50,15000,1.5,50,293,relu_p100_rt10_rs50_n15000_eta1.5_seed293.npz,0.9999999999463189,3.837122576883303,0.1756622062410286,21.84375716890594,0.0033722290592692818,0.6186865589234168,0.8506231311436367,0.9306257832182565,503.0,6740.0,22.816755002043006,0.2794563541643451,0.8504100846620078,3320.0,0.0002710843373493976,0.2597097129657464,False
R12,relu,100,10,50,15000,1.5,50,307,relu_p100_rt10_rs50_n15000_eta1.5_seed307.npz,0.9999999999489797,3.7676955063125934,0.19559871329452244,19.26237367747605,0.0010100118947794447,0.5967617266811945,0.8387083110292326,0.9219380151460894,503.0,6740.0,19.386387027128062,0.3123804379856451,0.8119472127485503,3780.0,0.00018442622950819672,0.3752782576150807,False
R12,relu,100,10,50,15000,1.5,50,311,relu_p100_rt10_rs50_n15000_eta1.5_seed311.npz,0.9999999999433806,3.813182777637661,0.21070948969398587,18.096872538467817,0.00046971247094820795,0.736355555269987,0.8633832483530672,0.9238573152948405,503.0,6660.0,18.156432728840976,0.34011729685155845,0.8633577454250546,3120.0,0.00036885245901639344,0.27470597614113107,False
R12,relu,100,10,50,15000,1.5,50,313,relu_p100_rt10_rs50_n15000_eta1.5_seed313.npz,0.9999999999493786,3.819356139797876,0.14999142707487279,25.46382959534966,0.0005271913185646573,0.6908026460438118,0.8635237242303879,0.9235384539669746,503.0,7000.0,26.600341190915294,0.29897553566774004,0.8561871852947475,2860.0,0.0002616279069767442,0.25564049803259026,False
R6,relu,100,12,50,15000,1.5,50,5,relu_p100_rt12_rs50_n15000_eta1.5_seed5.npz,0.9999999999404794,3.5234160501326337,0.15885608325595316,22.17992523745919,0.0007578712297386122,0.3136920254101172,0.518058471773785,0.8962357959464794,520.0,6900.0,22.233698606043003,0.07913302462871652,0.35761970001559307,7600.0,5.936675461741425e-05,0.35754831191210784,False
R6,relu,100,12,50,15000,1.5,50,11,relu_p100_rt12_rs50_n15000_eta1.5_seed11.npz,0.9999999999340361,3.500278881054895,0.1507002779158088,23.226757969287778,0.0011280298215720697,0.7541662250073604,0.8311005125213329,0.9346164046594514,516.0,5880.0,23.262743923462985,0.060414991464764034,0.26587395026903493,200.0,0.0022500000000000003,0.31565069661007084,False
R6,relu,100,12,50,15000,1.5,50,23,relu_p100_rt12_rs50_n15000_eta1.5_seed23.npz,0.9999999999166067,3.4440382691210303,0.15066054181223854,22.859590359187614,5.1438183848758514e-05,0.7393391737942522,0.8204948244013532,0.9314949727786165,540.0,5900.0,22.88472191338931,0.06751251468094988,0.28367058176357174,480.0,0.0009375000000000001,0.4047205834337835,False
R6,relu,100,12,50,15000,1.5,50,37,relu_p100_rt12_rs50_n15000_eta1.5_seed37.npz,0.9999999999382997,3.534021639472295,0.1526579674523884,23.149932482721546,3.5259407365596566e-06,0.7272742403318889,0.787082691398181,0.9318085056770807,510.0,5300.0,23.14994909417134,0.09868435696007827,0.7644777074257039,1940.0,0.0004891304347826087,0.30429139495915175,False
R6,relu,100,12,50,15000,1.5,50,41,relu_p100_rt12_rs50_n15000_eta1.5_seed41.npz,0.9999999999567005,3.577848274496878,0.15397297043028055,23.2368594598033,0.0005676142349462816,0.7975131033436869,0.8615170663002993,0.9439514694199359,503.0,4220.0,22.999421489500374,0.050292621511393576,0.3368015368364813,420.0,0.0010714285714285715,0.35096843510168757,False
R6,relu,100,12,50,15000,1.5,50,53,relu_p100_rt12_rs50_n15000_eta1.5_seed53.npz,0.9999999999576207,3.5441092199147883,0.15963069549604794,22.201928074682428,2.2077137866451514e-06,0.7533608446589971,0.825280090859225,0.932317422784756,506.0,5440.0,22.193757472893513,0.08933692390336723,0.7015210461526147,820.0,0.0005487804878048781,0.33529382722409184,False
R6,relu,100,12,50,15000,1.5,50,67,relu_p100_rt12_rs50_n15000_eta1.5_seed67.npz,0.999999999953804,3.5376072344515985,0.15217645094095836,23.246745554764743,0.0013133770568046189,0.7000897516693155,0.7900796906839239,0.9382219218940479,503.0,5220.0,23.14661520467621,0.03895170649167756,0.2763161644471912,460.0,0.0009782608695652175,0.30556329968813756,False
R6,relu,100,12,50,15000,1.5,50,71,relu_p100_rt12_rs50_n15000_eta1.5_seed71.npz,0.9999999999550282,3.524406849419748,0.15391574184785167,22.898287121948083,0.0007569714920529571,0.41642048928463704,0.712086760517718,0.9356190634209143,504.0,6360.0,22.960094034866028,0.05806308058359155,0.5064640223469017,5100.0,8.823529411764706e-05,0.3302017573593588,False
R6,relu,100,12,50,15000,1.5,50,83,relu_p100_rt12_rs50_n15000_eta1.5_seed83.npz,0.9999999999438074,3.511357058431281,0.14898682934528643,23.56823803729314,0.0003229067019660507,0.6212682959976258,0.7766647728702589,0.9251577995128643,520.0,6100.0,23.567458908994855,0.06848191051770569,0.41315643899251836,2320.0,0.0001939655172413793,0.3348671351817339,False
R6,relu,100,12,50,15000,1.5,50,97,relu_p100_rt12_rs50_n15000_eta1.5_seed97.npz,0.999999999936171,3.494680239663473,0.14308208393002295,24.42430347444907,0.0006662839987804485,0.6961322079570501,0.8258291895455396,0.9345536207572259,510.0,6040.0,24.449356636629943,0.05279073271523338,0.3299078986190343,960.0,0.00046875000000000004,0.32995059014001493,False
R6,relu,100,12,50,15000,1.5,50,101,relu_p100_rt12_rs50_n15000_eta1.5_seed101.npz,0.9999999999389049,3.48717207029041,0.14690882913364797,23.73698089389856,0.00021177298698758738,0.7607292549341799,0.8399137063887684,0.9372888000257276,521.0,5300.0,23.730691167489393,0.061605875390355114,0.31273588963483,260.0,0.0017307692307692308,0.29315650443833,False
R6,relu,100,12,50,15000,1.5,50,103,relu_p100_rt12_rs50_n15000_eta1.5_seed103.npz,0.9999999999529586,3.554728751714652,0.16066664700010183,22.12487045747833,6.277497468008292e-07,0.8478649165190846,0.8799042626480617,0.9487974937645776,501.0,3920.0,21.937995840213826,0.02399223538704609,0.08793640572932304,60.0,0.007500000000000001,0.3144697510168223,False
R6,relu,100,12,50,15000,1.5,50,107,relu_p100_rt12_rs50_n15000_eta1.5_seed107.npz,0.9999999999511688,3.522927823095847,0.1561871501505949,22.555810895448552,9.869523243505276e-05,0.733541036217079,0.8118671490114463,0.9311639656704186,505.0,5740.0,22.570897180634134,0.055463959512347505,0.3058255333667217,360.0,0.00125,0.33497203161371036,False
R6,relu,100,12,50,15000,1.5,50,109,relu_p100_rt12_rs50_n15000_eta1.5_seed109.npz,0.9999999999493571,3.499045972755248,0.13856881009735894,25.251324380261373,5.88427903415745e-05,0.17881640467624968,0.7001128441601612,0.9316091487508505,512.0,7140.0,25.313123219828306,0.07976186851364853,0.6557173719250442,6420.0,9.698275862068965e-05,0.3382461609971383,False
R6,relu,100,12,50,15000,1.5,50,113,relu_p100_rt12_rs50_n15000_eta1.5_seed113.npz,0.9999999999545278,3.570801612407378,0.1465636607503637,24.363485424189754,0.0007527041018746815,0.830331736872299,0.86128520031848,0.9399986675563201,503.0,3460.0,24.15048270542625,0.026941594158687465,0.11623628450088053,80.0,0.005625,0.32213552168416765,False
R6,relu,100,12,50,15000,1.5,50,127,relu_p100_rt12_rs50_n15000_eta1.5_seed127.npz,0.9999999999314791,3.502459774089547,0.14415017892542648,24.29729744492015,0.0002217533215165053,0.5571490969594465,0.7548959690744388,0.9207944764785285,528.0,6440.0,24.29765925708317,0.09933567899495432,0.7335630197329657,3580.0,0.00016304347826086958,0.38159943230355003,False
R6,relu,100,12,50,15000,1.5,50,131,relu_p100_rt12_rs50_n15000_eta1.5_seed131.npz,0.999999999938929,3.498774596843899,0.1565277729107462,22.35242047964828,3.734902188840714e-06,0.46677868483128826,0.6953340110665318,0.9212862842254408,526.0,6580.0,22.370472615778596,0.08657472092201046,0.5944787139321155,4420.0,0.00010321100917431193,0.3205290374068175,False
R6,relu,100,12,50,15000,1.5,50,137,relu_p100_rt12_rs50_n15000_eta1.5_seed137.npz,0.9999999999463822,3.530213231185932,0.161945884458304,21.798721486465755,0.0018373706103894025,0.7686971793332654,0.8476336587274087,0.9407463219102831,503.0,4980.0,21.762564745193657,0.09242791269680783,0.8398756061773689,2040.0,0.00034090909090909094,0.3762238216915107,False
R6,relu,100,12,50,15000,1.5,50,139,relu_p100_rt12_rs50_n15000_eta1.5_seed139.npz,0.999999999953541,3.540487452561764,0.1616867045401119,21.897208324160168,4.337384466693143e-05,0.3887768677758488,0.605874878899595,0.9001193656220953,504.0,7100.0,22.082407135984027,0.08208172297406136,0.43314300052180943,5880.0,7.679180887372014e-05,0.3868750720285185,False
R6,relu,100,12,50,15000,1.5,50,149,relu_p100_rt12_rs50_n15000_eta1.5_seed149.npz,0.9999999999379915,3.4987396913783817,0.14631159785408152,23.912934741289074,0.0026058295227137105,0.7790856744293776,0.8533548584201865,0.9352999958173897,518.0,5660.0,23.889723899010626,0.04878339034994961,0.22002374487847387,140.0,0.0032142857142857142,0.3520450016402363,False
R6,relu,100,12,50,15000,1.5,50,151,relu_p100_rt12_rs50_n15000_eta1.5_seed151.npz,0.9999999999545449,3.5654373332580676,0.16119079386722432,22.119360837660373,0.0005176763717353764,0.5467519998180422,0.7869638969261201,0.9247818831300995,504.0,6160.0,22.173830113819893,0.06999429323688666,0.5281350582730848,3620.0,0.00012430939226519338,0.34397586043051065,False
R6,relu,100,12,50,15000,1.5,50,157,relu_p100_rt12_rs50_n15000_eta1.5_seed157.npz,0.9999999999429264,3.5212285608817258,0.1467118901716189,24.000976040610645,0.0002755821160433714,0.7556587395671338,0.8598167093480519,0.9361412450241712,508.0,5660.0,24.022341171888197,0.0602462658638101,0.3059564567632207,200.0,0.0022500000000000003,0.3221578538712984,False
R6,relu,100,12,50,15000,1.5,50,163,relu_p100_rt12_rs50_n15000_eta1.5_seed163.npz,0.9999999999435996,3.5241750932494815,0.1448851385732545,24.32392395765039,0.0009583948754488809,0.7434795156704957,0.7964545463211729,0.9308419814510991,508.0,5120.0,24.30429347112377,0.04952371390926624,0.23608977599643344,340.0,0.0013235294117647058,0.31116024515247415,False
R6,relu,100,12,50,15000,1.5,50,167,relu_p100_rt12_rs50_n15000_eta1.5_seed167.npz,0.999999999946902,3.5899786829308975,0.17900830815465882,20.054816002334615,2.096772873259255e-05,0.8267283631415151,0.8764000263011716,0.9445698336372553,501.0,4260.0,19.825156400454528,0.036016600560872525,0.15589271115706205,80.0,0.005625,0.31183562165302964,False
R6,relu,100,12,50,15000,1.5,50,173,relu_p100_rt12_rs50_n15000_eta1.5_seed173.npz,0.9999999999514909,3.5578770431666773,0.1482700349614159,23.995927728030406,0.0012350445575330985,0.7940189904676753,0.855226328525174,0.9380432185145048,504.0,4800.0,23.972135756313847,0.040113883511870396,0.1956964937466651,100.0,0.0045000000000000005,0.3220019157402539,False
R6,relu,100,12,50,15000,1.5,50,179,relu_p100_rt12_rs50_n15000_eta1.5_seed179.npz,0.9999999999490122,3.5446451957442817,0.16048433184604602,22.08717296554962,5.2634409519421884e-05,0.7965853804278555,0.8511888293998418,0.937142859142505,504.0,5160.0,22.057145453507207,0.04237741265809292,0.17086859374985974,100.0,0.0045000000000000005,0.3948077488014515,False
R6,relu,100,12,50,15000,1.5,50,181,relu_p100_rt12_rs50_n15000_eta1.5_seed181.npz,0.9999999999350478,3.467538586634337,0.1485563913180823,23.341564478432964,5.5025058719225455e-05,0.7840535291360575,0.8573369911521974,0.9421084011223738,520.0,5160.0,23.27990465467367,0.05287773853274169,0.3053731363903348,380.0,0.0011842105263157896,0.3105953021950209,False
R6,relu,100,12,50,15000,1.5,50,191,relu_p100_rt12_rs50_n15000_eta1.5_seed191.npz,0.9999999999348603,3.4872275072593326,0.14953511869355265,23.320458349358223,5.578293414976851e-05,0.7989984167127943,0.8465334424943617,0.939855563859814,512.0,4680.0,23.26350410617349,0.04282796737512684,0.14557886053097713,100.0,0.0045000000000000005,0.32885003696873527,False
R6,relu,100,12,50,15000,1.5,50,193,relu_p100_rt12_rs50_n15000_eta1.5_seed193.npz,0.9999999999465204,3.503864714033251,0.150991252108055,23.205746459574716,3.601696223663094e-05,0.8727307344231261,0.9006729800105122,0.9522355919281459,508.0,3800.0,23.09071152489743,0.09970684572463218,0.9001247766370496,1800.0,0.0005487804878048781,0.2858543617737022,False
R6,relu,100,12,50,15000,1.5,50,197,relu_p100_rt12_rs50_n15000_eta1.5_seed197.npz,0.9999999999327022,3.4958993784169836,0.15234432173011586,22.947355954691314,0.0010359309010791273,0.6652795155721684,0.7569299949834832,0.9298916127274741,528.0,5740.0,22.946468106765515,0.05319456763616259,0.2406444175783764,340.0,0.0013235294117647058,0.30293651466769306,False
R6,relu,100,12,50,15000,1.5,50,199,relu_p100_rt12_rs50_n15000_eta1.5_seed199.npz,0.9999999999425963,3.5137637860879205,0.14578828572626615,24.101825250112384,0.0021361052745024504,0.6006774553572375,0.7665262642299477,0.9348822513955836,510.0,6040.0,24.118084498148647,0.05224727420379993,0.37701863262501467,2440.0,0.00018442622950819672,0.2851408126083275,False
R6,relu,100,12,50,15000,1.5,50,211,relu_p100_rt12_rs50_n15000_eta1.5_seed211.npz,0.9999999999533418,3.567214967360466,0.14297034201300687,24.95073395736813,0.00036314684694125667,0.8169792271845803,0.8584637101319263,0.9375600676063595,504.0,4700.0,24.881795460259134,0.03615921243441833,0.24300500739903774,100.0,0.0045000000000000005,0.33187845966246476,False
R6,relu,100,12,50,15000,1.5,50,223,relu_p100_rt12_rs50_n15000_eta1.5_seed223.npz,0.9999999999221401,3.4630498875873914,0.14675496140115063,23.597497859859335,9.003455335024259e-05,0.8086183116426587,0.8816939522938985,0.9412572271691079,540.0,5200.0,23.592675447348526,0.08001182006510676,0.5624871385302832,1200.0,0.00039473684210526315,0.31830570068795183,False
R6,relu,100,12,50,15000,1.5,50,227,relu_p100_rt12_rs50_n15000_eta1.5_seed227.npz,0.999999999947567,3.6117327034122595,0.16778993638015605,21.525323754991344,0.00015387517343248223,0.7561674285817206,0.8383347724824914,0.9376747903777196,503.0,4960.0,21.43365959076352,0.045530150774731326,0.25405170963906365,200.0,0.0022500000000000003,0.35654189168761635,False
R6,relu,100,12,50,15000,1.5,50,229,relu_p100_rt12_rs50_n15000_eta1.5_seed229.npz,0.999999999924755,3.4631746697507255,0.15367962723722084,22.53502778481462,0.0002563998562667544,0.7372193494834298,0.8206457650597961,0.9396598951795432,509.0,5220.0,22.529515944689397,0.049407775643859675,0.28561014794983486,180.0,0.0025,0.32145705902720506,False
R6,relu,100,12,50,15000,1.5,50,233,relu_p100_rt12_rs50_n15000_eta1.5_seed233.npz,0.9999999999360043,3.5646415564278193,0.15786982692433185,22.5796254159218,0.0016157245555133235,0.5783692881593165,0.7157769057826256,0.9261398876882124,505.0,5960.0,22.64432621059828,0.05933325886667695,0.2987432096620718,1800.0,0.00025,0.29081485717573263,False
R6,relu,100,12,50,15000,1.5,50,239,relu_p100_rt12_rs50_n15000_eta1.5_seed239.npz,0.9999999999298017,3.453884485121598,0.1483950659545398,23.27492806384601,0.0013205792053578504,0.7974968552021515,0.8637474514315089,0.9403713152484076,522.0,5140.0,23.256728763327047,0.046614395081626236,0.2010473527813339,100.0,0.0045000000000000005,0.3249712352950513,False
R6,relu,100,12,50,15000,1.5,50,241,relu_p100_rt12_rs50_n15000_eta1.5_seed241.npz,0.9999999999475266,3.519437100464647,0.1463201548785002,24.052989168765443,1.939223426731257e-05,0.6285601442623511,0.8204112842957767,0.9339945520542333,512.0,6000.0,24.071503280972532,0.07964948308048947,0.5269836439756961,2520.0,0.00017857142857142857,0.3272598108339224,False
R6,relu,100,12,50,15000,1.5,50,251,relu_p100_rt12_rs50_n15000_eta1.5_seed251.npz,0.9999999999486471,3.512915358162205,0.1565557409476738,22.43875144340021,2.8210483386944665e-05,0.08469727506129737,0.612359240503669,0.9201272299827404,511.0,7400.0,22.540079570364945,0.0801516244212862,0.5915802449154052,7320.0,9.036144578313253e-05,0.3216999966760606,False
R6,relu,100,12,50,15000,1.5,50,257,relu_p100_rt12_rs50_n15000_eta1.5_seed257.npz,0.9999999999359553,3.5124213132381796,0.14531264315501666,24.171477697857288,0.00043352869652672136,0.7076142696871385,0.8318605576927949,0.9392608221641243,514.0,5460.0,24.154081569793462,0.05349545781203868,0.357287528840054,640.0,0.000703125,0.3680512298793748,False
R6,relu,100,12,50,15000,1.5,50,263,relu_p100_rt12_rs50_n15000_eta1.5_seed263.npz,0.9999999999382266,3.5044851188798285,0.16233184306270346,21.58840220600564,0.00021369399583050407,0.17214657335241476,0.5727146399237979,0.8888821927784365,518.0,7300.0,21.774802426896418,0.12288947700725761,0.5329018179925435,6740.0,8.064516129032258e-05,0.36464502823796374,False
R6,relu,100,12,50,15000,1.5,50,269,relu_p100_rt12_rs50_n15000_eta1.5_seed269.npz,0.9999999999291295,3.467364570634192,0.14763356511469633,23.486288961053,0.003114699299058512,0.7024569875788226,0.7955820343559222,0.9282469767836564,528.0,5400.0,23.453308296779543,0.0573683349770463,0.3489606999439839,1000.0,0.00045,0.32975350031163725,False
R6,relu,100,12,50,15000,1.5,50,271,relu_p100_rt12_rs50_n15000_eta1.5_seed271.npz,0.9999999999440221,3.5042186497478807,0.14762894846681762,23.736663345099416,0.00017997617715578935,0.5799201368131326,0.7408060640629142,0.9214027854166709,510.0,6220.0,23.763044737353184,0.0731141154614483,0.39302741553741594,2400.0,0.0001875,0.32057980979754913,False
R6,relu,100,12,50,15000,1.5,50,277,relu_p100_rt12_rs50_n15000_eta1.5_seed277.npz,0.9999999999573098,3.5946112985225613,0.17839659629957866,20.14955090559119,0.0003528475045899951,0.7987927102205216,0.8620190179601708,0.9474247945812443,501.0,4520.0,19.987379249831832,0.027738442415347286,0.17068389669239115,100.0,0.0045000000000000005,0.3591452297025574,False
R6,relu,100,12,50,15000,1.5,50,281,relu_p100_rt12_rs50_n15000_eta1.5_seed281.npz,0.9999999999417392,3.532532115905439,0.14676968508771177,24.068540542240346,0.003560165928312374,0.8188439105154796,0.8784262182571644,0.9367504815713633,510.0,4980.0,24.062224683347672,0.07561414443000769,0.6368841604317412,1040.0,0.0004591836734693878,0.3556170940530619,False
R6,relu,100,12,50,15000,1.5,50,283,relu_p100_rt12_rs50_n15000_eta1.5_seed283.npz,0.9999999999414612,3.5184276982159655,0.14602893886290078,24.094044136821676,0.0066467122555084615,0.7717985797671091,0.846137935765785,0.9375518209267852,508.0,5040.0,24.081911048908577,0.041267778718731774,0.22187189472483804,120.0,0.0037500000000000003,0.3023549004593911,False
R6,relu,100,12,50,15000,1.5,50,293,relu_p100_rt12_rs50_n15000_eta1.5_seed293.npz,0.9999999999517369,3.5707476326620387,0.15176593684516115,23.527991240254956,2.2057858854290743e-07,0.3897602017928749,0.8283103833512577,0.9365818449867479,504.0,5500.0,23.52749911368207,0.09127383289488167,0.8185844547555495,4240.0,0.00036885245901639344,0.3177575134201204,False
R6,relu,100,12,50,15000,1.5,50,307,relu_p100_rt12_rs50_n15000_eta1.5_seed307.npz,0.9999999999413091,3.4963424431396763,0.14085208113920208,24.822795764617005,0.0004811536739206424,0.7528296558941241,0.8238560009790926,0.9377996569749624,512.0,4740.0,24.775353715329672,0.044889132900604256,0.2829832661413698,280.0,0.0016071428571428571,0.36342596673171107,False
R6,relu,100,12,50,15000,1.5,50,311,relu_p100_rt12_rs50_n15000_eta1.5_seed311.npz,0.9999999999419618,3.5551669468086917,0.15732979722824608,22.596907956672926,1.222976274836933e-06,0.7395770410656684,0.8120326039412739,0.9325872391066249,506.0,5520.0,22.589912234387167,0.03963985990851926,0.20395825161869652,120.0,0.0037500000000000003,0.3357736445113928,False
R6,relu,100,12,50,15000,1.5,50,313,relu_p100_rt12_rs50_n15000_eta1.5_seed313.npz,0.9999999999386433,3.477484218290095,0.14781828502625052,23.52539956523336,0.00028476622765341797,0.7767034337282852,0.8437176757708442,0.9350194613554234,517.0,5520.0,23.513963091413856,0.052394574473804134,0.21994920303514298,140.0,0.0032142857142857142,0.34581579923044176,False
R13,relu,150,8,50,15000,1.5,50,5,relu_p150_rt8_rs50_n15000_eta1.5_seed5.npz,0.9999999997259199,2.4459476146824333,0.08345768962191556,29.307636309646174,0.0006696640793529636,0.8739350855400816,0.9071742762149174,0.9466021683194303,502.0,5220.0,29.220606753078968,0.26891505480305533,0.8460321451063687,860.0,0.00075,0.38716272816532293,False
R13,relu,150,8,50,15000,1.5,50,11,relu_p150_rt8_rs50_n15000_eta1.5_seed11.npz,0.9999999997365987,2.4548535077930835,0.09229755428694664,26.597167462976493,0.0015765590632752043,0.8810089382680097,0.9272262826567055,0.9495092424523528,502.0,5580.0,26.52155710121719,0.24583969177589293,0.512617896790687,760.0,0.0006081081081081081,0.3347204124185814,False
R13,relu,150,8,50,15000,1.5,50,23,relu_p150_rt8_rs50_n15000_eta1.5_seed23.npz,0.9999999997215465,2.4296340489213435,0.0891995642534054,27.238182935726467,0.0011876464687023145,0.8869870794842164,0.9238591623526089,0.9513669796390213,502.0,5600.0,27.426086965791583,0.1738809163050985,0.29013396181091966,340.0,0.0025,0.3946885053312564,False
R13,relu,150,8,50,15000,1.5,50,37,relu_p150_rt8_rs50_n15000_eta1.5_seed37.npz,0.9999999997212224,2.439731874795093,0.1069912314219414,22.80310117353001,0.0027173714029059587,0.8913531336408513,0.9313027896383559,0.9528315159940102,502.0,5240.0,22.78480104514019,0.24690064352874008,0.5650674657122965,840.0,0.0005357142857142857,0.383609161928226,False
R13,relu,150,8,50,15000,1.5,50,41,relu_p150_rt8_rs50_n15000_eta1.5_seed41.npz,0.999999999731396,2.4486142139763647,0.08819226466448948,27.764500926375423,1.909244196008107e-05,0.8760632995497142,0.9173175790189891,0.9488541733353109,502.0,5120.0,27.584371230472307,0.2692353626519407,0.6795395191264544,1020.0,0.00046875000000000004,0.35202129207367744,False
R13,relu,150,8,50,15000,1.5,50,53,relu_p150_rt8_rs50_n15000_eta1.5_seed53.npz,0.9999999997283331,2.4445143684095836,0.1021401502990078,23.932942738516118,4.133197143532035e-06,0.8883279253427441,0.9285127572292822,0.9512163247808523,502.0,5380.0,23.51606953277416,0.2591741899322073,0.6335800427420295,880.0,0.0006081081081081081,0.3915775618359502,False
R13,relu,150,8,50,15000,1.5,50,67,relu_p150_rt8_rs50_n15000_eta1.5_seed67.npz,0.9999999997491578,2.444627501258386,0.1083703293864952,22.558088686247256,7.36365475135458e-05,0.8967853277184469,0.9329840723807169,0.9485724240026059,502.0,5460.0,22.670390867646116,0.3120742277339976,0.9065098292671568,1160.0,0.0010227272727272728,0.3748064182809747,False
R13,relu,150,8,50,15000,1.5,50,71,relu_p150_rt8_rs50_n15000_eta1.5_seed71.npz,0.9999999997477826,2.442026423502016,0.1089689325661368,22.410299578000092,4.650682390806893e-06,0.874274096417598,0.919259850409783,0.9460945821448206,502.0,5880.0,22.394660245933654,0.25290632217321485,0.5331553295518752,800.0,0.000625,0.4141300972587554,False
R13,relu,150,8,50,15000,1.5,50,83,relu_p150_rt8_rs50_n15000_eta1.5_seed83.npz,0.9999999997493036,2.4529875633999088,0.07713468630397607,31.80135527787146,0.0006249614125012446,0.8678324044252061,0.9216598088475492,0.9451738111869252,502.0,5780.0,32.16485785811129,0.2961521756577059,0.7692099435740256,980.0,0.00046875000000000004,0.4068772318615318,False
R13,relu,150,8,50,15000,1.5,50,97,relu_p150_rt8_rs50_n15000_eta1.5_seed97.npz,0.9999999997373045,2.4496506805715415,0.11121017222800234,22.027217758005843,0.0005025477599694479,0.8722350951245124,0.909233364608452,0.9461949027795247,502.0,5440.0,22.003004801408323,0.31357302599574877,0.7620602787634543,1120.0,0.0005921052631578948,0.3995181527024401,False
R13,relu,150,8,50,15000,1.5,50,101,relu_p150_rt8_rs50_n15000_eta1.5_seed101.npz,0.9999999997263647,2.461873014062207,0.058069344766817806,42.39539853511451,0.00020302647854896728,0.8936661907719107,0.9275734089399145,0.947826376779436,502.0,5580.0,42.1846067234549,0.29930730455741494,0.8861735202292549,1120.0,0.0004591836734693878,0.38657578991561964,False
R13,relu,150,8,50,15000,1.5,50,103,relu_p150_rt8_rs50_n15000_eta1.5_seed103.npz,0.9999999997172926,2.4441761933121726,0.07766264046304709,31.47171122098461,0.0008508271953656456,0.8785899048777788,0.9244112454502464,0.9477206658657705,502.0,5960.0,31.602833662249974,0.2636452084031281,0.6705875714367111,840.0,0.0006818181818181819,0.3797866851575496,False
R13,relu,150,8,50,15000,1.5,50,107,relu_p150_rt8_rs50_n15000_eta1.5_seed107.npz,0.9999999997502383,2.4458956034339123,0.08697973724149645,28.12029193239526,0.00029567694462113753,0.8858471492534603,0.9194691180507253,0.9487094984864017,502.0,5400.0,28.164298640795014,0.2860013941473828,0.8482371159126779,980.0,0.0006081081081081081,0.3910035727364103,False
R13,relu,150,8,50,15000,1.5,50,109,relu_p150_rt8_rs50_n15000_eta1.5_seed109.npz,0.999999999768046,2.453912967390252,0.09962808272894949,24.630735633711087,0.001312005032978898,0.888590203848585,0.9358768629102188,0.9508372285420172,502.0,5440.0,24.47643087919091,0.2972637695443965,0.7356859126195773,920.0,0.0006818181818181819,0.3409296417302218,False
R13,relu,150,8,50,15000,1.5,50,113,relu_p150_rt8_rs50_n15000_eta1.5_seed113.npz,0.9999999997399398,2.4359486101257306,0.10266156568664632,23.727951096722716,0.0037797759187575145,0.888176487026343,0.9196765762157554,0.9488202287437564,502.0,5760.0,24.00422991009378,0.28967909830724925,0.9183452766350096,1020.0,0.0015,0.3910549119962936,False
R13,relu,150,8,50,15000,1.5,50,127,relu_p150_rt8_rs50_n15000_eta1.5_seed127.npz,0.9999999997350519,2.439624093543646,0.10155140283377123,24.023539069539485,0.0008369590843301617,0.8831103616292075,0.9301125591300105,0.9476894392657359,502.0,5900.0,24.12019746774845,0.2630353004338155,0.9032917916113701,1260.0,0.000703125,0.3660141933974283,False
R13,relu,150,8,50,15000,1.5,50,131,relu_p150_rt8_rs50_n15000_eta1.5_seed131.npz,0.9999999997501055,2.444779414724938,0.08763938759827192,27.89589797148633,1.0386774606941505e-05,0.8788807302128802,0.9242545676685873,0.9463979173815622,502.0,5780.0,28.059674560751045,0.24098350259189916,0.4893558134943027,740.0,0.0006617647058823529,0.3736641636721021,False
R13,relu,150,8,50,15000,1.5,50,137,relu_p150_rt8_rs50_n15000_eta1.5_seed137.npz,0.9999999997585554,2.4400733785278277,0.0883297476863864,27.624593553592792,0.0019377091299824073,0.8897118315120277,0.9173434213468394,0.9475859095728334,502.0,5600.0,27.71982512883672,0.3058098280536583,0.8356518669898558,900.0,0.0005625000000000001,0.3663344822816435,False
R13,relu,150,8,50,15000,1.5,50,139,relu_p150_rt8_rs50_n15000_eta1.5_seed139.npz,0.9999999997530584,2.4531185395815007,0.09267900455174076,26.46897807595652,4.5092756056618e-05,0.8838660295147022,0.9225303536201745,0.9477277338275087,502.0,5920.0,27.04062621287999,0.3021979457683458,0.8869261088709266,820.0,0.00140625,0.3786055811294591,False
R13,relu,150,8,50,15000,1.5,50,149,relu_p150_rt8_rs50_n15000_eta1.5_seed149.npz,0.9999999997533321,2.44690427323884,0.09515255092674231,25.71559300730366,0.004109933551744583,0.8893550535679906,0.9311734471126598,0.9523884405918808,502.0,5480.0,25.730014454981333,0.22869695595115047,0.531211744799832,640.0,0.0009,0.32852522637301595,False
R13,relu,150,8,50,15000,1.5,50,151,relu_p150_rt8_rs50_n15000_eta1.5_seed151.npz,0.9999999997312031,2.4310183836454797,0.09338181323047612,26.033103230127598,0.0005941606699172556,0.8895970960176436,0.9307965056906298,0.9512712883029881,502.0,5860.0,26.503628601244635,0.2378189786955558,0.7298016508216969,740.0,0.0011250000000000001,0.38528125024122334,False
R13,relu,150,8,50,15000,1.5,50,157,relu_p150_rt8_rs50_n15000_eta1.5_seed157.npz,0.9999999997363338,2.43948001948877,0.09949641589001698,24.51827030820249,0.0002674943889860359,0.8719059724753305,0.9148261336095508,0.9442363539253023,502.0,5800.0,24.51788485715074,0.2431864466776683,0.5798198333608039,880.0,0.0008333333333333334,0.4003086153679953,False
R13,relu,150,8,50,15000,1.5,50,163,relu_p150_rt8_rs50_n15000_eta1.5_seed163.npz,0.9999999997380308,2.4396085157403977,0.1134279296939566,21.508005323933716,2.549151099588658e-05,0.8891046314232746,0.9240842784649463,0.949011053714677,502.0,5180.0,21.498071061996573,0.19761095309143528,0.419585502315062,540.0,0.0011250000000000001,0.3656905114036832,False
R13,relu,150,8,50,15000,1.5,50,167,relu_p150_rt8_rs50_n15000_eta1.5_seed167.npz,0.999999999747461,2.4475013823078835,0.10890569385141698,22.473585133639354,0.0019526846774799405,0.8968797748688255,0.9313828703590408,0.9508427067995961,502.0,5420.0,22.390449931065394,0.25901404383425986,0.5994355997551175,640.0,0.0008653846153846154,0.3761160590726762,False
R13,relu,150,8,50,15000,1.5,50,173,relu_p150_rt8_rs50_n15000_eta1.5_seed173.npz,0.9999999997513437,2.4286494681007844,0.09225774255572648,26.324614073813983,0.00042064531845655175,0.875423935695076,0.9247373865024402,0.9462259132799795,502.0,5900.0,26.549290360165948,0.2901938045266981,0.851913025602696,1080.0,0.0007258064516129033,0.3832938154704971,False
R13,relu,150,8,50,15000,1.5,50,179,relu_p150_rt8_rs50_n15000_eta1.5_seed179.npz,0.9999999997546478,2.449756280253621,0.11844849331405674,20.682038341832577,6.672538303050455e-05,0.8950283019980668,0.9222059398974096,0.9461084153904328,502.0,5240.0,20.137815296105817,0.2460393184873113,0.6549463855182787,740.0,0.0006617647058823529,0.3921971295121298,False
R13,relu,150,8,50,15000,1.5,50,181,relu_p150_rt8_rs50_n15000_eta1.5_seed181.npz,0.9999999997577772,2.4530658365546105,0.08769428836341456,27.972925971972565,0.00012318800610667356,0.8878645151826174,0.9250593324900624,0.9484370802176277,502.0,5640.0,28.04077761812901,0.2931507970249341,0.9199107027977647,840.0,0.0020454545454545456,0.3568020271086742,False
R13,relu,150,8,50,15000,1.5,50,191,relu_p150_rt8_rs50_n15000_eta1.5_seed191.npz,0.9999999997498411,2.4491103480646954,0.08490534831584594,28.845183450093877,0.00011503836653482477,0.8977414682593702,0.924487294781558,0.9494682152013161,502.0,5440.0,28.932371215404892,0.20851839536172512,0.4516306868202778,560.0,0.0008653846153846154,0.3691434890097709,False
R13,relu,150,8,50,15000,1.5,50,193,relu_p150_rt8_rs50_n15000_eta1.5_seed193.npz,0.9999999997459211,2.4480316721836086,0.10305093078929872,23.755551293262297,0.001179604292458416,0.8838694445018139,0.9291792065432289,0.9498590518314481,502.0,5580.0,23.5700006628334,0.23612219540854218,0.6747693653709177,920.0,0.0005487804878048781,0.3622402054492786,False
R13,relu,150,8,50,15000,1.5,50,197,relu_p150_rt8_rs50_n15000_eta1.5_seed197.npz,0.9999999997231855,2.442909851678739,0.10077039447106534,24.24233689370128,0.0008681692116517796,0.8999487910331507,0.9318658992788414,0.9523234582987897,502.0,5760.0,24.17801418948286,0.23895701621580046,0.6469747152463416,1020.0,0.0005232558139534884,0.33817196882437195,False
R13,relu,150,8,50,15000,1.5,50,199,relu_p150_rt8_rs50_n15000_eta1.5_seed199.npz,0.9999999997438365,2.4261185451225287,0.08387889803315045,28.924063167397396,9.46993666511171e-06,0.9035023488794456,0.927926223595418,0.9502586007651774,502.0,5080.0,28.28811684726557,0.2632146976880646,0.6198177932287454,940.0,0.0005,0.41182511292631563,False
R13,relu,150,8,50,15000,1.5,50,211,relu_p150_rt8_rs50_n15000_eta1.5_seed211.npz,0.9999999997345935,2.4356815410922135,0.08844108715189805,27.540158307969655,0.00017491824485107933,0.8811965151619403,0.9232923494501302,0.947243854885191,502.0,5560.0,27.85150112585342,0.2809811034988079,0.7766891065088586,1240.0,0.0005,0.39108363757041087,False
R13,relu,150,8,50,15000,1.5,50,223,relu_p150_rt8_rs50_n15000_eta1.5_seed223.npz,0.9999999997182191,2.4147224689511018,0.09003903364257976,26.818618228807505,7.195576638485313e-05,0.888848837897326,0.9198378709635258,0.9463329337495829,502.0,5860.0,26.89690892393828,0.27043197534266983,0.6129072321975951,860.0,0.0006617647058823529,0.4313570860818602,False
R13,relu,150,8,50,15000,1.5,50,227,relu_p150_rt8_rs50_n15000_eta1.5_seed227.npz,0.9999999997643306,2.452799784761368,0.08069052580927831,30.397618061863337,2.1517444559931193e-05,0.8666985307217706,0.9169137824079284,0.9477931806571658,502.0,5760.0,30.49503320214007,0.27360817463327824,0.714018664515179,1100.0,0.0004891304347826087,0.38169941389084816,False
R13,relu,150,8,50,15000,1.5,50,229,relu_p150_rt8_rs50_n15000_eta1.5_seed229.npz,0.9999999997776002,2.4632983669953403,0.08969036690872373,27.46446972953288,0.00015736484250785952,0.892181262523322,0.9259066460934604,0.9492146130660357,502.0,5980.0,27.68933900330325,0.2302108224776267,0.5975109258807992,860.0,0.0006818181818181819,0.35552833757788227,False
R13,relu,150,8,50,15000,1.5,50,233,relu_p150_rt8_rs50_n15000_eta1.5_seed233.npz,0.9999999997398594,2.452397086744001,0.10540128466704876,23.267240949584792,8.216220114081965e-09,0.8804975153519379,0.9240194028043336,0.9476942389548674,502.0,5840.0,23.3938224625584,0.3289395593848361,0.8736723486386928,1380.0,0.00045,0.391573455377904,False
R13,relu,150,8,50,15000,1.5,50,239,relu_p150_rt8_rs50_n15000_eta1.5_seed239.npz,0.9999999997291055,2.4380145962497983,0.09680516073110672,25.184758517387422,2.288360975967018e-07,0.8984832006502038,0.9354949305062953,0.9508070612962846,502.0,5780.0,25.49926066760108,0.2845873286298861,0.6863866500221134,1140.0,0.0004891304347826087,0.4116476443115895,False
R13,relu,150,8,50,15000,1.5,50,241,relu_p150_rt8_rs50_n15000_eta1.5_seed241.npz,0.9999999997502566,2.4558455220798563,0.09881525794578006,24.852897954558586,0.00012562617859442472,0.8780144963299317,0.9249536661802772,0.9459347559975018,502.0,6020.0,25.069118003620247,0.20657249609606365,0.46598043457890914,580.0,0.0009782608695652175,0.35574452670033535,False
R13,relu,150,8,50,15000,1.5,50,251,relu_p150_rt8_rs50_n15000_eta1.5_seed251.npz,0.999999999746217,2.453133328867175,0.10457007628984483,23.459228642691613,0.0001884119770426692,0.8782914952666433,0.9177808636459676,0.943672655361056,502.0,5780.0,23.48280154787661,0.23860500510612925,0.6861551807774031,640.0,0.00075,0.335202264091509,False
R13,relu,150,8,50,15000,1.5,50,257,relu_p150_rt8_rs50_n15000_eta1.5_seed257.npz,0.9999999997558916,2.4339918596506336,0.08593851384957993,28.322480231749214,0.0017887145381396158,0.8794662345102529,0.9218299423985729,0.948538773775185,502.0,5700.0,28.64542572681095,0.2697764543255238,0.6320586863179642,1160.0,0.0004326923076923077,0.4154139926955325,False
R13,relu,150,8,50,15000,1.5,50,263,relu_p150_rt8_rs50_n15000_eta1.5_seed263.npz,0.9999999997506478,2.4431012587148886,0.0853691665828852,28.61807554771984,4.779713571368136e-06,0.8893047686933674,0.9254506782301456,0.9485525061747362,502.0,5420.0,28.34096572479524,0.28331710924655684,0.6403506052275566,1060.0,0.0004591836734693878,0.38406061826009624,False
R13,relu,150,8,50,15000,1.5,50,269,relu_p150_rt8_rs50_n15000_eta1.5_seed269.npz,0.9999999997235227,2.439259775360412,0.10119313138090176,24.104993511652264,0.0002930357511762867,0.890129566565319,0.9282907237583649,0.9518240804401531,502.0,5440.0,24.27866696474456,0.2621920620537851,0.8423659822959172,860.0,0.000625,0.31789711873803195,False
R13,relu,150,8,50,15000,1.5,50,271,relu_p150_rt8_rs50_n15000_eta1.5_seed271.npz,0.9999999997513591,2.438075698335763,0.0762238886265197,31.985716581343652,0.00041738102668566505,0.8681833053873226,0.92147740594046,0.9493938223333367,502.0,5780.0,32.44913837429799,0.26759279919572687,0.691438618629792,800.0,0.0006818181818181819,0.389787678406004,False
R13,relu,150,8,50,15000,1.5,50,277,relu_p150_rt8_rs50_n15000_eta1.5_seed277.npz,0.9999999997354267,2.4481690963415326,0.09294662168621966,26.339516723979006,0.00014930368356980435,0.889678022672663,0.924919634766179,0.9482561878917466,502.0,5320.0,26.00214026552827,0.32747510688570813,0.9148946859492308,1020.0,0.0009,0.40130959807279903,False
R13,relu,150,8,50,15000,1.5,50,281,relu_p150_rt8_rs50_n15000_eta1.5_seed281.npz,0.9999999997386125,2.432332499904546,0.09975282791226632,24.383594438483573,0.001202529888076351,0.8772244914573343,0.9107402718638286,0.945143570078669,502.0,5740.0,24.562442384221793,0.3013626825974076,0.8789502550845667,960.0,0.000625,0.44722824198265043,False
R13,relu,150,8,50,15000,1.5,50,283,relu_p150_rt8_rs50_n15000_eta1.5_seed283.npz,0.9999999997717693,2.444649709447442,0.07842382645658869,31.172282964293665,0.0012388714439103398,0.8803669178901693,0.9212194852791386,0.949788371655317,502.0,5840.0,31.630647947423828,0.30157962105846514,0.8731671495695362,920.0,0.0009782608695652175,0.36230524658046065,False
R13,relu,150,8,50,15000,1.5,50,293,relu_p150_rt8_rs50_n15000_eta1.5_seed293.npz,0.9999999997380506,2.442461843100438,0.09302303976529135,26.256525794717867,0.0009735346508614786,0.89789304679183,0.9272458342709924,0.9525018937732596,502.0,5520.0,26.12480586309868,0.20167429392549752,0.39916976384284375,500.0,0.0009782608695652175,0.3498919203066558,False
R13,relu,150,8,50,15000,1.5,50,307,relu_p150_rt8_rs50_n15000_eta1.5_seed307.npz,0.9999999997151425,2.4238288814906648,0.07730683839958308,31.35335672327452,0.0005612668662228477,0.8867824300467244,0.9144316130823835,0.9474750979031581,502.0,5600.0,31.536276293497956,0.2660563915652575,0.6379772407855537,900.0,0.0007258064516129033,0.36117209103850956,False
R13,relu,150,8,50,15000,1.5,50,311,relu_p150_rt8_rs50_n15000_eta1.5_seed311.npz,0.999999999764871,2.4575208883874704,0.08727107677825548,28.15962606525084,0.0008626243267745977,0.9075349385728061,0.9415911862780153,0.9565898780053063,502.0,5260.0,27.82137898346934,0.3025896506536788,0.9268223774720207,880.0,0.0017307692307692308,0.3143691382294496,False
R13,relu,150,8,50,15000,1.5,50,313,relu_p150_rt8_rs50_n15000_eta1.5_seed313.npz,0.9999999997242643,2.4415282746990323,0.09347485428220209,26.119626432666255,8.884209168158568e-07,0.8799514700434192,0.9155326839601642,0.9484600383552758,502.0,5280.0,25.67423087051577,0.31386129113915684,0.8442187704921295,1100.0,0.0007258064516129033,0.3932162313863196,False
R7,relu,100,16,50,15000,1.5,50,5,relu_p100_rt16_rs50_n15000_eta1.5_seed5.npz,0.9999999998029336,3.817102073391905,0.32800696922768446,11.637259056963153,0.0004040414002474631,0.00735977822971544,0.00020094764672322238,0.699386603965699,565.0,7640.0,11.907931087651384,0.24501757691386816,-0.006874426319102212,nan,nan,0.5837726723983558,False
R7,relu,100,16,50,15000,1.5,50,11,relu_p100_rt16_rs50_n15000_eta1.5_seed11.npz,0.999999999799388,3.8437601554529115,0.3417450768183791,11.247448511147633,0.0002518393981689068,0.017589844382770194,0.09646315166082153,0.7083035021256857,567.0,7580.0,11.494242267167667,0.22985520289675826,0.08663664017114478,nan,nan,0.559564807785907,False
R7,relu,100,16,50,15000,1.5,50,23,relu_p100_rt16_rs50_n15000_eta1.5_seed23.npz,0.999999999809074,3.831613998765411,0.33791824859377395,11.338878603657653,0.0003556856132100914,0.010756105183981238,0.03335572220879598,0.6831864074829066,559.0,7760.0,11.590301519632362,0.22728822165828844,0.02340444275091729,nan,nan,0.5332565779935359,False
R7,relu,100,16,50,15000,1.5,50,37,relu_p100_rt16_rs50_n15000_eta1.5_seed37.npz,0.9999999998529535,3.8180999893156846,0.34010121987477776,11.226363700552074,0.00027351905997479185,0.006269823332637063,0.10366143193463655,0.715931550311465,559.0,7700.0,11.487947321129532,0.23434463261752958,0.10328853226719997,nan,nan,0.5014957961080359,False
R7,relu,100,16,50,15000,1.5,50,41,relu_p100_rt16_rs50_n15000_eta1.5_seed41.npz,0.9999999998548268,3.838477159373116,0.32709861575810917,11.734923275284315,0.0003833842849906498,0.0007668415430043201,0.1489410037925072,0.7162954703917324,559.0,7840.0,12.036761691397945,0.23550088806364355,0.1440253626046426,nan,nan,0.513613699199317,False
R7,relu,100,16,50,15000,1.5,50,53,relu_p100_rt16_rs50_n15000_eta1.5_seed53.npz,0.9999999998191598,3.8225635631437105,0.2979631216076823,12.828982132147036,7.679743429611735e-07,0.020268746928359664,0.09491464934020613,0.6990847682889657,563.0,7780.0,13.178112775407415,0.21817023467736707,0.08917389688839877,nan,nan,0.5770981152840918,False
R7,relu,100,16,50,15000,1.5,50,67,relu_p100_rt16_rs50_n15000_eta1.5_seed67.npz,0.9999999998057731,3.8206553614109695,0.3521315082867935,10.850080925729705,0.0002859995299826107,0.004232091699658784,0.014516277683763047,0.7051704759483403,563.0,7840.0,11.10303338559382,0.20817005568223512,0.007632385388574371,nan,nan,0.5094096558073293,False
R7,relu,100,16,50,15000,1.5,50,71,relu_p100_rt16_rs50_n15000_eta1.5_seed71.npz,0.9999999997891413,3.827239006409481,0.31606578564633264,12.10899496313099,8.554984457673777e-05,0.0020896855491208707,0.0018117181255939336,0.6830233723693095,573.0,7760.0,12.28938264125572,0.2032632842439181,0.0014007856639286114,nan,nan,0.557713522365347,False
R7,relu,100,16,50,15000,1.5,50,83,relu_p100_rt16_rs50_n15000_eta1.5_seed83.npz,0.9999999998030928,3.833707914391941,0.3454024414752248,11.099249611606833,2.991685894949157e-05,6.719319165994523e-05,0.00037460505595924973,0.7057297177377477,561.0,7640.0,11.310616578456635,0.21210990440385713,-0.010361097746988958,nan,nan,0.5355308140503598,False
R7,relu,100,16,50,15000,1.5,50,97,relu_p100_rt16_rs50_n15000_eta1.5_seed97.npz,0.9999999998446247,3.8233521915370883,0.36024653860460215,10.613154553397408,0.0001318927245365247,6.733204577327413e-05,0.002816363339741908,0.6926566112777615,560.0,7680.0,10.774140886659865,0.23174503145734643,-0.005015883744739044,nan,nan,0.5593879671537715,False
R7,relu,100,16,50,15000,1.5,50,101,relu_p100_rt16_rs50_n15000_eta1.5_seed101.npz,0.9999999998512613,3.833782478357776,0.3696918069538728,10.370212177399226,0.0007795651189811446,0.014003503859077535,0.042698708276359486,0.6668733983840294,563.0,7580.0,10.531723099569613,0.2197493561994675,0.041546296378747946,nan,nan,0.5732267602196531,False
R7,relu,100,16,50,15000,1.5,50,103,relu_p100_rt16_rs50_n15000_eta1.5_seed103.npz,0.999999999803596,3.84974351358906,0.34082012511149584,11.295528725980178,2.2415864077449628e-05,0.07021435274274361,0.241057712546967,0.7328156866728238,556.0,7800.0,11.485414675574583,0.25036020042455875,0.24093110343425797,nan,nan,0.4818642829117545,False
R7,relu,100,16,50,15000,1.5,50,107,relu_p100_rt16_rs50_n15000_eta1.5_seed107.npz,0.9999999998404088,3.835321062947244,0.38287571466605425,10.017143725849591,7.917157122262294e-08,0.0004263592518959012,0.004191550757400187,0.6814717011796382,565.0,7880.0,10.248746938593206,0.22198741713595177,0.004158826175181617,nan,nan,0.544010745972931,False
R7,relu,100,16,50,15000,1.5,50,109,relu_p100_rt16_rs50_n15000_eta1.5_seed109.npz,0.9999999998325664,3.8549708073586193,0.36592785380566767,10.5347837483994,3.6218532442503625e-05,0.0248498930092264,0.009918470793720394,0.6749803267186106,563.0,7700.0,10.796358857608087,0.2421744693125259,0.007606779062506978,nan,nan,0.5437433269656788,False
R7,relu,100,16,50,15000,1.5,50,113,relu_p100_rt16_rs50_n15000_eta1.5_seed113.npz,0.9999999998048656,3.821336310094141,0.2965284155183502,12.886914407222008,2.2654468683786304e-05,0.00020806036940361367,0.00043079549510269965,0.6877124997953554,561.0,7560.0,12.995231230513538,0.21259223416286127,0.0003086947717294325,nan,nan,0.5279496775240491,False
R7,relu,100,16,50,15000,1.5,50,127,relu_p100_rt16_rs50_n15000_eta1.5_seed127.npz,0.9999999998123653,3.8165429891315537,0.3298216673722917,11.571535064806907,0.0003540939245600818,9.411280847163882e-05,0.009951611007398291,0.7231250889168634,566.0,7680.0,11.796143885548318,0.220408328955362,0.009785147465916579,nan,nan,0.6427102117563386,False
R7,relu,100,16,50,15000,1.5,50,131,relu_p100_rt16_rs50_n15000_eta1.5_seed131.npz,0.9999999998195762,3.8432287105615703,0.37332116432424217,10.294698179028487,0.00019390283127316643,0.0003958482792322944,0.02197617828697137,0.728776741152437,561.0,7600.0,10.54337257345333,0.2274838615867968,0.02138365356343319,nan,nan,0.5116960956677988,False
R7,relu,100,16,50,15000,1.5,50,137,relu_p100_rt16_rs50_n15000_eta1.5_seed137.npz,0.9999999998300677,3.8610885622595577,0.3175470842527944,12.15910570032444,1.6385878467726516e-05,0.004305709269500472,0.006919992626962786,0.68669281323647,563.0,7660.0,12.303801255727482,0.20019172803963609,0.0032588871911094154,nan,nan,0.5174571340883265,False
R7,relu,100,16,50,15000,1.5,50,139,relu_p100_rt16_rs50_n15000_eta1.5_seed139.npz,0.9999999997543688,3.828024750936479,0.3298003958232436,11.60709568398489,2.2402628760886215e-05,0.00038543319934468553,0.003630317842264386,0.670886921838443,565.0,7620.0,11.786985165760822,0.18701573007534422,0.003354279612707628,nan,nan,0.5250144660305133,False
R7,relu,100,16,50,15000,1.5,50,149,relu_p100_rt16_rs50_n15000_eta1.5_seed149.npz,0.9999999997681598,3.827478864816978,0.3346508819089059,11.437229279015742,0.00043395081437507714,0.0016289458632932244,0.001387962007974828,0.677802102007015,556.0,7800.0,11.614391393092916,0.21125986226494625,-0.0018141736353401888,nan,nan,0.546541573004861,False
R7,relu,100,16,50,15000,1.5,50,151,relu_p100_rt16_rs50_n15000_eta1.5_seed151.npz,0.9999999998114629,3.8282736029406093,0.34644099037728876,11.050290552429892,4.740522861096172e-05,0.011383873270473755,0.03926067249019544,0.6712833316624018,557.0,7500.0,11.225148478776752,0.19401061194502411,0.03894876239617261,nan,nan,0.5750404118344479,False
R7,relu,100,16,50,15000,1.5,50,157,relu_p100_rt16_rs50_n15000_eta1.5_seed157.npz,0.9999999997714247,3.8221492380166455,0.31214859247365856,12.244646716897137,1.0387122491315306e-06,0.03975070530336915,0.16172144820191786,0.719792089658216,566.0,7820.0,12.546647298437229,0.23972136580080372,0.14098697956182818,nan,nan,0.5268764696791381,False
R7,relu,100,16,50,15000,1.5,50,163,relu_p100_rt16_rs50_n15000_eta1.5_seed163.npz,0.9999999998423696,3.8302197758075134,0.3109623249388584,12.317311354552722,0.0009837212946638438,0.004625737560479776,0.03136218989101517,0.7281233834338355,569.0,7480.0,12.506409979287225,0.2405550593823113,0.02948208301122572,nan,nan,0.4804227967855645,False
R7,relu,100,16,50,15000,1.5,50,167,relu_p100_rt16_rs50_n15000_eta1.5_seed167.npz,0.9999999998391589,3.823202117263046,0.29934316470081695,12.77197066144538,0.0001378243869083875,0.006972808707915589,0.025838085874973025,0.6849324893223001,557.0,7640.0,12.9024935964363,0.21110571393541466,0.02556882960061117,nan,nan,0.5337401934345211,False
R7,relu,100,16,50,15000,1.5,50,173,relu_p100_rt16_rs50_n15000_eta1.5_seed173.npz,0.9999999997965439,3.8250194466689678,0.31629561190574307,12.093178984123352,3.939227388343171e-05,0.0199202400441054,0.09677859047374758,0.6960780580464311,565.0,7700.0,12.34996654608104,0.18662318312692905,0.09677748045652047,nan,nan,0.4760349641867394,False
R7,relu,100,16,50,15000,1.5,50,179,relu_p100_rt16_rs50_n15000_eta1.5_seed179.npz,0.9999999997859578,3.828836821113514,0.3119778122772985,12.272785661149163,0.0014630239361470212,0.00028048902136339047,4.227488161205956e-05,0.6994707704446239,569.0,7460.0,12.485892781360821,0.20279581954646347,-0.0004129327191850901,nan,nan,0.5734630772448261,False
R7,relu,100,16,50,15000,1.5,50,181,relu_p100_rt16_rs50_n15000_eta1.5_seed181.npz,0.9999999998254635,3.831883589927974,0.3454527096259705,11.092353549858796,0.0004046985994314372,0.0035988850298058787,0.021430364372262534,0.6770194601343702,561.0,7660.0,11.346203612932387,0.20308367265053978,0.020904915788415326,nan,nan,0.6019108382764433,False
R7,relu,100,16,50,15000,1.5,50,191,relu_p100_rt16_rs50_n15000_eta1.5_seed191.npz,0.9999999998222283,3.851780709417491,0.3176022658421065,12.127686492426896,1.4381360316627412e-06,0.00019165824220019638,0.0010316824443970562,0.6776522809844021,565.0,7260.0,12.380129039165194,0.21495226199811412,0.0005551749551519036,nan,nan,0.5515628424414308,False
R7,relu,100,16,50,15000,1.5,50,193,relu_p100_rt16_rs50_n15000_eta1.5_seed193.npz,0.9999999997976629,3.85668014691734,0.32517838527775556,11.860198345050222,4.827565131370079e-05,0.012685390572514155,0.19792044872871983,0.7207081280226044,563.0,7660.0,12.014972433533934,0.23639310431391536,0.19704688226749728,nan,nan,0.5688136826614445,False
R7,relu,100,16,50,15000,1.5,50,197,relu_p100_rt16_rs50_n15000_eta1.5_seed197.npz,0.9999999998538094,3.8038323766142956,0.2892288105957874,13.151637171894167,1.6419738662071992e-05,0.0012416033307355472,0.0012938774315535701,0.6776827994583818,563.0,7760.0,13.408648754616317,0.1992074186430562,-0.00029471382455020724,nan,nan,0.6016660630241711,False
R7,relu,100,16,50,15000,1.5,50,199,relu_p100_rt16_rs50_n15000_eta1.5_seed199.npz,0.9999999998230932,3.834110040105353,0.30623520128906573,12.520147990714522,8.083188435290894e-06,0.014203402752289651,0.060100885095529265,0.6897023102213855,559.0,7640.0,12.711053816650955,0.2299772908275684,0.05818306704555445,nan,nan,0.543461591990775,False
R7,relu,100,16,50,15000,1.5,50,211,relu_p100_rt16_rs50_n15000_eta1.5_seed211.npz,0.9999999997878205,3.8401888018978236,0.3286980454170894,11.683029015353457,0.0027483114493446776,0.018782897509586446,0.024974984230476067,0.7030279790433003,567.0,7820.0,12.056930685425819,0.20179008814019384,0.02416402565858438,nan,nan,0.5225411359882509,False
R7,relu,100,16,50,15000,1.5,50,223,relu_p100_rt16_rs50_n15000_eta1.5_seed223.npz,0.999999999773741,3.8248131912565775,0.3055886875538547,12.516213286143063,0.000197684536895928,1.8768084825748504e-05,0.039159288799408394,0.7168714424456974,568.0,7660.0,12.733917372508785,0.23105580991415103,0.0329861533264193,nan,nan,0.5857736006840571,False
R7,relu,100,16,50,15000,1.5,50,227,relu_p100_rt16_rs50_n15000_eta1.5_seed227.npz,0.9999999997866879,3.8295695744456544,0.2926326459647542,13.086610900230532,6.110809431534537e-05,0.004522866176103639,0.009405310702899074,0.6973406698027489,565.0,7540.0,13.237067981963534,0.2112240964966115,0.009319758258501211,nan,nan,0.6061702159369677,False
R7,relu,100,16,50,15000,1.5,50,229,relu_p100_rt16_rs50_n15000_eta1.5_seed229.npz,0.999999999810617,3.821654065663732,0.34347422568870817,11.126465335210654,8.788209893341755e-05,0.013121101053688395,0.03618158389670288,0.7096137135882539,566.0,7700.0,11.332601321407525,0.21421224503326852,0.03541064947695245,nan,nan,0.5980685435543361,False
R7,relu,100,16,50,15000,1.5,50,233,relu_p100_rt16_rs50_n15000_eta1.5_seed233.npz,0.9999999998028208,3.840796482085572,0.3162028740205285,12.146621038732938,0.00023085072957799716,0.0030864008606652322,0.0004070857218515039,0.6829235267200087,561.0,7860.0,12.30904250805705,0.22911406201921364,-0.0004334718664673684,nan,nan,0.5644303951675889,False
R7,relu,100,16,50,15000,1.5,50,239,relu_p100_rt16_rs50_n15000_eta1.5_seed239.npz,0.9999999998264005,3.8536422652772853,0.3151416116069625,12.228287612121056,0.00018174556410160286,0.007144425153599587,0.021479724227654047,0.7068520962518136,563.0,7640.0,12.475125154002702,0.2243993227122102,0.020754511810951098,nan,nan,0.5707937502766307,False
R7,relu,100,16,50,15000,1.5,50,241,relu_p100_rt16_rs50_n15000_eta1.5_seed241.npz,0.999999999842253,3.8381197071831306,0.31017223715283415,12.374156186299604,2.858256127073108e-05,1.3617422206207365e-06,0.008610643742732016,0.7166155771197609,570.0,7800.0,12.776266804479087,0.22923228790663253,0.008124363050892014,nan,nan,0.5429910918297627,False
R7,relu,100,16,50,15000,1.5,50,251,relu_p100_rt16_rs50_n15000_eta1.5_seed251.npz,0.9999999998399581,3.8323562150074584,0.29932251510030256,12.803434495140605,0.0005979663197032871,0.019154909979797588,0.18664272262785217,0.6723126186909498,571.0,7560.0,13.040722123246036,0.19277097479081545,0.17732369781140322,nan,nan,0.5343066871852576,False
R7,relu,100,16,50,15000,1.5,50,257,relu_p100_rt16_rs50_n15000_eta1.5_seed257.npz,0.9999999998057145,3.8287230665827687,0.2896756371603457,13.217276758636885,9.981576972135514e-06,0.05003631698852271,0.162829839325977,0.74117645246408,556.0,7740.0,13.495437031774538,0.24044741562127148,0.13558469617476507,nan,nan,0.6280533468590687,False
R7,relu,100,16,50,15000,1.5,50,263,relu_p100_rt16_rs50_n15000_eta1.5_seed263.npz,0.9999999997786743,3.8446789287109118,0.3104619074138832,12.383738026789517,0.0008686132225749838,0.01120231926961735,0.0651434734004528,0.7183059794991229,564.0,7720.0,12.667630168648726,0.2570197345804375,0.0648970784013457,nan,nan,0.4821433765857903,False
R7,relu,100,16,50,15000,1.5,50,269,relu_p100_rt16_rs50_n15000_eta1.5_seed269.npz,0.9999999998549662,3.8158290213119086,0.3593321451827092,10.619225339196076,2.0974276290672947e-05,0.007307025073948034,0.1730827109923096,0.7446408938039013,559.0,7940.0,10.86282421428699,0.2572930835220136,0.16897579870558602,nan,nan,0.48689710882557036,False
R7,relu,100,16,50,15000,1.5,50,271,relu_p100_rt16_rs50_n15000_eta1.5_seed271.npz,0.999999999811319,3.827757931437863,0.3041521558348446,12.585010028718472,0.0005621369168388509,0.002501621304076135,0.023582333038304183,0.712057537048827,564.0,7840.0,12.775573267629532,0.2323111681029053,0.02307515655651597,nan,nan,0.550866893018505,False
R7,relu,100,16,50,15000,1.5,50,277,relu_p100_rt16_rs50_n15000_eta1.5_seed277.npz,0.9999999998303729,3.8157962611643823,0.34683026003973005,11.001912753308421,0.00018396508868493336,0.02264974658387476,0.10720457845866345,0.707576837679692,560.0,7800.0,11.249297081741558,0.2385997126990247,0.1064061720368605,nan,nan,0.5890854362541617,False
R7,relu,100,16,50,15000,1.5,50,281,relu_p100_rt16_rs50_n15000_eta1.5_seed281.npz,0.9999999998071817,3.8158277337898623,0.32891792080304866,11.60115485490596,6.270328110679791e-05,3.6765847413603067e-06,0.025228741427572126,0.6850520565326255,558.0,7920.0,11.867498384806945,0.20998721872721182,0.023843698574222243,nan,nan,0.5808371508141968,False
R7,relu,100,16,50,15000,1.5,50,283,relu_p100_rt16_rs50_n15000_eta1.5_seed283.npz,0.9999999998583703,3.8538940511688184,0.33945469965653124,11.353191029814242,0.002044488468920561,0.006275929587201211,0.0016008262976155753,0.671539785972076,561.0,7700.0,11.700778839143062,0.2099014512695812,0.00040549687128657347,nan,nan,0.5240030342738634,False
R7,relu,100,16,50,15000,1.5,50,293,relu_p100_rt16_rs50_n15000_eta1.5_seed293.npz,0.9999999998289782,3.838856512978879,0.3429562918382742,11.193427863365006,0.00024660449148889314,0.0016554181416050821,0.030264092634463936,0.7101954025864858,557.0,7640.0,11.449517009183806,0.2475499629260995,0.029541849285534785,nan,nan,0.526741978155259,False
R7,relu,100,16,50,15000,1.5,50,307,relu_p100_rt16_rs50_n15000_eta1.5_seed307.npz,0.9999999998118736,3.8310076105323727,0.2995107602537027,12.790884732445974,0.0001890428744516785,0.008008840716258432,0.017600192021035247,0.6883983890479961,561.0,7780.0,13.093043961448911,0.2319809156465958,0.017469989692469535,nan,nan,0.5046444706674971,False
R7,relu,100,16,50,15000,1.5,50,311,relu_p100_rt16_rs50_n15000_eta1.5_seed311.npz,0.999999999833922,3.826844755267933,0.32525551201137326,11.765656888034902,0.002217765607874879,0.0014416823918151902,0.0001495385395601492,0.6864065265235509,557.0,7820.0,12.078904762680983,0.2081040900336409,-0.00015122543682453594,nan,nan,0.5478070480292307,False
R7,relu,100,16,50,15000,1.5,50,313,relu_p100_rt16_rs50_n15000_eta1.5_seed313.npz,0.9999999998170849,3.823169467569648,0.3317322288682656,11.524865945683768,0.00022901233957668912,0.018588389924583257,0.04784702916748289,0.6839334732095007,558.0,7660.0,11.765470112402802,0.22642486028745612,0.04486271155998528,nan,nan,0.5259735228587267,False
R9,relu,100,20,50,15000,2.0,50,5,relu_p100_rt20_rs50_n15000_eta2.0_seed5.npz,0.9999999998520024,6.847532177636346,0.43519178930681746,15.734516013142706,0.0026010497456514046,0.0010164673382258378,0.0667026710933405,0.6855679134366035,547.0,7720.0,16.061064703641154,0.21127698892501112,0.06458147506678696,nan,nan,0.7007438802857648,True
R9,relu,100,20,50,15000,2.0,50,11,relu_p100_rt20_rs50_n15000_eta2.0_seed11.npz,0.9999999998171466,6.871058812852774,0.3924943495449368,17.506134345167446,1.0631398906977194e-05,0.045160022025749494,0.09706944598436731,0.7303208198166138,543.0,7700.0,17.953285420334403,0.23947754112588382,0.09683820910309046,nan,nan,0.689827586102874,True
R9,relu,100,20,50,15000,2.0,50,23,relu_p100_rt20_rs50_n15000_eta2.0_seed23.npz,0.9999999998144476,6.850993295876282,0.440932692686528,15.53750359070529,8.055425487164403e-05,0.001511756413847756,0.007066722905007945,0.710641154871876,549.0,7780.0,15.791991600234788,0.22220237990168762,0.005536952341831557,nan,nan,0.780343091303962,True
R9,relu,100,20,50,15000,2.0,50,37,relu_p100_rt20_rs50_n15000_eta2.0_seed37.npz,0.9999999998105475,6.804398868394795,0.42203248372702734,16.12292686170554,0.00034909662931643633,0.003213225888621286,0.0004612121267148663,0.7237348790485878,547.0,7820.0,16.459579227196567,0.22112002968726863,-0.005315138316339496,nan,nan,0.7277337494799238,True
R9,relu,100,20,50,15000,2.0,50,41,relu_p100_rt20_rs50_n15000_eta2.0_seed41.npz,0.999999999843511,6.877601413500071,0.42597626735033456,16.145503730243597,0.00031462883091942296,0.001173559039038812,0.06545788575950177,0.6808936132857057,548.0,7720.0,16.532287096717873,0.2180729827476255,0.06442678565238799,nan,nan,0.779405416269804,True
R9,relu,100,20,50,15000,2.0,50,53,relu_p100_rt20_rs50_n15000_eta2.0_seed53.npz,0.9999999998325566,6.831382976274905,0.42388643233219153,16.116068963776797,0.002735000173474318,0.005449520326468244,0.024772484846513846,0.7088947757348186,545.0,7700.0,16.50697538640857,0.22154793582262866,0.020944765579919457,nan,nan,0.7422894774571813,True
R9,relu,100,20,50,15000,2.0,50,67,relu_p100_rt20_rs50_n15000_eta2.0_seed67.npz,0.9999999998618606,6.834061354044548,0.4464908311958587,15.306162806838698,6.899753485774397e-06,0.0009021377983870991,0.08989484976796104,0.7203911302735373,542.0,7720.0,15.730941716391788,0.21733392152313302,0.08984942298856415,nan,nan,0.7684553391437812,True
R9,relu,100,20,50,15000,2.0,50,71,relu_p100_rt20_rs50_n15000_eta2.0_seed71.npz,0.9999999998321292,6.869817058994131,0.43736768186461655,15.707189497189745,0.00030130342723159114,0.0005554743546576399,0.0025093389738138037,0.6881877005537361,540.0,7700.0,16.01012382423226,0.2340226598218932,0.0024399320424776418,nan,nan,0.7062447755107802,True
R9,relu,100,20,50,15000,2.0,50,83,relu_p100_rt20_rs50_n15000_eta2.0_seed83.npz,0.9999999998572506,6.832120227363848,0.4072398567669184,16.77664922486744,5.926102638620461e-06,0.005461196944304618,0.008775709446699422,0.7328554421082909,547.0,8000.0,17.37605641525191,0.22727636429260945,0.008518022152851095,nan,nan,0.8157377483440353,True
R9,relu,100,20,50,15000,2.0,50,97,relu_p100_rt20_rs50_n15000_eta2.0_seed97.npz,0.9999999998436662,6.830831089438052,0.37111062485046475,18.40645519699272,0.0001612897567340517,4.361131375605337e-05,0.0008681947841311625,0.6919552405328345,551.0,7840.0,18.76056287365871,0.19765168506944408,-0.00020316171086824533,nan,nan,0.763755383829182,True
R9,relu,100,20,50,15000,2.0,50,101,relu_p100_rt20_rs50_n15000_eta2.0_seed101.npz,0.9999999998298295,6.854986121795002,0.4874623951751374,14.062594755298234,1.0671266275114385e-05,0.0046248136697850765,0.059806142295874096,0.7239830048574635,548.0,7880.0,14.552389007858265,0.22988665198688807,0.059546838782023305,nan,nan,0.7506837607196698,True
R9,relu,100,20,50,15000,2.0,50,103,relu_p100_rt20_rs50_n15000_eta2.0_seed103.npz,0.9999999998398698,6.878748168561272,0.4476476031264487,15.366435831486417,1.0194710421648844e-05,0.00029733898376943307,0.0018970284742129409,0.7208309167698553,542.0,7700.0,15.712536553456319,0.22831261003556141,-0.0010274347391603439,nan,nan,0.7078165313201715,True
R9,relu,100,20,50,15000,2.0,50,107,relu_p100_rt20_rs50_n15000_eta2.0_seed107.npz,0.99999999985558,6.848100766577718,0.4229681867945017,16.1905811840758,2.074212562640305e-05,0.0018561096162200278,0.05086206632618165,0.7339093960075115,540.0,7760.0,16.30617823304292,0.21822916007321358,0.04377807462800745,nan,nan,0.8334637372472454,True
R9,relu,100,20,50,15000,2.0,50,109,relu_p100_rt20_rs50_n15000_eta2.0_seed109.npz,0.999999999846405,6.874603694192008,0.4326543311549978,15.889367560102366,0.0009811684905017986,0.003332188048668753,0.11890357474690287,0.7330171432651003,541.0,7660.0,16.2152695939933,0.2298980732565583,0.11801253735794597,nan,nan,0.6719403376714427,True
R9,relu,100,20,50,15000,2.0,50,113,relu_p100_rt20_rs50_n15000_eta2.0_seed113.npz,0.9999999998380026,6.85286080802394,0.4063537444298906,16.864273805667576,0.00015742588090745803,0.0002658678244895927,6.0624032011518376e-05,0.7079771812635187,543.0,7880.0,17.39992827776597,0.22145864101253115,-0.0029934936633460034,nan,nan,0.6967373803720095,True
R9,relu,100,20,50,15000,2.0,50,127,relu_p100_rt20_rs50_n15000_eta2.0_seed127.npz,0.9999999998501656,6.852231382727705,0.4212917811480221,16.264811442690245,0.00046030273338328455,0.006544864135343303,0.016469497372269937,0.7286257519938575,551.0,7720.0,16.65322394812989,0.20153469110211086,0.01607572572174874,nan,nan,0.7496811274867213,True
R9,relu,100,20,50,15000,2.0,50,131,relu_p100_rt20_rs50_n15000_eta2.0_seed131.npz,0.9999999998496217,6.875408558842828,0.454467184431586,15.12850387083961,6.223987937607787e-05,9.623329141125497e-05,0.007690506432777377,0.7261461430655471,543.0,7820.0,15.478070843002223,0.25317964720794267,0.005624595394415239,nan,nan,0.7450469406025676,True
R9,relu,100,20,50,15000,2.0,50,137,relu_p100_rt20_rs50_n15000_eta2.0_seed137.npz,0.9999999998670771,6.8449543355597235,0.45824310612168095,14.937386387526205,0.0021274427565996235,0.018153835569650154,0.07965731955923423,0.7153165421854202,544.0,7820.0,15.413477852472308,0.22306841622670392,0.06925430335779385,nan,nan,0.7973406468069353,True
R9,relu,100,20,50,15000,2.0,50,139,relu_p100_rt20_rs50_n15000_eta2.0_seed139.npz,0.9999999998189709,6.847417870758608,0.41472401314892615,16.510782239898226,0.00019655622559217858,0.0028092498801503326,8.594835024252526e-05,0.6898638680444447,551.0,7720.0,16.906753371015206,0.1888243912740415,-0.001619653345068225,nan,nan,0.7467621030293359,True
R9,relu,100,20,50,15000,2.0,50,149,relu_p100_rt20_rs50_n15000_eta2.0_seed149.npz,0.999999999862744,6.834610102289859,0.4150446132310171,16.46716975576228,0.0001923992286232765,0.004539578094408634,0.17638073165540358,0.7620618153475144,542.0,7560.0,16.66518647586832,0.22050621773284662,0.17597237296592633,nan,nan,0.7364427077492643,True
R9,relu,100,20,50,15000,2.0,50,151,relu_p100_rt20_rs50_n15000_eta2.0_seed151.npz,0.9999999998535539,6.809399693781315,0.4132428425655406,16.477961606077518,3.6286534370635345e-05,0.006674109831988471,0.002102586714302868,0.7329660813167256,547.0,7800.0,16.89926989808857,0.214181995863015,-0.0008344132374875791,nan,nan,0.7767473171265104,True
R9,relu,100,20,50,15000,2.0,50,157,relu_p100_rt20_rs50_n15000_eta2.0_seed157.npz,0.9999999998480252,6.868187071644676,0.42920274011782505,16.00219763219409,0.0001913988542257068,0.010814497666256041,0.004104486343611447,0.7390408906111923,540.0,7920.0,16.443028857388825,0.2311316680023412,0.0007854857110249133,nan,nan,0.7062232872081926,True
R9,relu,100,20,50,15000,2.0,50,163,relu_p100_rt20_rs50_n15000_eta2.0_seed163.npz,0.9999999998422987,6.835299159688558,0.3992153822429469,17.121833134998948,1.1911722508400784e-05,0.007403536777389463,0.0013539899178818867,0.692518709883007,545.0,7820.0,17.357588403776194,0.21031131578017148,0.00040908396421831053,nan,nan,0.7503555498554485,True
R9,relu,100,20,50,15000,2.0,50,167,relu_p100_rt20_rs50_n15000_eta2.0_seed167.npz,0.9999999998560585,6.852175771757102,0.38572476062638317,17.764417717519013,5.4672410466394815e-05,4.220510805093583e-05,0.09512552465065713,0.7293443768910357,547.0,7860.0,18.378453527944313,0.21969761960630252,0.09475306808065662,nan,nan,0.6843529248434634,True
R9,relu,100,20,50,15000,2.0,50,173,relu_p100_rt20_rs50_n15000_eta2.0_seed173.npz,0.9999999998477295,6.874579071545439,0.4250632671321247,16.17307258264821,0.0005218407702649474,0.002795809776223991,0.00010572932437373446,0.7301357142215944,545.0,7640.0,16.5808628449629,0.22655752783126637,5.6549760180889784e-05,nan,nan,0.6869639068920989,True
R9,relu,100,20,50,15000,2.0,50,179,relu_p100_rt20_rs50_n15000_eta2.0_seed179.npz,0.999999999897698,6.8141518133537256,0.4562153057968589,14.936263046790224,0.0010228379801438068,0.017549685232663783,0.26653030863567445,0.7592227908854531,551.0,7820.0,15.364451511602029,0.2509609627113478,0.26358748281916994,nan,nan,0.7861516882996579,True
R9,relu,100,20,50,15000,2.0,50,181,relu_p100_rt20_rs50_n15000_eta2.0_seed181.npz,0.9999999997913868,6.886747875596293,0.42686272194084846,16.133401961838704,0.0009065151319783939,0.005649443681018838,0.052020586219098185,0.6964765300951289,551.0,7700.0,16.518636769942404,0.2123775523034574,0.05115992985033921,nan,nan,0.7317353891536563,True
R9,relu,100,20,50,15000,2.0,50,191,relu_p100_rt20_rs50_n15000_eta2.0_seed191.npz,0.9999999998526701,6.855400831118826,0.4562558760943888,15.025342555151228,6.40643505347399e-05,0.0025793254866488067,0.01523247167291711,0.7323089791451238,544.0,7600.0,15.391406550734052,0.23215122450089865,0.014353264566312238,nan,nan,0.7217061385134467,True
R9,relu,100,20,50,15000,2.0,50,193,relu_p100_rt20_rs50_n15000_eta2.0_seed193.npz,0.9999999997926832,6.859908664846457,0.44938627004872994,15.265060643936877,1.2555076223192914e-06,0.0009635280716558802,0.013942437766855574,0.6996345655359085,555.0,7800.0,15.618134466628673,0.2077511137208674,0.012724143782817788,nan,nan,0.7250326433660791,True
R9,relu,100,20,50,15000,2.0,50,197,relu_p100_rt20_rs50_n15000_eta2.0_seed197.npz,0.9999999998512407,6.825186029733513,0.42574272849558875,16.031245099243616,0.0007002575387406104,0.004131735818200442,0.00013483744481749448,0.6908419154375236,549.0,7700.0,16.35680911926095,0.224315292753476,-0.0017891836876783717,nan,nan,0.7178177443879995,True
R9,relu,100,20,50,15000,2.0,50,199,relu_p100_rt20_rs50_n15000_eta2.0_seed199.npz,0.9999999998434677,6.849528773751644,0.43699217185244793,15.674259666290805,3.9811799438571726e-05,0.0014292264146511353,0.09342529382458685,0.732679045016911,549.0,7720.0,16.163327061328616,0.24206873311847038,0.09179634836529921,nan,nan,0.7087504371131507,True
R9,relu,100,20,50,15000,2.0,50,211,relu_p100_rt20_rs50_n15000_eta2.0_seed211.npz,0.9999999998543685,6.845823130620499,0.4126712092936941,16.58904953010277,6.717765738285575e-05,0.01818243375125573,0.19201472604382067,0.7311211324440022,543.0,7660.0,16.87992671299387,0.2421453401351934,0.18990781318988162,nan,nan,0.7283213639706526,True
R9,relu,100,20,50,15000,2.0,50,223,relu_p100_rt20_rs50_n15000_eta2.0_seed223.npz,0.9999999998342529,6.823345979848584,0.41239695733934895,16.545577891434004,0.0002446265277437058,0.009595682609982288,0.17396850996139215,0.735325515813124,543.0,7860.0,16.87944891657247,0.23866458642193839,0.17396633068976194,nan,nan,0.7745724493170778,True
R9,relu,100,20,50,15000,2.0,50,227,relu_p100_rt20_rs50_n15000_eta2.0_seed227.npz,0.9999999998387159,6.876372980952905,0.4590583946403481,14.979299063554295,1.2960478824981945e-06,0.01130649457347786,0.03552098183264285,0.6851775784387643,545.0,7700.0,15.435216336240932,0.19690872940918014,0.03246799198123704,nan,nan,0.7780083782826765,True
R9,relu,100,20,50,15000,2.0,50,229,relu_p100_rt20_rs50_n15000_eta2.0_seed229.npz,0.9999999998471555,6.813299094348169,0.4554676809668807,14.95890790732877,1.1757183421882496e-05,0.003713630680458646,0.011765963053190028,0.7028594832789934,548.0,7700.0,15.579219671665308,0.21759197177684975,0.011332924464520795,nan,nan,0.6885898482076466,True
R9,relu,100,20,50,15000,2.0,50,233,relu_p100_rt20_rs50_n15000_eta2.0_seed233.npz,0.9999999998641257,6.810733354910127,0.4121784354267576,16.523749836302066,0.0001324071758075244,0.010521058926846757,0.055830641685655796,0.6918874715943291,544.0,7820.0,16.86774504239498,0.20543987463906177,0.055696345938523746,nan,nan,0.8231839799109313,True
R9,relu,100,20,50,15000,2.0,50,239,relu_p100_rt20_rs50_n15000_eta2.0_seed239.npz,0.9999999998205102,6.8210619714632195,0.4054069220718031,16.82522325125745,0.00118925537282525,0.0019408380875397969,0.030781066360012866,0.745065080387177,550.0,7800.0,17.388569774927475,0.22576675758661835,0.030231763539501185,nan,nan,0.7772635489956204,True
R9,relu,100,20,50,15000,2.0,50,241,relu_p100_rt20_rs50_n15000_eta2.0_seed241.npz,0.9999999998393788,6.84959753639042,0.48506810221980395,14.120898704830916,8.451089208183267e-05,0.0006289707063024214,0.016246416654181094,0.7036020523133116,546.0,7540.0,14.453543989620195,0.19301751076204898,0.015606768332126807,nan,nan,0.7045372701041637,True
R9,relu,100,20,50,15000,2.0,50,251,relu_p100_rt20_rs50_n15000_eta2.0_seed251.npz,0.9999999998277577,6.848246122570551,0.4956924619554624,13.815513949021602,0.0002055500283276822,0.00022259222864001347,0.026708590123568528,0.7074457431407121,543.0,7600.0,14.20020042638922,0.22185978200508066,0.025154716588095462,nan,nan,0.7423057566864014,True
R9,relu,100,20,50,15000,2.0,50,257,relu_p100_rt20_rs50_n15000_eta2.0_seed257.npz,0.9999999998128754,6.8452442722683795,0.4166117890161399,16.430750287777357,0.0001761644950739234,0.012752441510080955,0.049879524581959545,0.7345838631020353,551.0,7680.0,16.679791067846445,0.22575564647952417,0.04966825206581586,nan,nan,0.8163113545264077,True
R9,relu,100,20,50,15000,2.0,50,263,relu_p100_rt20_rs50_n15000_eta2.0_seed263.npz,0.999999999817191,6.878991700500877,0.4592062848504046,14.98017759652798,0.0004145093941372789,0.01397174242777658,0.026770945749978826,0.7182539346532623,545.0,7700.0,15.303396644588496,0.2051301818873651,0.025217969987159035,nan,nan,0.7482543041834386,True
R9,relu,100,20,50,15000,2.0,50,269,relu_p100_rt20_rs50_n15000_eta2.0_seed269.npz,0.9999999998773108,6.811304216578206,0.44218556849459456,15.403723463357375,1.5062409225755806e-06,0.0048868599488739945,0.007236614712980067,0.727394930220593,545.0,7300.0,15.714039242969498,0.20972795652173382,0.006570331393304809,nan,nan,0.7427049315275672,True
R9,relu,100,20,50,15000,2.0,50,271,relu_p100_rt20_rs50_n15000_eta2.0_seed271.npz,0.9999999998509671,6.8593960792099615,0.4154509035164985,16.510726107826503,0.0007351277171803574,0.013281170489231234,0.06512703391381257,0.7187767245485834,551.0,7840.0,16.937263095048348,0.21696895008329542,0.06434738813552135,nan,nan,0.7230424610634467,True
R9,relu,100,20,50,15000,2.0,50,277,relu_p100_rt20_rs50_n15000_eta2.0_seed277.npz,0.9999999998591502,6.859814634688124,0.4437095720794315,15.460145704181702,0.00046237241329461897,0.0006216374178231454,0.014112117148106819,0.7385134421926678,541.0,7660.0,15.867616113181018,0.2377432907177357,0.013633787198230048,nan,nan,0.7043175640724962,True
R9,relu,100,20,50,15000,2.0,50,281,relu_p100_rt20_rs50_n15000_eta2.0_seed281.npz,0.9999999998218879,6.8560112931812,0.4293209024466916,15.969432781187505,0.0003100284418096029,0.005453121915026487,0.016604810363275782,0.7183733460665424,549.0,7700.0,16.3348443745119,0.21883987641535546,0.01624695324533553,nan,nan,0.7725168784107755,True
R9,relu,100,20,50,15000,2.0,50,283,relu_p100_rt20_rs50_n15000_eta2.0_seed283.npz,0.9999999998117972,6.854533078093761,0.42275232641666355,16.214063530280733,2.1141683315204022e-06,0.005622939891001826,0.0199467483750747,0.7068952648044228,545.0,7820.0,16.46554427075735,0.22481623239384174,0.01986285138982646,nan,nan,0.7047175224358597,True
R9,relu,100,20,50,15000,2.0,50,293,relu_p100_rt20_rs50_n15000_eta2.0_seed293.npz,0.9999999998520968,6.863514598115644,0.4566926360349018,15.028739367698309,0.000861249760502355,0.00013638004141214776,0.043097140976180004,0.741203885068252,545.0,7580.0,15.398443894028999,0.2146560461286281,0.04300546912047968,nan,nan,0.7456969325529411,True
R9,relu,100,20,50,15000,2.0,50,307,relu_p100_rt20_rs50_n15000_eta2.0_seed307.npz,0.9999999998204075,6.835493009679182,0.4650917076285191,14.697086397289349,4.2856310606858956e-05,0.0051574156737398845,0.06712225129966734,0.7406421950873245,543.0,7620.0,15.117972450186485,0.22992976478084448,0.06668033272047728,nan,nan,0.7697507676244112,True
R9,relu,100,20,50,15000,2.0,50,311,relu_p100_rt20_rs50_n15000_eta2.0_seed311.npz,0.9999999998364053,6.8457820753407574,0.4788402576507058,14.296588404925787,7.375656632688168e-06,0.00046931943902665905,0.021587686466886778,0.6920630092636453,543.0,7780.0,14.638797066110763,0.1908588676265176,0.021238546837089478,nan,nan,0.7663179514753756,True
R9,relu,100,20,50,15000,2.0,50,313,relu_p100_rt20_rs50_n15000_eta2.0_seed313.npz,0.9999999998276757,6.830518899235555,0.39157187625350093,17.443844447126544,1.4312531127680136e-05,0.01242504297255542,0.0036920901557643666,0.7318188865018769,547.0,7580.0,17.719244953006207,0.2142439656401095,-0.0005788701694509203,nan,nan,0.6892479613169555,True
G14,gelu,100,8,50,15000,0.6,50,5,gelu_p100_rt8_rs50_n15000_eta0.6_seed5.npz,0.9999999946452257,0.6549415598571373,0.11904642020561687,5.5015645050554465,0.0012860386216266455,0.9178605831223693,0.9710380685468682,0.981573775877016,660.0,5560.0,5.518470664980218,0.20300037338494747,0.8209726303659457,1440.0,0.0003879310344827586,0.12128042141759923,False
G14,gelu,100,8,50,15000,0.6,50,11,gelu_p100_rt8_rs50_n15000_eta0.6_seed11.npz,0.9999999983308228,0.676551191909003,0.12197922810928713,5.54644591866779,0.0008869354050379489,0.9298305065390496,0.960902427950181,0.9754500855679928,741.0,5240.0,5.550137829091005,0.16962071057606987,0.6051602774963911,860.0,0.0006428571428571428,0.11467917108638842,False
G14,gelu,100,8,50,15000,0.6,50,23,gelu_p100_rt8_rs50_n15000_eta0.6_seed23.npz,0.9999999980036786,0.6629577500385057,0.12988369070022196,5.104241698587432,1.8325892238138863e-05,0.9283048437680106,0.965157943275624,0.9806333861184953,636.0,4760.0,5.1169193043941545,0.14547375939099916,0.5573829889305667,760.0,0.0006818181818181819,0.12832571158597725,False
G14,gelu,100,8,50,15000,0.6,50,37,gelu_p100_rt8_rs50_n15000_eta0.6_seed37.npz,0.9999999977635444,0.6679761789023931,0.13275216942200863,5.031753392887689,0.0009076653937171213,0.9261178010836719,0.9624783629983329,0.9787880496896463,622.0,5160.0,5.046317474297057,0.17553540638597032,0.7537745719393323,1040.0,0.0007758620689655172,0.1361039800572085,False
G14,gelu,100,8,50,15000,0.6,50,41,gelu_p100_rt8_rs50_n15000_eta0.6_seed41.npz,0.999999997814223,0.6661149094098562,0.12629887788944708,5.274115815921382,8.281147129669247e-05,0.9027438044502251,0.9597767390262234,0.9775197903665853,616.0,5340.0,5.268561828355027,0.16802994866504128,0.7502735628754938,1580.0,0.00030405405405405404,0.14523224810522403,False
G14,gelu,100,8,50,15000,0.6,50,53,gelu_p100_rt8_rs50_n15000_eta0.6_seed53.npz,0.999999998537831,0.6784013464639009,0.1287930875644104,5.267373888560806,6.178384615579901e-05,0.9258240995005526,0.9556595763591512,0.9787082459759306,634.0,5060.0,5.266851759112102,0.19715743379013384,0.9272191264407261,1360.0,0.000703125,0.13409266213842336,False
G14,gelu,100,8,50,15000,0.6,50,67,gelu_p100_rt8_rs50_n15000_eta0.6_seed67.npz,0.9999999987747777,0.6823282953049089,0.13512292042102353,5.0496858207243625,0.0007911966932332386,0.8767142898731191,0.9557162008968711,0.9756261617094507,657.0,5780.0,5.053368401761518,0.22323044103434997,0.915387719626213,1920.0,0.0004090909090909091,0.13600805336965754,False
G14,gelu,100,8,50,15000,0.6,50,71,gelu_p100_rt8_rs50_n15000_eta0.6_seed71.npz,0.999999997890555,0.669200044480526,0.12878409922302228,5.1962940185778415,0.0009065975048147934,0.9287854004472499,0.968829971775737,0.9797713411074289,622.0,5080.0,5.193846210881283,0.18322975745596604,0.7529217339933134,1040.0,0.0005232558139534884,0.11682481044384835,False
G14,gelu,100,8,50,15000,0.6,50,83,gelu_p100_rt8_rs50_n15000_eta0.6_seed83.npz,0.9999999980843504,0.676654297634014,0.13296490615842071,5.0889690910458425,0.000974108496695998,0.8500834020115247,0.9623882878314601,0.9792999234688398,658.0,5500.0,5.088445355236163,0.19137811407086736,0.8255849960816759,2480.0,0.00019067796610169492,0.11743743709907109,False
G14,gelu,100,8,50,15000,0.6,50,97,gelu_p100_rt8_rs50_n15000_eta0.6_seed97.npz,0.9999999970668292,0.6606643229326075,0.12392422674010979,5.331195846943899,0.0022829975123479194,0.8819157399267159,0.962310312169496,0.9801603317315459,662.0,5440.0,5.338663063131283,0.21494591678544317,0.854818678496378,1980.0,0.00024456521739130437,0.12809514889321913,False
G14,gelu,100,8,50,15000,0.6,50,101,gelu_p100_rt8_rs50_n15000_eta0.6_seed101.npz,0.9999999984073523,0.6812230682806273,0.1480848821285029,4.600220214846007,0.0006577584236366961,0.883992860350586,0.9616046036768102,0.978301529374197,618.0,5320.0,4.598724602543753,0.25278044051294335,0.9291564015452239,1820.0,0.0004326923076923077,0.11468776784126647,False
G14,gelu,100,8,50,15000,0.6,50,103,gelu_p100_rt8_rs50_n15000_eta0.6_seed103.npz,0.9999999975405028,0.6616365581301087,0.13215472958902139,5.006529544479303,0.00188921459871568,0.9158689332772231,0.9615724189583947,0.9775506639037579,652.0,5500.0,5.01887903684502,0.1459598667039711,0.42394410786808867,540.0,0.0008333333333333334,0.1280722051418433,False
G14,gelu,100,8,50,15000,0.6,50,107,gelu_p100_rt8_rs50_n15000_eta0.6_seed107.npz,0.999999997356144,0.6606697720847177,0.12556761892910429,5.261466114585904,0.0002340299943743862,0.8831700621539591,0.9621760401865611,0.976662711583481,621.0,5260.0,5.256374607399554,0.3042899713908296,0.942968479866287,1660.0,0.0005232558139534884,0.13657999672935955,False
G14,gelu,100,8,50,15000,0.6,50,109,gelu_p100_rt8_rs50_n15000_eta0.6_seed109.npz,0.9999999986605582,0.677456820351023,0.1410560210171043,4.802750109255353,2.0581606867586776e-07,0.8236348343402061,0.9425624195180844,0.9746076916016906,658.0,5720.0,4.804120740402054,0.21317094676698978,0.6314374984781235,1440.0,0.00033088235294117646,0.14205076696611435,False
G14,gelu,100,8,50,15000,0.6,50,113,gelu_p100_rt8_rs50_n15000_eta0.6_seed113.npz,0.9999999988838382,0.6888443842957304,0.14523434602137886,4.742985410588283,8.897478479219934e-06,0.8855921434573746,0.9415479177295487,0.973670746337794,667.0,5380.0,4.744563094841795,0.30725869264956884,0.9395717264533865,1620.0,0.0008333333333333334,0.11971599926849225,False
G14,gelu,100,8,50,15000,0.6,50,127,gelu_p100_rt8_rs50_n15000_eta0.6_seed127.npz,0.9999999979136889,0.6719322964955697,0.12834951124612237,5.235176121606538,0.0003786392025177198,0.8697950440746703,0.9590032761053182,0.9779729195675847,638.0,5800.0,5.234423151217919,0.28426431316307754,0.8828314505232872,1940.0,0.0002616279069767442,0.13432006634401544,False
G14,gelu,100,8,50,15000,0.6,50,131,gelu_p100_rt8_rs50_n15000_eta0.6_seed131.npz,0.999999996163612,0.6576082966191718,0.12627671257397619,5.207676722134556,0.00045069954898068143,0.9396515031250184,0.9651943874739799,0.9816319983083871,662.0,4760.0,5.201453351555562,0.2803650876015765,0.9503117329958649,2160.0,0.0006818181818181819,0.14041414464829213,False
G14,gelu,100,8,50,15000,0.6,50,137,gelu_p100_rt8_rs50_n15000_eta0.6_seed137.npz,0.9999999977472477,0.6680054376006567,0.1328903062196635,5.026743158349449,0.000158409585476095,0.8973435910501042,0.9575394270927533,0.9786730506905714,665.0,5320.0,5.024759714292047,0.213505315037135,0.9488180446979658,1580.0,0.0008333333333333334,0.14277826743672614,False
G14,gelu,100,8,50,15000,0.6,50,139,gelu_p100_rt8_rs50_n15000_eta0.6_seed139.npz,0.999999998023952,0.6655823933312044,0.13933336935615587,4.776905894164386,0.00030926297981395006,0.9015312408929911,0.9548488187604163,0.9792470058049617,668.0,4840.0,4.764196694464364,0.1499563348640749,0.452808208535052,660.0,0.00075,0.12524626891368715,False
G14,gelu,100,8,50,15000,0.6,50,149,gelu_p100_rt8_rs50_n15000_eta0.6_seed149.npz,0.9999999981307557,0.6773964816064753,0.13430471269681776,5.043728310082789,2.2054231941578895e-05,0.8947565633739405,0.9612119146194157,0.9790383059003677,631.0,5360.0,5.050835184290384,0.18461762899552026,0.6016139722424815,900.0,0.0008653846153846154,0.1469879057590538,False
G14,gelu,100,8,50,15000,0.6,50,151,gelu_p100_rt8_rs50_n15000_eta0.6_seed151.npz,0.9999999986972773,0.6739932336929064,0.140400436551237,4.800506681095275,0.0009533934256503371,0.8851921079787571,0.949707338701134,0.9745152976189506,606.0,5540.0,4.798583803596405,0.22471974471511214,0.6324686859209243,1100.0,0.0005,0.12154197082757637,False
G14,gelu,100,8,50,15000,0.6,50,157,gelu_p100_rt8_rs50_n15000_eta0.6_seed157.npz,0.9999999965488683,0.6653319566933057,0.1261491524496909,5.274169059190821,0.0003883489123864909,0.9233601031495514,0.9651898518450336,0.9800854560364058,644.0,4960.0,5.279953753866864,0.1699795301088437,0.8793167082008732,1700.0,0.00033088235294117646,0.12038969625630905,False
G14,gelu,100,8,50,15000,0.6,50,163,gelu_p100_rt8_rs50_n15000_eta0.6_seed163.npz,0.9999999973125835,0.672946259336724,0.13592707389381126,4.9507889786728,0.00025967881071516053,0.9080135640752485,0.9555352704465232,0.9764872956251385,636.0,4980.0,4.957101627975476,0.15843456954882995,0.5402910499616225,940.0,0.0005113636363636364,0.13131174253201355,False
G14,gelu,100,8,50,15000,0.6,50,167,gelu_p100_rt8_rs50_n15000_eta0.6_seed167.npz,0.9999999981180132,0.6729051485730304,0.13086191072179357,5.142100897514755,3.902334218583652e-05,0.8880423292533418,0.9553267127354466,0.9766195370935249,631.0,5500.0,5.151800613399225,0.2279074904397378,0.8258645459256279,1640.0,0.00030821917808219177,0.1127414808748365,False
G14,gelu,100,8,50,15000,0.6,50,173,gelu_p100_rt8_rs50_n15000_eta0.6_seed173.npz,0.9999999978926511,0.6631830042742541,0.12499593193200266,5.305636703721072,0.0015349041111067108,0.8797788381164132,0.9583101042881901,0.9797917856089696,640.0,5360.0,5.304362388283378,0.2535635671437907,0.8254148353225292,1440.0,0.00033088235294117646,0.10465341660534086,False
G14,gelu,100,8,50,15000,0.6,50,179,gelu_p100_rt8_rs50_n15000_eta0.6_seed179.npz,0.9999999974814401,0.6774276881766772,0.13443966104723107,5.038897620685645,3.1019776684815175e-06,0.7387252641605885,0.9444418518881221,0.9740904290571115,626.0,6200.0,5.057316876074287,0.3117120971359971,0.9432510699251124,3680.0,0.0008333333333333334,0.1559293085800136,False
G14,gelu,100,8,50,15000,0.6,50,181,gelu_p100_rt8_rs50_n15000_eta0.6_seed181.npz,0.9999999954250143,0.6617960930705692,0.11652450795844704,5.6794583788894215,0.0030330152614330844,0.9268267941399108,0.9665857129239233,0.9810320520980094,644.0,4920.0,5.711684183846374,0.15796966924207134,0.7118235830156487,1220.0,0.0004090909090909091,0.1083750986498545,False
G14,gelu,100,8,50,15000,0.6,50,191,gelu_p100_rt8_rs50_n15000_eta0.6_seed191.npz,0.9999999979567549,0.6722653386593997,0.15545576192708896,4.3244800342280145,0.00030302179012993457,0.8810388345050094,0.9530590277574467,0.9781065446839006,685.0,5420.0,4.323210482278169,0.2690698431564973,0.9345710538500587,1720.0,0.00075,0.13240275573000948,False
G14,gelu,100,8,50,15000,0.6,50,193,gelu_p100_rt8_rs50_n15000_eta0.6_seed193.npz,0.9999999969793546,0.6798461491632121,0.1322627910151672,5.140116460155834,0.010030353660087008,0.8989221036267486,0.9631830485615899,0.979693266441459,635.0,5240.0,5.133952058772959,0.16968595047156965,0.6571457306716539,1260.0,0.0003879310344827586,0.12384436881124616,False
G14,gelu,100,8,50,15000,0.6,50,197,gelu_p100_rt8_rs50_n15000_eta0.6_seed197.npz,0.9999999979192566,0.6641891726448986,0.13120006896037895,5.062414813558344,0.0006285220795623164,0.9198629664944461,0.9629325283563419,0.9783805950527056,639.0,5060.0,5.064918927040471,0.22200616087572167,0.9078345021132298,1700.0,0.0003879310344827586,0.1271411777098894,False
G14,gelu,100,8,50,15000,0.6,50,199,gelu_p100_rt8_rs50_n15000_eta0.6_seed199.npz,0.9999999982969294,0.6736160259520337,0.14928951053757022,4.5121457195916745,0.007479730611807009,0.8886845704503222,0.949283867360157,0.9767413014570833,657.0,5000.0,4.51334331187651,0.1557054994717798,0.6514512204840204,1080.0,0.0004326923076923077,0.1318375364982803,False
G14,gelu,100,8,50,15000,0.6,50,211,gelu_p100_rt8_rs50_n15000_eta0.6_seed211.npz,0.9999999978701216,0.662610636813046,0.1327201105709132,4.992541325973421,1.1624377340399221e-05,0.9112659161045877,0.9647214600023002,0.9813393574266815,727.0,5080.0,4.988684798926672,0.14392595924684848,0.6401844321321036,1000.0,0.0005232558139534884,0.11261247098637595,False
G14,gelu,100,8,50,15000,0.6,50,223,gelu_p100_rt8_rs50_n15000_eta0.6_seed223.npz,0.9999999985410388,0.6679020742288457,0.14724419268545394,4.536016409527484,7.720670044703045e-06,0.8562166970364837,0.9523061044701927,0.976477481133827,652.0,5640.0,4.529749207069475,0.24342958290895633,0.9518517126069003,2000.0,0.0028125,0.13999711451662933,False
G14,gelu,100,8,50,15000,0.6,50,227,gelu_p100_rt8_rs50_n15000_eta0.6_seed227.npz,0.9999999986396535,0.6731513704503956,0.1381718567998879,4.871841386812295,7.859181046083437e-05,0.8764456969763077,0.9505188934014729,0.9751980813917345,621.0,5600.0,4.878542345865659,0.2227576056677104,0.6801164000897223,1280.0,0.0003879310344827586,0.1313013654852673,False
G14,gelu,100,8,50,15000,0.6,50,229,gelu_p100_rt8_rs50_n15000_eta0.6_seed229.npz,0.9999999974898033,0.6653220752988838,0.12503436469450052,5.321113734807876,0.0005482537592543565,0.9076208064849991,0.9633058919268321,0.9803094410450208,689.0,4880.0,5.315743443977063,0.15009093254448802,0.5183216557955368,800.0,0.000703125,0.12137895428388754,False
G14,gelu,100,8,50,15000,0.6,50,233,gelu_p100_rt8_rs50_n15000_eta0.6_seed233.npz,0.9999999983751358,0.6819908279051422,0.13116597672318767,5.199449163134841,0.00034110305380102244,0.8658396319666788,0.9524200256613962,0.9767164619781222,668.0,5680.0,5.19244834136773,0.17253196729241183,0.7468879561836259,1520.0,0.0003461538461538462,0.12042121768218342,False
G14,gelu,100,8,50,15000,0.6,50,239,gelu_p100_rt8_rs50_n15000_eta0.6_seed239.npz,0.9999999971374414,0.6611515394461537,0.12234971486913229,5.403784881340628,6.669492571531623e-05,0.9219109926899325,0.9624204028114052,0.9801125525941486,656.0,5000.0,5.405283276218792,0.15515886240751497,0.5058818139955216,700.0,0.0010714285714285715,0.12208131195602244,False
G14,gelu,100,8,50,15000,0.6,50,241,gelu_p100_rt8_rs50_n15000_eta0.6_seed241.npz,0.9999999961786202,0.6708646753569225,0.13282000131334065,5.0509311001605885,0.0010009188305940518,0.9203820912550884,0.9653606950636323,0.9798979702401389,652.0,5140.0,5.071665698125775,0.23538878750273706,0.9586178725118374,1780.0,0.0013235294117647058,0.1304229713515859,False
G14,gelu,100,8,50,15000,0.6,50,251,gelu_p100_rt8_rs50_n15000_eta0.6_seed251.npz,0.9999999977800256,0.6729878679610178,0.1398709494942954,4.8114913811210345,4.007250563978364e-06,0.9043466462331541,0.961536668896763,0.9789547410483903,674.0,5400.0,4.814817111988536,0.24117148055109783,0.7667712212830817,1160.0,0.000576923076923077,0.10542911796768697,False
G14,gelu,100,8,50,15000,0.6,50,257,gelu_p100_rt8_rs50_n15000_eta0.6_seed257.npz,0.9999999986078504,0.6860273965571982,0.13694044414302278,5.009677023105755,0.0012785270559992437,0.8090185723411795,0.9481580989910245,0.9740880825419113,626.0,6000.0,5.009462531461715,0.2505010298711602,0.7748714112052104,1780.0,0.00027439024390243905,0.15298536602230983,False
G14,gelu,100,8,50,15000,0.6,50,263,gelu_p100_rt8_rs50_n15000_eta0.6_seed263.npz,0.9999999976141878,0.6762361330512505,0.12975836671555413,5.211503120516622,0.001353699545307095,0.861925437738444,0.9624846206870337,0.9779318960038643,619.0,5620.0,5.213055268217816,0.1939361714228317,0.9136223801831479,2420.0,0.00025,0.12059241485047743,False
G14,gelu,100,8,50,15000,0.6,50,269,gelu_p100_rt8_rs50_n15000_eta0.6_seed269.npz,0.9999999976462658,0.669016807896179,0.12848176154257876,5.207095543085836,6.193403244582179e-06,0.9223443630935737,0.9622881296833868,0.9770695168742813,659.0,5440.0,5.218068012162735,0.21184312381020876,0.6217669353851297,920.0,0.0005487804878048781,0.14290076753947678,False
G14,gelu,100,8,50,15000,0.6,50,271,gelu_p100_rt8_rs50_n15000_eta0.6_seed271.npz,0.9999999987958978,0.6784024547952291,0.14703778514617363,4.613796747011754,0.0005798405599797242,0.9194576000706067,0.9593154938986521,0.9778134299424952,630.0,5060.0,4.611485517697581,0.20774661079017664,0.928446304113629,1120.0,0.00125,0.10911633861996312,False
G14,gelu,100,8,50,15000,0.6,50,277,gelu_p100_rt8_rs50_n15000_eta0.6_seed277.npz,0.9999999976984909,0.667471146303527,0.13350888287524357,4.999451212000933,0.00011587856217038865,0.8938604468888856,0.9602934727228415,0.9787347090051102,646.0,5460.0,4.999613793541305,0.17561653640343078,0.7635617373847381,1280.0,0.00046875000000000004,0.13394867684546863,False
G14,gelu,100,8,50,15000,0.6,50,281,gelu_p100_rt8_rs50_n15000_eta0.6_seed281.npz,0.9999999976984435,0.6632719851884209,0.13419403889828088,4.942633746132206,0.0028621900105880427,0.8968602708494735,0.9590448675674195,0.9769195626883818,636.0,5300.0,4.941885644827068,0.19930954143462642,0.9049546122539204,780.0,0.0020454545454545456,0.1326996036546551,False
G14,gelu,100,8,50,15000,0.6,50,283,gelu_p100_rt8_rs50_n15000_eta0.6_seed283.npz,0.9999999969285474,0.6654334447288768,0.12800911070062646,5.198328783684146,0.002469834564300652,0.9060688120759889,0.9607718558859233,0.9795043930496972,677.0,4680.0,5.211209517546082,0.1840440126966938,0.6580360265433185,1120.0,0.00046875000000000004,0.12129599320735918,False
G14,gelu,100,8,50,15000,0.6,50,293,gelu_p100_rt8_rs50_n15000_eta0.6_seed293.npz,0.9999999975529764,0.6724247805845891,0.13191079390303928,5.097572084046839,0.00589367236416689,0.9334383254979607,0.9649105304302374,0.9811734220466892,616.0,4820.0,5.127298106238719,0.15024968449966303,0.5508356646869581,700.0,0.0006818181818181819,0.11326252339565067,False
G14,gelu,100,8,50,15000,0.6,50,307,gelu_p100_rt8_rs50_n15000_eta0.6_seed307.npz,0.9999999972516543,0.6668637397606442,0.11777314950290474,5.662273129107384,0.0014151132397931367,0.8777503851661808,0.9518444778661149,0.977051374698474,630.0,5440.0,5.671054673344115,0.22904703679483418,0.8454765639344208,1820.0,0.0002848101265822785,0.13184616404160718,False
G14,gelu,100,8,50,15000,0.6,50,311,gelu_p100_rt8_rs50_n15000_eta0.6_seed311.npz,0.9999999973992155,0.6714304647478535,0.1446530125615074,4.641662505731479,0.00010713663471884298,0.9146196851331099,0.9604470117345539,0.9777263920638728,642.0,5300.0,4.648384827188681,0.19301226790135262,0.6314000246863948,820.0,0.0007258064516129033,0.12490381479083294,False
G14,gelu,100,8,50,15000,0.6,50,313,gelu_p100_rt8_rs50_n15000_eta0.6_seed313.npz,0.9999999986435476,0.6919793935771394,0.1369201015450165,5.053891910455755,0.0006337120717940525,0.8813655001078061,0.9480744851290366,0.9745789854118609,667.0,5640.0,5.058417659966831,0.24797473227083622,0.9431263189132247,1760.0,0.0010227272727272728,0.14430827011316003,False
G6,gelu,100,8,50,15000,0.5,50,5,gelu_p100_rt8_rs50_n15000_eta0.5_seed5.npz,0.9999999951974127,0.528389723297841,0.1260065080540411,4.193352640732077,0.0012860386216266455,0.9188374425611647,0.9673309089951685,0.9821678599479713,844.0,4820.0,4.202284423897693,0.171055128860381,0.8124898648245753,1200.0,0.0006081081081081081,0.12592197943999528,False
G6,gelu,100,8,50,15000,0.5,50,11,gelu_p100_rt8_rs50_n15000_eta0.5_seed11.npz,0.9999999956977537,0.5413735535378841,0.12777443902078264,4.236947214848105,0.0008869354050379489,0.9010990616061407,0.9612545728857818,0.9785872166850292,882.0,5220.0,4.251014087894301,0.16173153650699656,0.705433513379243,1280.0,0.0004017857142857143,0.11895974802860038,False
G6,gelu,100,8,50,15000,0.5,50,23,gelu_p100_rt8_rs50_n15000_eta0.5_seed23.npz,0.9999999941696469,0.5159781848126552,0.12335580948450879,4.1828446261985945,1.8325892238138863e-05,0.9276840533871471,0.9644676199981648,0.9825754927085227,815.0,4880.0,4.20669893839949,0.10214392473764555,0.3306852796251514,580.0,0.0008035714285714286,0.11465769004830391,False
G6,gelu,100,8,50,15000,0.5,50,37,gelu_p100_rt8_rs50_n15000_eta0.5_seed37.npz,0.9999999944577749,0.5105042137687232,0.12464011810941768,4.095825818462139,0.0009076653937171213,0.9439380764647001,0.9701378528908439,0.9832732122378144,757.0,4680.0,4.1150507283151745,0.06755662298994791,0.22628265948842607,480.0,0.0025,0.12355465429685628,False
G6,gelu,100,8,50,15000,0.5,50,41,gelu_p100_rt8_rs50_n15000_eta0.5_seed41.npz,0.9999999863637878,0.5220042616289597,0.12032324426889629,4.3383492923644384,8.281147129669247e-05,0.9317991927441335,0.9702111180100226,0.9817582324642584,813.0,5400.0,4.35687289233376,0.12699426890784327,0.5725101894470153,1120.0,0.0004411764705882353,0.12153834972746178,False
G6,gelu,100,8,50,15000,0.5,50,53,gelu_p100_rt8_rs50_n15000_eta0.5_seed53.npz,0.9999999963041118,0.5448786371481014,0.13511299630749812,4.032762591601732,6.178384615579901e-05,0.941181347717814,0.9679419909726994,0.9824292815893736,770.0,4420.0,4.099197176865979,0.10692031356528464,0.4912229266697081,800.0,0.0020454545454545456,0.1186921171703275,False
G6,gelu,100,8,50,15000,0.5,50,67,gelu_p100_rt8_rs50_n15000_eta0.5_seed67.npz,0.9999999969324267,0.5428705258975755,0.13902987761213156,3.904704047946348,0.0007911966932332386,0.9249341214468769,0.9652581267091597,0.9777468355331598,773.0,5060.0,3.9033407092182144,0.16911977192783545,0.7274242522720809,1140.0,0.0005,0.12459431850175223,False
G6,gelu,100,8,50,15000,0.5,50,71,gelu_p100_rt8_rs50_n15000_eta0.5_seed71.npz,0.9999999946571692,0.5371167079369977,0.13314701244038368,4.034012465563136,0.0009065975048147934,0.9375352582493276,0.9679629925368628,0.9806778178503954,874.0,4600.0,4.041734786391779,0.09012597905626596,0.37599368578527803,700.0,0.0007258064516129033,0.11551213822606052,False
G6,gelu,100,8,50,15000,0.5,50,83,gelu_p100_rt8_rs50_n15000_eta0.5_seed83.npz,0.9999999944018859,0.5345278262353856,0.13043642101912725,4.097995192286073,0.000974108496695998,0.9240175872506148,0.9686831578210068,0.9817724103501564,737.0,4860.0,4.097913516040786,0.14630093941603495,0.6946730841015865,1400.0,0.0003461538461538462,0.13086768120082667,False
G6,gelu,100,8,50,15000,0.5,50,97,gelu_p100_rt8_rs50_n15000_eta0.5_seed97.npz,0.9999999909553241,0.5230030447826655,0.12175208296479266,4.295639401371913,0.0022829975123479194,0.9387588882724462,0.9708581486644724,0.9831919211213213,6554.0,5180.0,4.309474019615856,0.003504095798757989,0.005402535221169846,1240.0,0.0028125,0.11800372891180458,False
G6,gelu,100,8,50,15000,0.5,50,101,gelu_p100_rt8_rs50_n15000_eta0.5_seed101.npz,0.9999999971118022,0.5460381155072999,0.14148845177516683,3.8592415752416698,0.0006577584236366961,0.9290199421850913,0.9708792533112324,0.9802220760849505,707.0,4480.0,3.8888791477181504,0.23346928193936178,0.9612540414214871,1320.0,0.0015,0.11292171186234494,False
G6,gelu,100,8,50,15000,0.5,50,103,gelu_p100_rt8_rs50_n15000_eta0.5_seed103.npz,0.9999999917198653,0.5218562386793326,0.13126806151268053,3.9755004581135007,0.00188921459871568,0.9254119871173367,0.9659200200349431,0.9806337038160029,840.0,4840.0,3.9868741469431845,0.09614780613173912,0.25349752171807083,340.0,0.0013235294117647058,0.11218073707242703,False
G6,gelu,100,8,50,15000,0.5,50,107,gelu_p100_rt8_rs50_n15000_eta0.5_seed107.npz,0.9999999840296462,0.5094643701043029,0.12402621825869059,4.107715104573097,0.0002340299943743862,0.9250917985544687,0.9685317791996413,0.983128022181878,7402.0,4700.0,4.144565692895628,0.0018257663697459625,0.007036921528190021,1120.0,0.0005487804878048781,0.1278297338873215,False
G6,gelu,100,8,50,15000,0.5,50,109,gelu_p100_rt8_rs50_n15000_eta0.5_seed109.npz,0.9999999970844324,0.5463640967329572,0.13914298734085886,3.926637678078076,2.0581606867586776e-07,0.8714808378194097,0.962735662537147,0.9794935042744368,872.0,5480.0,3.935638142779567,0.12626286866334258,0.5558010864225436,1220.0,0.00038135593220338984,0.14024998639997385,False
G6,gelu,100,8,50,15000,0.5,50,113,gelu_p100_rt8_rs50_n15000_eta0.5_seed113.npz,0.9999999968221863,0.5421661642412946,0.14278921390436522,3.796968618402906,8.897478479219934e-06,0.918467587646068,0.963120652720791,0.9790802464187877,807.0,5280.0,3.804533929297981,0.21491969829963287,0.9585784167976507,1120.0,0.0025,0.11855979653049326,False
G6,gelu,100,8,50,15000,0.5,50,127,gelu_p100_rt8_rs50_n15000_eta0.5_seed127.npz,0.9999999956235592,0.5322818268521543,0.11742471491841137,4.5329624791679715,0.0003786392025177198,0.9122240055576324,0.9593092484689864,0.9791876217493063,760.0,5040.0,4.540404951129838,0.1955198051875905,0.6376624460878244,1160.0,0.0004166666666666667,0.11149439478085792,False
G6,gelu,100,8,50,15000,0.5,50,131,gelu_p100_rt8_rs50_n15000_eta0.5_seed131.npz,0.9999999932786354,0.5212694868317435,0.12302474630159359,4.237110845600592,0.00045069954898068143,0.9513012349652721,0.9724624144776981,0.9834727934606119,0.0,4000.0,4.234347397981381,0.9047163701600918,0.9720117149287174,1340.0,0.00125,0.12266546645622277,False
G6,gelu,100,8,50,15000,0.5,50,137,gelu_p100_rt8_rs50_n15000_eta0.5_seed137.npz,0.9999999935985271,0.5337437268013188,0.12796226209874734,4.1711026207823165,0.000158409585476095,0.9340344330337351,0.9691375109573765,0.9815408849797864,721.0,4540.0,4.19693321966372,0.17254427173884668,0.8294343067259934,920.0,0.0013235294117647058,0.13325863394256607,False
G6,gelu,100,8,50,15000,0.5,50,139,gelu_p100_rt8_rs50_n15000_eta0.5_seed139.npz,0.9999999960317583,0.5288361756936114,0.13211922579177143,4.002719305418061,0.00030926297981395006,0.9255434767191181,0.9683916651098925,0.9820394774642267,841.0,4720.0,4.032643613823403,0.07320399238163244,0.2946951985495816,380.0,0.0011842105263157896,0.09680862653470299,False
G6,gelu,100,8,50,15000,0.5,50,149,gelu_p100_rt8_rs50_n15000_eta0.5_seed149.npz,0.9999999944539381,0.5263258695052748,0.12677462603654616,4.151665723340784,2.2054231941578895e-05,0.9350896664812618,0.9732618480927614,0.9836506206580002,774.0,4760.0,4.156918881879039,0.1465172140410832,0.6886604065229716,1140.0,0.0004891304347826087,0.12344670512874825,False
G6,gelu,100,8,50,15000,0.5,50,151,gelu_p100_rt8_rs50_n15000_eta0.5_seed151.npz,0.9999999973468516,0.5408603053354998,0.1289043985584866,4.195825056273004,0.0009533934256503371,0.8981858455755561,0.9563651517606834,0.9789910964036271,769.0,5060.0,4.219949542286747,0.11995557548444846,0.44202888122433126,740.0,0.000625,0.11450146110816815,False
G6,gelu,100,8,50,15000,0.5,50,157,gelu_p100_rt8_rs50_n15000_eta0.5_seed157.npz,0.999999994135114,0.5361297709346202,0.12622534922875192,4.247401763674418,0.0003883489123864909,0.9262448967226988,0.964969208060804,0.9811093847450112,905.0,4860.0,4.2655693456944475,0.1214362225684511,0.5837096902096744,1120.0,0.0004411764705882353,0.11161512893483973,False
G6,gelu,100,8,50,15000,0.5,50,163,gelu_p100_rt8_rs50_n15000_eta0.5_seed163.npz,0.9999999943200312,0.5172771516010815,0.13936456706727016,3.71168341054291,0.00025967881071516053,0.9327100259285804,0.9733744135252533,0.9828585825501139,697.0,4480.0,3.7197465153354288,0.11896855165105324,0.45073161110031545,640.0,0.000703125,0.13373528412837576,False
G6,gelu,100,8,50,15000,0.5,50,167,gelu_p100_rt8_rs50_n15000_eta0.5_seed167.npz,0.9999999934166144,0.525384188416171,0.13286106450337395,3.954387919290147,3.902334218583652e-05,0.9182440293109134,0.960270841577194,0.9803268218393262,813.0,4920.0,3.9741283529546005,0.1719343587566392,0.8159657729816504,1720.0,0.00030405405405405404,0.11041185269736384,False
G6,gelu,100,8,50,15000,0.5,50,173,gelu_p100_rt8_rs50_n15000_eta0.5_seed173.npz,0.9999999918516235,0.5191800402075029,0.12834111354641428,4.045313507582607,0.0015349041111067108,0.9245731880824989,0.9665672183775013,0.9821160614111217,879.0,4800.0,4.0686813586022375,0.14999293241152634,0.6064266376758778,1280.0,0.00036885245901639344,0.11226968963671113,False
G6,gelu,100,8,50,15000,0.5,50,179,gelu_p100_rt8_rs50_n15000_eta0.5_seed179.npz,0.9999999923539379,0.5338578567079327,0.1264109028220876,4.223194714931285,3.1019776684815175e-06,0.8461992647486704,0.9561100894016393,0.9783009680647559,833.0,5560.0,4.2273734170692485,0.22766519469139035,0.9513055608008012,2940.0,0.0008653846153846154,0.14814426520677906,False
G6,gelu,100,8,50,15000,0.5,50,181,gelu_p100_rt8_rs50_n15000_eta0.5_seed181.npz,0.9999999944371323,0.5319360986537879,0.11439841757050412,4.649855390927535,0.0030330152614330844,0.92055799328674,0.9668620267281257,0.9818820046303934,734.0,5000.0,4.658586222288017,0.13210113259726508,0.6766455390441544,1140.0,0.00046875000000000004,0.10726877102645002,False
G6,gelu,100,8,50,15000,0.5,50,191,gelu_p100_rt8_rs50_n15000_eta0.5_seed191.npz,0.99999999333808,0.535607176982291,0.14745393852536293,3.6323694188077824,0.00030302179012993457,0.919593238796548,0.9651210277821,0.9805340140949976,851.0,4980.0,3.628427610946334,0.210913970640629,0.9584467462539901,1140.0,0.0017307692307692308,0.12814930514608622,False
G6,gelu,100,8,50,15000,0.5,50,193,gelu_p100_rt8_rs50_n15000_eta0.5_seed193.npz,0.9999999957406395,0.5325027672697256,0.1382284354107705,3.8523388164475594,0.010030353660087008,0.9321404072383278,0.9665144681359851,0.9816654696944,729.0,4380.0,3.866380645186146,0.08921409738430341,0.28264655289855634,300.0,0.0015,0.09892503881556834,False
G6,gelu,100,8,50,15000,0.5,50,197,gelu_p100_rt8_rs50_n15000_eta0.5_seed197.npz,0.9999999915637399,0.5210263854932612,0.11962108072345841,4.355640179324051,0.0006285220795623164,0.9346482019525794,0.9653775738509268,0.9820899265400587,742.0,5160.0,4.3923645441544625,0.1847710279291056,0.9650964945667125,1240.0,0.0022500000000000003,0.12118831877103044,False
G6,gelu,100,8,50,15000,0.5,50,199,gelu_p100_rt8_rs50_n15000_eta0.5_seed199.npz,0.9999999951503835,0.5347978502015167,0.13632158961768975,3.923060548966183,0.007479730611807009,0.875222319067381,0.9596354714975345,0.9787207535913035,803.0,5380.0,3.9229788086007105,0.1288591491392892,0.5816294315745341,1120.0,0.0004090909090909091,0.13081431298521295,False
G6,gelu,100,8,50,15000,0.5,50,211,gelu_p100_rt8_rs50_n15000_eta0.5_seed211.npz,0.9999999963317865,0.5290226494473953,0.12864538504017412,4.112255167818022,1.1624377340399221e-05,0.8830430615390885,0.958346526032637,0.9815789471564698,862.0,5220.0,4.112409833856593,0.09497815876851312,0.385177788159481,680.0,0.0007258064516129033,0.12061016299906326,False
G6,gelu,100,8,50,15000,0.5,50,223,gelu_p100_rt8_rs50_n15000_eta0.5_seed223.npz,0.9999999961583662,0.5216408410205254,0.12802325201626577,4.074578897232272,7.720670044703045e-06,0.9335547130003958,0.9652844436126871,0.9810613619684949,786.0,4760.0,4.068849924670157,0.15441208391986838,0.683879756928971,1160.0,0.00046875000000000004,0.1411583247740864,False
G6,gelu,100,8,50,15000,0.5,50,227,gelu_p100_rt8_rs50_n15000_eta0.5_seed227.npz,0.9999999963062509,0.5295445136561563,0.14095409584647664,3.7568579364513233,7.859181046083437e-05,0.9176741758015935,0.9610185769603287,0.9780813928188643,732.0,5100.0,3.7569003295973116,0.14391522913164345,0.4755836475033374,780.0,0.000576923076923077,0.1243427596461198,False
G6,gelu,100,8,50,15000,0.5,50,229,gelu_p100_rt8_rs50_n15000_eta0.5_seed229.npz,0.999999993355866,0.5216322691258612,0.13319958093078652,3.9161704975401768,0.0005482537592543565,0.9028473748021036,0.9669380467493971,0.9835162254714406,752.0,5160.0,3.9196921019979007,0.17229204761282402,0.6687613285169043,1160.0,0.00042452830188679245,0.11924025067184577,False
G6,gelu,100,8,50,15000,0.5,50,233,gelu_p100_rt8_rs50_n15000_eta0.5_seed233.npz,0.9999999961692854,0.5448294553126334,0.13399923462067143,4.065914681191658,0.00034110305380102244,0.9207612095088589,0.9655974752796841,0.9807753360623,892.0,5140.0,4.080492047355491,0.1162385564791133,0.5072770487685374,1040.0,0.0005,0.12784626570745425,False
G6,gelu,100,8,50,15000,0.5,50,239,gelu_p100_rt8_rs50_n15000_eta0.5_seed239.npz,0.9999999884234143,0.5247488800408049,0.13266965172820055,3.955304571959339,6.669492571531623e-05,0.9457367473100698,0.972895557753297,0.9829831058444882,4880.0,4420.0,4.025375253731247,0.008513547610273231,0.017032532676715006,640.0,0.00075,0.12131013797219055,False
G6,gelu,100,8,50,15000,0.5,50,241,gelu_p100_rt8_rs50_n15000_eta0.5_seed241.npz,0.9999999942172775,0.526832390918278,0.13474809487938416,3.9097576213590015,0.0010009188305940518,0.9412567963447583,0.9655734147483145,0.9800101073058842,996.0,4420.0,3.925725338284895,0.0932431327637655,0.3189737495228008,880.0,0.0010227272727272728,0.13191406932241348,False
G6,gelu,100,8,50,15000,0.5,50,251,gelu_p100_rt8_rs50_n15000_eta0.5_seed251.npz,0.9999999948366602,0.5333191060384057,0.14184567910341167,3.7598544376497567,4.007250563978364e-06,0.9306821118689467,0.9682773256089573,0.9821494647256274,816.0,4940.0,3.7806015945381573,0.10644291733009237,0.373724775396311,800.0,0.0017307692307692308,0.1075504538957351,False
G6,gelu,100,8,50,15000,0.5,50,257,gelu_p100_rt8_rs50_n15000_eta0.5_seed257.npz,0.9999999926643403,0.5151274132648792,0.11954470936099805,4.309077465814992,0.0012785270559992437,0.9145496319967049,0.9734497226596417,0.9837524147921738,7284.0,5160.0,4.316506747575563,0.001623100460992788,2.102244163160183e-05,1780.0,0.00026785714285714287,0.1342518441866037,False
G6,gelu,100,8,50,15000,0.5,50,263,gelu_p100_rt8_rs50_n15000_eta0.5_seed263.npz,0.9999999955341582,0.5301249739990397,0.12781820865883511,4.147491813267531,0.001353699545307095,0.9464926588790713,0.9697515535588027,0.9818576225601409,719.0,4340.0,4.185273786163381,0.1577521694508579,0.8188527684898923,1360.0,0.0004326923076923077,0.11440766800278865,False
G6,gelu,100,8,50,15000,0.5,50,269,gelu_p100_rt8_rs50_n15000_eta0.5_seed269.npz,0.9999999936746945,0.5279161103922273,0.12617467912046704,4.184009930298234,6.193403244582179e-06,0.941848193378039,0.9674106454436626,0.9803108810781669,1090.0,4840.0,4.187376479645584,0.08618046643906985,0.21770101554064403,580.0,0.0008653846153846154,0.12000399974018618,False
G6,gelu,100,8,50,15000,0.5,50,271,gelu_p100_rt8_rs50_n15000_eta0.5_seed271.npz,0.9999999967535317,0.545828916396104,0.13952430162153365,3.9120705859305502,0.0005798405599797242,0.9082284702477543,0.9607231983706542,0.9777039827234605,810.0,5220.0,3.9064938622269896,0.07790181488603887,0.19439607826338945,460.0,0.0022500000000000003,0.10925448544849937,False
G6,gelu,100,8,50,15000,0.5,50,277,gelu_p100_rt8_rs50_n15000_eta0.5_seed277.npz,0.9999999968344067,0.5319877214243193,0.1412755338243172,3.7656040435555607,0.00011587856217038865,0.9040686665577798,0.9625087332753588,0.9795272335348404,851.0,5220.0,3.7698995481992483,0.13055879003976023,0.46893787062105347,880.0,0.0006818181818181819,0.129494039488246,False
G6,gelu,100,8,50,15000,0.5,50,281,gelu_p100_rt8_rs50_n15000_eta0.5_seed281.npz,0.9999999951947405,0.5352051725389319,0.13119474065357284,4.079471249172796,0.0028621900105880427,0.9333871057170341,0.9641443831716396,0.9788211128906321,738.0,4840.0,4.116154132965757,0.08801871678780326,0.2175027967944756,340.0,0.0020454545454545456,0.14028323344738194,False
G6,gelu,100,8,50,15000,0.5,50,283,gelu_p100_rt8_rs50_n15000_eta0.5_seed283.npz,0.9999999946118353,0.5344472155661748,0.13436816024944626,3.977484060018432,0.002469834564300652,0.936677313899709,0.9751922582197456,0.9836696219163781,849.0,4540.0,4.040939344243869,0.11310370032990569,0.4692214987026766,840.0,0.0006428571428571428,0.12005983399371924,False
G6,gelu,100,8,50,15000,0.5,50,293,gelu_p100_rt8_rs50_n15000_eta0.5_seed293.npz,0.9999999947343502,0.543290637089331,0.13271306658944615,4.093723783582102,0.00589367236416689,0.9309440525479334,0.968172105897855,0.9820721910797976,787.0,4380.0,4.129629160213863,0.07064987154349389,0.24716293054947103,340.0,0.0013235294117647058,0.11250803617157319,False
G6,gelu,100,8,50,15000,0.5,50,307,gelu_p100_rt8_rs50_n15000_eta0.5_seed307.npz,0.999999994617909,0.5336145156189698,0.12296418734395839,4.339592910302659,0.0014151132397931367,0.9072667552558076,0.9659125877551489,0.9812563907053963,6996.0,4880.0,4.366491562993907,0.0021313286375514995,0.004475363552443046,1300.0,0.0004891304347826087,0.13743437943363296,False
G6,gelu,100,8,50,15000,0.5,50,311,gelu_p100_rt8_rs50_n15000_eta0.5_seed311.npz,0.9999999966963871,0.5360747048889274,0.1477247398694934,3.6288756058228273,0.00010713663471884298,0.939191454739481,0.9673726821929576,0.9805486072904803,813.0,4720.0,3.6483033224292005,0.0991303175956808,0.35068598342978097,600.0,0.0008333333333333334,0.12325310617853279,False
G6,gelu,100,8,50,15000,0.5,50,313,gelu_p100_rt8_rs50_n15000_eta0.5_seed313.npz,0.9999999965869234,0.5331575253115182,0.12933071213550415,4.122435549205908,0.0006337120717940525,0.9156644558381966,0.9588402590869887,0.9793448868583325,779.0,5420.0,4.131777189467514,0.13356379219492587,0.4692345523888584,820.0,0.0008035714285714286,0.12477058937127407,False
G13,gelu,100,10,50,15000,0.7,50,5,gelu_p100_rt10_rs50_n15000_eta0.7_seed5.npz,0.9999999997461463,0.9548373898975194,0.23156197926143443,4.123463588206353,7.028552678569537e-05,0.7804834829286806,0.9058734041501619,0.9540288715606893,545.0,6260.0,4.1387042476039415,0.2676531920830276,0.8910950622005751,2460.0,0.00039473684210526315,0.20528645152767397,False
G13,gelu,100,10,50,15000,0.7,50,11,gelu_p100_rt10_rs50_n15000_eta0.7_seed11.npz,0.9999999997507187,0.961525963365176,0.21655953542243228,4.440007508741527,9.817561154417927e-06,0.6395327219636316,0.8731116157334078,0.9496401525390548,547.0,6780.0,4.433383426457586,0.2274061499882153,0.7673509746877356,3240.0,0.0001490066225165563,0.20078584741238414,False
G13,gelu,100,10,50,15000,0.7,50,23,gelu_p100_rt10_rs50_n15000_eta0.7_seed23.npz,0.9999999997611477,0.954354726669623,0.20879201858168525,4.570839120922876,0.00046788632812212836,0.7870353117870145,0.917812138588286,0.9598301467660733,539.0,6280.0,4.548789666080827,0.21833770015346876,0.85333655609022,2060.0,0.00027439024390243905,0.18202828781753774,False
G13,gelu,100,10,50,15000,0.7,50,37,gelu_p100_rt10_rs50_n15000_eta0.7_seed37.npz,0.9999999997556019,0.9644210607289593,0.22999396313152623,4.193245107818059,0.0003079787182449072,0.6241401408404371,0.8591225107537944,0.9492409482184676,544.0,6840.0,4.19254043430442,0.22615147806824654,0.715433138496057,2980.0,0.0001584507042253521,0.17701074001525482,False
G13,gelu,100,10,50,15000,0.7,50,41,gelu_p100_rt10_rs50_n15000_eta0.7_seed41.npz,0.9999999997303406,0.9501970224352336,0.23173868651412957,4.100295193384977,0.00045325685102246964,0.8320685090891916,0.9175214542018119,0.9630868580698397,552.0,5860.0,4.145354523899242,0.15868707869960685,0.7509399184578069,800.0,0.0011250000000000001,0.21346110972055762,False
G13,gelu,100,10,50,15000,0.7,50,53,gelu_p100_rt10_rs50_n15000_eta0.7_seed53.npz,0.9999999997949899,0.9590175001842054,0.19350898339622943,4.955932708408265,0.0006627147809581612,0.8613935385746562,0.9238418060361593,0.960911482543089,550.0,5920.0,4.950764854277221,0.1874338329945907,0.9182212882187657,3280.0,0.0004326923076923077,0.2227279370978153,False
G13,gelu,100,10,50,15000,0.7,50,67,gelu_p100_rt10_rs50_n15000_eta0.7_seed67.npz,0.9999999997512027,0.9497260600056605,0.219731170628094,4.322218178198847,0.0011638655346442295,0.8724937111802908,0.935860007782956,0.9662245941475494,539.0,5520.0,4.327840009751687,0.191271507391649,0.9051501465848876,1920.0,0.0005113636363636364,0.1694426151916185,False
G13,gelu,100,10,50,15000,0.7,50,71,gelu_p100_rt10_rs50_n15000_eta0.7_seed71.npz,0.9999999997369139,0.9564591561616129,0.2163511212023133,4.420865262201313,2.7824207694421623e-06,0.7416403235616839,0.8999113380698325,0.9565711037211294,553.0,6380.0,4.411570023149924,0.19326976473999824,0.8768607406090191,2180.0,0.00034090909090909094,0.18615193402872104,False
G13,gelu,100,10,50,15000,0.7,50,83,gelu_p100_rt10_rs50_n15000_eta0.7_seed83.npz,0.9999999997187998,0.9507648249318175,0.21721054284773822,4.377157814104315,0.00013198020877311484,0.7857216471675929,0.9071092952301932,0.9548708044097035,548.0,6520.0,4.398884618409228,0.21518229820188906,0.8971214656079981,2240.0,0.0006818181818181819,0.19930401078240131,False
G13,gelu,100,10,50,15000,0.7,50,97,gelu_p100_rt10_rs50_n15000_eta0.7_seed97.npz,0.9999999997695872,0.9534556709852104,0.21802889758790336,4.3730701825926666,0.0008968065824807504,0.7937662780443735,0.8974976660769405,0.9550376631247065,548.0,6420.0,4.39905997636216,0.21434040306635938,0.8842582592664422,1540.0,0.0007258064516129033,0.1788005957632921,False
G13,gelu,100,10,50,15000,0.7,50,101,gelu_p100_rt10_rs50_n15000_eta0.7_seed101.npz,0.999999999770704,0.9548743902615974,0.22687310088811571,4.208847970621697,0.0031545635475381415,0.6893365360309756,0.8993263731296536,0.959672137109442,539.0,6440.0,4.241574244474467,0.1723019507419844,0.7268716620002865,2720.0,0.00016917293233082708,0.2184954891383509,False
G13,gelu,100,10,50,15000,0.7,50,103,gelu_p100_rt10_rs50_n15000_eta0.7_seed103.npz,0.9999999997564671,0.9591812080142679,0.2868032161115321,3.344387908262721,0.0003088555801356592,0.7259846233647925,0.905405485813887,0.9576952923477858,560.0,6340.0,3.377511671136234,0.1612828912029739,0.7074176621833699,2360.0,0.00019736842105263157,0.17329201032369793,False
G13,gelu,100,10,50,15000,0.7,50,107,gelu_p100_rt10_rs50_n15000_eta0.7_seed107.npz,0.9999999997344634,0.9550172806386589,0.2604043779091462,3.6674394198236544,0.0002476455530797988,0.7989291223959404,0.9115664469929624,0.9605977177616454,538.0,6180.0,3.6774448910599196,0.24191099315699582,0.9051962694669969,2060.0,0.0008653846153846154,0.18626582894561464,False
G13,gelu,100,10,50,15000,0.7,50,109,gelu_p100_rt10_rs50_n15000_eta0.7_seed109.npz,0.9999999997934569,0.9599994611286347,0.1999164766036178,4.802002703519346,0.0012291110553749958,0.6090026269879938,0.8473312278226521,0.9499013740179562,548.0,6560.0,4.818109764210704,0.18407715910944444,0.7293078699824751,3100.0,0.00015410958904109589,0.18996602257854742,False
G13,gelu,100,10,50,15000,0.7,50,113,gelu_p100_rt10_rs50_n15000_eta0.7_seed113.npz,0.9999999997276962,0.9542044443723083,0.21467331683068086,4.444914060394927,0.0020764240638447185,0.8385012934939554,0.9108063862975725,0.9555179117148829,546.0,6040.0,4.448622331902607,0.225291734135189,0.88191340886783,2140.0,0.00046875000000000004,0.20506004342167414,False
G13,gelu,100,10,50,15000,0.7,50,127,gelu_p100_rt10_rs50_n15000_eta0.7_seed127.npz,0.9999999997348816,0.9619540005196074,0.22313642131505118,4.311057759420653,0.0023250846169581315,0.5811682986860598,0.9210642763120304,0.9562780655089194,544.0,6240.0,4.302114854807988,0.18006225837114842,0.8947483763685019,3780.0,0.00021634615384615385,0.23232047857140914,False
G13,gelu,100,10,50,15000,0.7,50,131,gelu_p100_rt10_rs50_n15000_eta0.7_seed131.npz,0.9999999997625675,0.958992183395732,0.2065513796139946,4.642874742293693,1.9563157771532915e-05,0.8100656265804291,0.9113220521692174,0.9599840861353591,542.0,5960.0,4.668683912031737,0.19223947449585554,0.9043944386365118,3160.0,0.0004017857142857143,0.17808839781592264,False
G13,gelu,100,10,50,15000,0.7,50,137,gelu_p100_rt10_rs50_n15000_eta0.7_seed137.npz,0.9999999997707872,0.965264264822512,0.21081132663650956,4.578806462742224,5.3873320123893645e-05,0.8307939130153237,0.9200482231332971,0.9590965295144077,554.0,6180.0,4.566486206967966,0.1832998568966152,0.7873372817542522,1760.0,0.00030000000000000003,0.1792007356383436,False
G13,gelu,100,10,50,15000,0.7,50,139,gelu_p100_rt10_rs50_n15000_eta0.7_seed139.npz,0.9999999997321019,0.9580281490544725,0.2752199603916344,3.4809544616284773,7.123534390363902e-05,0.5968500887986902,0.8973667077031451,0.9577452025744873,546.0,6760.0,3.482286280416794,0.19096217412810124,0.7755753116045372,3320.0,0.00014331210191082804,0.17413578935632665,False
G13,gelu,100,10,50,15000,0.7,50,149,gelu_p100_rt10_rs50_n15000_eta0.7_seed149.npz,0.9999999997749627,0.9705458733278725,0.23250808916648724,4.174245622193875,0.00032902394755077754,0.8294857585252917,0.9083942830413766,0.960678744935489,544.0,6140.0,4.1900732411953125,0.20389296626477627,0.8437821504850438,1700.0,0.00036290322580645164,0.18150142801931268,False
G13,gelu,100,10,50,15000,0.7,50,151,gelu_p100_rt10_rs50_n15000_eta0.7_seed151.npz,0.9999999997446286,0.9688171071795981,0.22807977459168738,4.247711612807372,0.003491276970820443,0.675325596913287,0.8704994675653414,0.9493196971208556,550.0,6760.0,4.27093346962426,0.26752573285008674,0.8612339683690176,3060.0,0.00035714285714285714,0.21235118936812014,False
G13,gelu,100,10,50,15000,0.7,50,157,gelu_p100_rt10_rs50_n15000_eta0.7_seed157.npz,0.9999999997379355,0.9597260844484446,0.23153906872505814,4.144985508204123,0.0032362636354668233,0.7304243534987933,0.9051476398346705,0.9567839495881094,542.0,6700.0,4.1778503452686815,0.22614179112434052,0.8749999929150096,2220.0,0.0003214285714285714,0.18687085081309762,False
G13,gelu,100,10,50,15000,0.7,50,163,gelu_p100_rt10_rs50_n15000_eta0.7_seed163.npz,0.999999999780301,0.9599531380270026,0.23962228673101224,4.006109578215473,0.0023999704765130516,0.6536161146577275,0.8593750566163038,0.9523174954156183,550.0,6740.0,3.9987708572154625,0.23087943815037437,0.7856284109356169,2960.0,0.00017045454545454547,0.16601143303331878,False
G13,gelu,100,10,50,15000,0.7,50,167,gelu_p100_rt10_rs50_n15000_eta0.7_seed167.npz,0.999999999722184,0.9573552326965682,0.21737598959129892,4.4041443330358,0.0003141618112062067,0.6229462822158538,0.8844115672499769,0.9520738776832076,545.0,6560.0,4.420627743045264,0.24439956924038442,0.8352957539247678,3420.0,0.0001584507042253521,0.18414631843287063,False
G13,gelu,100,10,50,15000,0.7,50,173,gelu_p100_rt10_rs50_n15000_eta0.7_seed173.npz,0.9999999997665072,0.94823793126011,0.22991504586279393,4.124296988488473,3.262818245482976e-05,0.8047381258439098,0.9148953172802706,0.9598051143283101,544.0,6380.0,4.129032289714414,0.21439457506891624,0.8033736274796317,1820.0,0.0002647058823529412,0.19161263234378673,False
G13,gelu,100,10,50,15000,0.7,50,179,gelu_p100_rt10_rs50_n15000_eta0.7_seed179.npz,0.9999999997484864,0.9610706828920779,0.21250364226103885,4.522608048814059,0.0005018136776348493,0.770068416950203,0.9059520463946461,0.9558838943200285,549.0,6400.0,4.484370543380812,0.22789555080301116,0.8888281601244861,2620.0,0.00046875000000000004,0.19864267670382424,False
G13,gelu,100,10,50,15000,0.7,50,181,gelu_p100_rt10_rs50_n15000_eta0.7_seed181.npz,0.999999999755434,0.9610511994149477,0.2111663714883863,4.551156477430894,1.1213446192894067e-05,0.7067172230645947,0.882304996202129,0.9550504147332932,545.0,6600.0,4.569479134193338,0.26219377642702657,0.8218457120147438,2420.0,0.0002295918367346939,0.18179715851507056,False
G13,gelu,100,10,50,15000,0.7,50,191,gelu_p100_rt10_rs50_n15000_eta0.7_seed191.npz,0.9999999997636753,0.9589009708059207,0.21287057885393823,4.504619548499812,6.3227709333918105e-06,0.7676045105793515,0.9256497450158201,0.9637176646331905,540.0,6180.0,4.518110942279046,0.2069635938668637,0.8991221507249183,3060.0,0.00015625,0.20869312900820947,False
G13,gelu,100,10,50,15000,0.7,50,193,gelu_p100_rt10_rs50_n15000_eta0.7_seed193.npz,0.9999999997336568,0.9643715167616085,0.23626114842935828,4.081803221446518,0.0009354643707066071,0.7507865323320442,0.9134097102447309,0.9592634972528243,549.0,6260.0,4.069593839202971,0.23880363893196455,0.8794878420809888,2680.0,0.00025280898876404496,0.20408741297580105,False
G13,gelu,100,10,50,15000,0.7,50,197,gelu_p100_rt10_rs50_n15000_eta0.7_seed197.npz,0.9999999997509306,0.9607612950967738,0.2094158824470315,4.5878148489515045,0.001813944790485969,0.6450579897102122,0.8705853483814364,0.9549858529860413,541.0,6540.0,4.577331776927048,0.21101042901227796,0.8347424549300355,3220.0,0.00018292682926829268,0.18902567148743055,False
G13,gelu,100,10,50,15000,0.7,50,199,gelu_p100_rt10_rs50_n15000_eta0.7_seed199.npz,0.9999999997356093,0.9567410057866975,0.22034277646378425,4.3420575030466155,1.5764727556566527e-05,0.8042850685311529,0.9100569793315095,0.9613838524966221,555.0,6300.0,4.366495058687717,0.17601192218605444,0.5493387553437279,1060.0,0.0004326923076923077,0.19316585224800475,False
G13,gelu,100,10,50,15000,0.7,50,211,gelu_p100_rt10_rs50_n15000_eta0.7_seed211.npz,0.9999999997446867,0.9451270274812426,0.2081938899824522,4.539648245973518,0.002270194672183746,0.6349057304346486,0.9051373137999924,0.9558440558292137,552.0,6640.0,4.478142678290082,0.24116557623256207,0.8079017777343496,3360.0,0.00015517241379310346,0.21805842728240296,False
G13,gelu,100,10,50,15000,0.7,50,223,gelu_p100_rt10_rs50_n15000_eta0.7_seed223.npz,0.9999999997352512,0.9431252779328784,0.22808264533303926,4.135015518413319,0.0005790089586542755,0.7467055553145748,0.8941141196233414,0.9534825954948536,553.0,6320.0,4.135072916080623,0.20793618345688913,0.6747549361027922,1880.0,0.00027439024390243905,0.22279001950426477,False
G13,gelu,100,10,50,15000,0.7,50,227,gelu_p100_rt10_rs50_n15000_eta0.7_seed227.npz,0.9999999997264887,0.948468891475721,0.2540191175520982,3.733848462335494,4.6213056039625597e-05,0.7809463768900253,0.9162574749018613,0.9591611713197722,558.0,6260.0,3.7605375736429894,0.14857933231584342,0.6205309632941343,1500.0,0.0003125,0.1881771078121004,False
G13,gelu,100,10,50,15000,0.7,50,229,gelu_p100_rt10_rs50_n15000_eta0.7_seed229.npz,0.999999999773931,0.9502710825428806,0.20515928599189032,4.631869710155082,0.0001400613166284543,0.6914710703388939,0.9082872587564396,0.9609149178711295,539.0,6420.0,4.636136569207499,0.19930953472948576,0.7835727149124216,2840.0,0.0001618705035971223,0.17861138425431952,False
G13,gelu,100,10,50,15000,0.7,50,233,gelu_p100_rt10_rs50_n15000_eta0.7_seed233.npz,0.9999999997923544,0.9495788532445261,0.21544402422199785,4.4075432431862716,0.0017505189437610816,0.7653262139407936,0.9144798070956643,0.962517199196266,558.0,6160.0,4.407120172546094,0.16468786768672705,0.5452346911281196,1140.0,0.0004090909090909091,0.18983902319965162,False
G13,gelu,100,10,50,15000,0.7,50,239,gelu_p100_rt10_rs50_n15000_eta0.7_seed239.npz,0.9999999997735364,0.958258151383961,0.214208531232746,4.473482666023118,6.948209570228671e-05,0.8238071662921984,0.9126802045422319,0.956507165199505,546.0,5720.0,4.476535107680006,0.2030142613138588,0.8372876721844935,2000.0,0.00026785714285714287,0.20541642601053606,False
G13,gelu,100,10,50,15000,0.7,50,241,gelu_p100_rt10_rs50_n15000_eta0.7_seed241.npz,0.9999999997787787,0.9531790003162833,0.24634515488091835,3.869282514515229,0.0009749121527545875,0.7579734541391707,0.9029182751655854,0.9562242951575575,543.0,6280.0,3.8621948516123963,0.212768385811541,0.8963615635445732,2900.0,0.0002884615384615385,0.185515917939387,False
G13,gelu,100,10,50,15000,0.7,50,251,gelu_p100_rt10_rs50_n15000_eta0.7_seed251.npz,0.9999999997562318,0.9644370570274314,0.24708029227141282,3.903334613057752,0.0007490436667378459,0.6734132144424215,0.8994945184367737,0.9550284268313657,544.0,6360.0,3.9336573043375784,0.2331745319690709,0.886750033003654,3360.0,0.0002142857142857143,0.19316975352225724,False
G13,gelu,100,10,50,15000,0.7,50,257,gelu_p100_rt10_rs50_n15000_eta0.7_seed257.npz,0.9999999997636582,0.9670187307857475,0.22903576920531274,4.222129731705315,1.5609057593335112e-05,0.782058942611604,0.9007974444273229,0.9521299308304977,546.0,6500.0,4.224495737390777,0.24145893017258668,0.7203165864800268,1800.0,0.0002616279069767442,0.22741048189340904,False
G13,gelu,100,10,50,15000,0.7,50,263,gelu_p100_rt10_rs50_n15000_eta0.7_seed263.npz,0.9999999997963093,0.9646130080064848,0.2688424657298686,3.588023214218406,0.0005886455554736494,0.6245145365288798,0.8871899579661412,0.9558750515047392,542.0,6620.0,3.600997269711524,0.19148189319236164,0.8664542390160648,3460.0,0.0001956521739130435,0.1971918576071262,False
G13,gelu,100,10,50,15000,0.7,50,269,gelu_p100_rt10_rs50_n15000_eta0.7_seed269.npz,0.999999999738371,0.9602992969077268,0.20488386344699866,4.687042116209148,7.134678186368295e-05,0.7789867677469929,0.9147712450772021,0.960666509599475,544.0,6120.0,4.694531807894138,0.1884607998947463,0.8905194092332303,2640.0,0.0002884615384615385,0.2009572557532826,False
G13,gelu,100,10,50,15000,0.7,50,271,gelu_p100_rt10_rs50_n15000_eta0.7_seed271.npz,0.9999999997613139,0.963556968153195,0.21442676972161462,4.493641206292288,0.00038736759037935793,0.8382311144773514,0.9228097339358076,0.9594907151517156,554.0,6260.0,4.481461324151865,0.17916454422967132,0.5326988919442753,1000.0,0.00046875000000000004,0.20772288362128183,False
G13,gelu,100,10,50,15000,0.7,50,277,gelu_p100_rt10_rs50_n15000_eta0.7_seed277.npz,0.9999999997499757,0.9644241337134241,0.2633192186365329,3.6625664420060673,0.00010107559250532528,0.7457519145220459,0.879844111881077,0.9585474521187924,553.0,6180.0,3.6654637577803313,0.15583993167958543,0.5954707801150122,1400.0,0.00035714285714285714,0.20229591483149134,False
G13,gelu,100,10,50,15000,0.7,50,281,gelu_p100_rt10_rs50_n15000_eta0.7_seed281.npz,0.999999999762062,0.957120836158371,0.21051876910761738,4.546486948482441,5.37678975489038e-05,0.8072856215693739,0.9102010669755268,0.9601551092789704,556.0,6220.0,4.570146566893126,0.19807023331834284,0.8984886753138788,1540.0,0.0013235294117647058,0.18510278283992154,False
G13,gelu,100,10,50,15000,0.7,50,283,gelu_p100_rt10_rs50_n15000_eta0.7_seed283.npz,0.9999999997381829,0.9624226641853071,0.2384734481357733,4.03576444970661,0.00068739969326436,0.7976885737317567,0.9057885149225955,0.9600597223845323,548.0,6000.0,4.036698777026671,0.20734983843948118,0.789863651663524,1400.0,0.0004411764705882353,0.194725129719445,False
G13,gelu,100,10,50,15000,0.7,50,293,gelu_p100_rt10_rs50_n15000_eta0.7_seed293.npz,0.9999999997542496,0.9702991127094661,0.24709441374457883,3.9268354877195364,0.0033722290592692818,0.8185069387246136,0.9241247208143218,0.9611524169126783,544.0,5980.0,3.931011468430079,0.19090599057552038,0.9233857560868441,2360.0,0.000703125,0.17432260312961598,False
G13,gelu,100,10,50,15000,0.7,50,307,gelu_p100_rt10_rs50_n15000_eta0.7_seed307.npz,0.9999999997562752,0.9536087594011572,0.24768020746340078,3.85016133976741,0.0010100118947794447,0.7500172232126752,0.8996569497353905,0.9538035044848663,540.0,6500.0,3.872568829617464,0.26435486443229106,0.8340047294801708,2060.0,0.00028125000000000003,0.22596121540230535,False
G13,gelu,100,10,50,15000,0.7,50,311,gelu_p100_rt10_rs50_n15000_eta0.7_seed311.npz,0.9999999997571559,0.9572045575400081,0.22203460203200698,4.31106029771893,0.00046971247094820795,0.7306058144344485,0.9088505738613736,0.9581666210730753,546.0,6640.0,4.2883348009907944,0.26735430135481875,0.8890983834891186,2840.0,0.000225,0.19540735652538066,False
G13,gelu,100,10,50,15000,0.7,50,313,gelu_p100_rt10_rs50_n15000_eta0.7_seed313.npz,0.9999999997493528,0.9623602232430306,0.2763945467287722,3.4818350601808405,0.0005271913185646573,0.7786007270282885,0.9084699959782264,0.954560935234357,542.0,6540.0,3.503460678343398,0.1932820543326469,0.5936101278277954,1180.0,0.0004017857142857143,0.19429965952027883,False
G7,gelu,100,12,50,15000,0.6,50,5,gelu_p100_rt12_rs50_n15000_eta0.6_seed5.npz,0.9999999996749116,0.8675907285967333,0.26331363464555735,3.2948948115223295,0.0007578712297386252,0.33788382031215336,0.7505684568412979,0.926429379527963,797.0,7240.0,3.303923082277617,0.26951192840382443,0.698161295717339,5320.0,9.82532751091703e-05,0.2824117616236534,False
G7,gelu,100,12,50,15000,0.6,50,11,gelu_p100_rt12_rs50_n15000_eta0.6_seed11.npz,0.9999999995951919,0.8633569774234062,0.2446322397376212,3.529203584733535,0.001128029821572058,0.605175454509197,0.810677654353267,0.9422740858493074,721.0,6820.0,3.512777110459696,0.2416076396649075,0.807675286656054,2720.0,0.0002960526315789474,0.26444312500302336,False
G7,gelu,100,12,50,15000,0.6,50,23,gelu_p100_rt12_rs50_n15000_eta0.6_seed23.npz,0.9999999995284169,0.8830649109809842,0.2620856646883697,3.3693750935633338,5.143818384875122e-05,0.08678131932856316,0.6658131395323816,0.9257109195540062,794.0,7040.0,3.361113373881599,0.24988420335570316,0.6649941910121278,5880.0,0.0002102803738317757,0.2897138979221602,False
G7,gelu,100,12,50,15000,0.6,50,37,gelu_p100_rt12_rs50_n15000_eta0.6_seed37.npz,0.9999999996166227,0.8691087600402665,0.30320175838808516,2.8664370703544693,3.525940736560173e-06,0.2694349443580947,0.7582989748764624,0.9268701962003519,685.0,7100.0,2.8595440096085243,0.28682154488599176,0.7368273135696879,5040.0,0.0001347305389221557,0.25642626181900824,False
G7,gelu,100,12,50,15000,0.6,50,41,gelu_p100_rt12_rs50_n15000_eta0.6_seed41.npz,0.9999999996099098,0.8539899757438222,0.29108904951949593,2.933775685322115,0.0005676142349462905,0.3606887157958171,0.8079136479909279,0.9401653014110001,730.0,6900.0,2.9523653738036373,0.24811230972798926,0.8042347210611938,4320.0,0.0005487804878048781,0.2616561045383224,False
G7,gelu,100,12,50,15000,0.6,50,53,gelu_p100_rt12_rs50_n15000_eta0.6_seed53.npz,0.9999999996703236,0.8609810576670123,0.26551305308951395,3.2427070821890807,2.2077137866451514e-06,0.6216355156444774,0.8327921433140113,0.9343815740190705,801.0,6800.0,3.2409541665566386,0.2419481524770929,0.8205083653107093,3020.0,0.0004090909090909091,0.2653502940925666,False
G7,gelu,100,12,50,15000,0.6,50,67,gelu_p100_rt12_rs50_n15000_eta0.6_seed67.npz,0.9999999995636623,0.8542770020473602,0.2478322212300279,3.446997318619255,0.0013133770568046189,0.6816160393381133,0.8774973871640876,0.9440966446451226,727.0,6860.0,3.4488389245326334,0.2651357240160428,0.7915398702764918,2900.0,0.0001923076923076923,0.2550780839452932,False
G7,gelu,100,12,50,15000,0.6,50,71,gelu_p100_rt12_rs50_n15000_eta0.6_seed71.npz,0.9999999996662219,0.8615324276931089,0.24691227928495396,3.489224716519021,0.0007569714920529571,0.647144087164964,0.8334921298463482,0.9405908468157534,755.0,6680.0,3.4691847679308183,0.22966121370744874,0.8333587601505233,3720.0,0.0009,0.26614649787236705,False
G7,gelu,100,12,50,15000,0.6,50,83,gelu_p100_rt12_rs50_n15000_eta0.6_seed83.npz,0.9999999996433997,0.8644815329886145,0.2343926789413249,3.6881763410580697,0.0003229067019660507,0.678316902840109,0.850025336060606,0.9377310352270047,815.0,6680.0,3.682099155733257,0.18486663567204897,0.7880361216576106,3220.0,0.0001607142857142857,0.2509378877482186,False
G7,gelu,100,12,50,15000,0.6,50,97,gelu_p100_rt12_rs50_n15000_eta0.6_seed97.npz,0.9999999995608574,0.8650235508156804,0.2658977235316049,3.2532190923885915,0.0006662839987804485,0.6382166758358591,0.844500094545707,0.9385437835887447,765.0,6980.0,3.2407686690512065,0.24123992562793828,0.7589794765435548,3280.0,0.00014423076923076924,0.27872839687326606,False
G7,gelu,100,12,50,15000,0.6,50,101,gelu_p100_rt12_rs50_n15000_eta0.6_seed101.npz,0.9999999996183999,0.8759718085269168,0.2544712739160798,3.442320993825798,0.00021177298698758738,0.0005014145796023313,0.8098428208720875,0.9279293632258994,760.0,7240.0,3.431276867189378,0.29266659718264176,0.8058354381537142,5260.0,0.0016071428571428571,0.22538377941128887,False
G7,gelu,100,12,50,15000,0.6,50,103,gelu_p100_rt12_rs50_n15000_eta0.6_seed103.npz,0.9999999996419991,0.8380392833699453,0.2551821394967903,3.284082832060769,6.277497468008292e-07,0.4193311315875028,0.6819858651145794,0.93107632760042,739.0,6960.0,3.2748110436305984,0.2348451050727154,0.6798862268534517,5160.0,0.00014062500000000002,0.2446674394081071,False
G7,gelu,100,12,50,15000,0.6,50,107,gelu_p100_rt12_rs50_n15000_eta0.6_seed107.npz,0.9999999995550842,0.8663174785603186,0.2722167312900786,3.182454930138576,9.869523243505276e-05,0.5843228701902444,0.8466887300581895,0.9377249268901519,743.0,7060.0,3.1696987111919595,0.24644480531399326,0.8465144329126598,3520.0,0.00030405405405405404,0.2705756730313143,False
G7,gelu,100,12,50,15000,0.6,50,109,gelu_p100_rt12_rs50_n15000_eta0.6_seed109.npz,0.9999999996619651,0.8685959998729545,0.2625005825936423,3.308929798519966,5.88427903415745e-05,0.7168285110144643,0.8589285150263949,0.9425639046116007,761.0,6380.0,3.3164885967413817,0.21052237169446364,0.7456231858940763,2300.0,0.00020642201834862386,0.23239857150234644,False
G7,gelu,100,12,50,15000,0.6,50,113,gelu_p100_rt12_rs50_n15000_eta0.6_seed113.npz,0.9999999996120335,0.8586667854845648,0.28697332004899134,2.9921484873157387,0.0007527041018746815,0.6151656358531388,0.8364515666791128,0.9355210314282619,805.0,7040.0,2.95864006706285,0.23493257611488882,0.6994459344152447,3220.0,0.00014705882352941178,0.26435586742801476,False
G7,gelu,100,12,50,15000,0.6,50,127,gelu_p100_rt12_rs50_n15000_eta0.6_seed127.npz,0.9999999995227823,0.8755421355751355,0.2643790483518883,3.3116925907448973,0.0002217533215165053,0.6387219994464847,0.8287429032674976,0.9367777084649426,853.0,6840.0,3.2900444368985124,0.23949721946949476,0.8053697136534633,3460.0,0.0002368421052631579,0.26507786202657363,False
G7,gelu,100,12,50,15000,0.6,50,131,gelu_p100_rt12_rs50_n15000_eta0.6_seed131.npz,0.9999999996218848,0.8776768284077354,0.2410956074553263,3.6403683902468615,3.734902188840714e-06,0.6175659618543068,0.8282759440683264,0.9387412947811761,834.0,6940.0,3.607615909190627,0.21305858312032433,0.7880737286347166,3220.0,0.0001939655172413793,0.2232168865718027,False
G7,gelu,100,12,50,15000,0.6,50,137,gelu_p100_rt12_rs50_n15000_eta0.6_seed137.npz,0.9999999996240652,0.8719722708573041,0.27557018452220705,3.1642475123684344,0.0018373706103894025,0.0009503668313424449,0.8354321619322387,0.9389261052492159,783.0,6980.0,3.1735735453281633,0.24338225614076348,0.8354035683098509,5440.0,0.0009375000000000001,0.2758871527659921,False
G7,gelu,100,12,50,15000,0.6,50,139,gelu_p100_rt12_rs50_n15000_eta0.6_seed139.npz,0.9999999996499483,0.8537306918507475,0.2718316760470245,3.140659338402709,4.337384466693143e-05,0.47122887644278344,0.8354411068167633,0.9362561224985027,825.0,6940.0,3.1378625493665635,0.2104320465874734,0.8066078648023531,4180.0,0.0001530612244897959,0.27067131265200556,False
G7,gelu,100,12,50,15000,0.6,50,149,gelu_p100_rt12_rs50_n15000_eta0.6_seed149.npz,0.9999999995065553,0.8763348023345039,0.24968386558933436,3.509777455047291,0.0026058295227137105,0.5599953590201532,0.8337352675672047,0.9439092064453921,811.0,6700.0,3.5066197645952917,0.23400793934314923,0.7525613161855117,3480.0,0.00014705882352941178,0.2635514167694049,False
G7,gelu,100,12,50,15000,0.6,50,151,gelu_p100_rt12_rs50_n15000_eta0.6_seed151.npz,0.999999999593608,0.8518846293906042,0.25310772770590984,3.365699803446631,0.0005176763717353764,0.3172076364113891,0.7937071096961225,0.9313927428124701,746.0,7300.0,3.352685084665493,0.23259934197445398,0.7762221624877514,4760.0,0.0001293103448275862,0.2414854263404548,False
G7,gelu,100,12,50,15000,0.6,50,157,gelu_p100_rt12_rs50_n15000_eta0.6_seed157.npz,0.9999999996418399,0.8617140282728917,0.2508049154743718,3.4357940180041844,0.0002755821160433714,0.15979087594743557,0.663547404317429,0.9244381420705167,765.0,7400.0,3.4468210810590167,0.23983126201078664,0.6524258143161868,6680.0,9.109311740890689e-05,0.2801373689394075,False
G7,gelu,100,12,50,15000,0.6,50,163,gelu_p100_rt12_rs50_n15000_eta0.6_seed163.npz,0.9999999996247984,0.8555479988987649,0.2604213893602501,3.2852447373869706,0.0009583948754488809,0.47453657675727,0.8444415703795476,0.943566171987204,794.0,6940.0,3.2827422221915685,0.19179260675013643,0.7593091445912875,4140.0,0.00011538461538461538,0.25695780608622204,False
G7,gelu,100,12,50,15000,0.6,50,167,gelu_p100_rt12_rs50_n15000_eta0.6_seed167.npz,0.9999999995824688,0.84758524886139,0.26646520985078354,3.1808476961627554,2.096772873259255e-05,0.25635901801816724,0.8147895550274227,0.9399777330720932,711.0,7000.0,3.195522582833201,0.24283762045312474,0.814777660130204,4760.0,0.0003358208955223881,0.25385847707718195,False
G7,gelu,100,12,50,15000,0.6,50,173,gelu_p100_rt12_rs50_n15000_eta0.6_seed173.npz,0.9999999996216188,0.8691447966390278,0.26175068488274905,3.3205062941033385,0.0012350445575330985,0.2044580492738121,0.858069437079382,0.939497428424359,767.0,6900.0,3.326630153060479,0.2562157575186014,0.8542003139329094,4600.0,0.0003169014084507042,0.2706821866072158,False
G7,gelu,100,12,50,15000,0.6,50,179,gelu_p100_rt12_rs50_n15000_eta0.6_seed179.npz,0.9999999995952596,0.8626191091406448,0.2603582984520882,3.3131999796787204,5.2634409519421884e-05,0.6547811634646118,0.8670749211499188,0.944129342871896,818.0,6940.0,3.333017798171613,0.21376873416646158,0.8640618741229121,3200.0,0.0002884615384615385,0.27705208777559837,False
G7,gelu,100,12,50,15000,0.6,50,181,gelu_p100_rt12_rs50_n15000_eta0.6_seed181.npz,0.9999999996401326,0.8599710309950523,0.24357085988784227,3.5306810978581162,5.5025058719225455e-05,0.6253071688232968,0.8387947081888519,0.9364968206128167,789.0,7060.0,3.5219528102097057,0.22593295943487246,0.7294627658122781,2980.0,0.0001618705035971223,0.2424837304654753,False
G7,gelu,100,12,50,15000,0.6,50,191,gelu_p100_rt12_rs50_n15000_eta0.6_seed191.npz,0.9999999995902018,0.8526987319190918,0.28157500793317297,3.0283182381067903,5.578293414976851e-05,0.7481895087299686,0.8826645982175221,0.9526139737057503,742.0,6460.0,3.0201461219616808,0.18996134609378024,0.7800391715718895,2100.0,0.00030000000000000003,0.25708349792730406,False
G7,gelu,100,12,50,15000,0.6,50,193,gelu_p100_rt12_rs50_n15000_eta0.6_seed193.npz,0.9999999996275892,0.8643886683706938,0.26491355503935055,3.2629084164541773,3.601696223663094e-05,0.6821909603495631,0.8737893755775473,0.9487975449069813,780.0,6540.0,3.2628172655689656,0.18208084627707521,0.6021421974546328,2460.0,0.00018442622950819672,0.23598380433288882,False
G7,gelu,100,12,50,15000,0.6,50,197,gelu_p100_rt12_rs50_n15000_eta0.6_seed197.npz,0.9999999996086061,0.8841731695955396,0.2563634862136742,3.4489044545860077,0.0010359309010791273,0.6768822901523083,0.8570136485987992,0.9375149974092306,797.0,6760.0,3.431267207924542,0.24612148736056327,0.856950661008305,2920.0,0.000625,0.2485912649452217,False
G7,gelu,100,12,50,15000,0.6,50,199,gelu_p100_rt12_rs50_n15000_eta0.6_seed199.npz,0.9999999996452642,0.8601740619947726,0.2556170570944254,3.365088667291177,0.0021361052745024504,0.5767822951346407,0.8572606110535675,0.9428339136698239,815.0,7060.0,3.33990244779356,0.23123387989236655,0.8405319321059718,3380.0,0.00026785714285714287,0.24852589553184734,False
G7,gelu,100,12,50,15000,0.6,50,211,gelu_p100_rt12_rs50_n15000_eta0.6_seed211.npz,0.9999999996472776,0.8500693552395434,0.23155906662705497,3.6710691903446406,0.00036314684694125667,0.003301806776067546,0.7937154906236956,0.9357880128904497,915.0,7080.0,3.652340530867737,0.23285967318359146,0.7911840909862351,5400.0,0.0016071428571428571,0.26285955287110147,False
G7,gelu,100,12,50,15000,0.6,50,223,gelu_p100_rt12_rs50_n15000_eta0.6_seed223.npz,0.9999999996488416,0.8735991837807345,0.2838628155869909,3.0775400503734405,9.003455335024259e-05,0.3680809313843324,0.7349170988824189,0.9197132499417133,750.0,7280.0,3.109527592271433,0.29468108148981353,0.7123293418092475,5200.0,0.00011194029850746269,0.2818182418419298,False
G7,gelu,100,12,50,15000,0.6,50,227,gelu_p100_rt12_rs50_n15000_eta0.6_seed227.npz,0.9999999996277104,0.8694781639573108,0.23977933288566472,3.6261597423490572,0.00015387517343248223,0.020891310077517444,0.8016641261061846,0.9338517109484706,717.0,7140.0,3.600905149314161,0.277854569297703,0.8016518149535419,6600.0,0.000625,0.27602436736098346,False
G7,gelu,100,12,50,15000,0.6,50,229,gelu_p100_rt12_rs50_n15000_eta0.6_seed229.npz,0.9999999995601258,0.8767543794760472,0.25585646890752073,3.4267430611377265,0.0002563998562667544,0.5029443509203966,0.829177186243225,0.9360999630579987,785.0,6940.0,3.398134179430662,0.2319199364844451,0.7839605787465498,4020.0,0.0001490066225165563,0.24546023610400633,False
G7,gelu,100,12,50,15000,0.6,50,233,gelu_p100_rt12_rs50_n15000_eta0.6_seed233.npz,0.999999999607525,0.8681593992569735,0.25977883401031665,3.341917375849397,0.0016157245555133235,0.6264121084999481,0.845355544286482,0.9440212194981248,765.0,6660.0,3.3511194213894724,0.2530720233788849,0.8447581101849092,3860.0,0.00140625,0.26476779795565847,False
G7,gelu,100,12,50,15000,0.6,50,239,gelu_p100_rt12_rs50_n15000_eta0.6_seed239.npz,0.9999999995554515,0.8739921197100364,0.27869750030435664,3.13598837002692,0.0013205792053578504,0.6109867976849166,0.7990190664528412,0.928284016668854,759.0,7040.0,3.1283562212838745,0.2643612823105086,0.792559245982526,3520.0,0.00038135593220338984,0.2961879503267918,False
G7,gelu,100,12,50,15000,0.6,50,241,gelu_p100_rt12_rs50_n15000_eta0.6_seed241.npz,0.9999999995755486,0.8654452222468141,0.25219056771436893,3.43171130502794,1.939223426731257e-05,0.6065711856186059,0.8339820544405622,0.9332678295577477,800.0,6760.0,3.4219106112153543,0.26315404312497825,0.8271964656978741,3280.0,0.0002960526315789474,0.27096493704784946,False
G7,gelu,100,12,50,15000,0.6,50,251,gelu_p100_rt12_rs50_n15000_eta0.6_seed251.npz,0.9999999996371071,0.860237423277152,0.26415720134688486,3.2565359524214106,2.8210483386944665e-05,0.11298846577803097,0.8094540742164512,0.936627159186739,787.0,7060.0,3.2642894665512485,0.2398987896005138,0.8086585334311188,4760.0,0.0003515625,0.23681614146982305,False
G7,gelu,100,12,50,15000,0.6,50,257,gelu_p100_rt12_rs50_n15000_eta0.6_seed257.npz,0.9999999995818584,0.8707990011487342,0.2602793316068991,3.345632539366996,0.00043352869652672136,0.6598801952715329,0.864146902381635,0.9410149797601276,830.0,6960.0,3.330413805642495,0.2252697645621451,0.7165133848821593,2740.0,0.0001939655172413793,0.26909979988442123,False
G7,gelu,100,12,50,15000,0.6,50,263,gelu_p100_rt12_rs50_n15000_eta0.6_seed263.npz,0.9999999995912198,0.8818462666807666,0.2670610008753038,3.3020405966819486,0.00021369399583050407,0.5920451801769963,0.8453663100709677,0.9436905877300323,788.0,6840.0,3.297405029416671,0.29592159302595633,0.8440223376459588,3340.0,0.00020833333333333335,0.2703698821075574,False
G7,gelu,100,12,50,15000,0.6,50,269,gelu_p100_rt12_rs50_n15000_eta0.6_seed269.npz,0.9999999995678756,0.8679046871912977,0.258422525547702,3.358471500701636,0.003114699299058512,0.43841770402138525,0.785315797158486,0.9339252079988828,843.0,7080.0,3.3628446873145297,0.23648905785941998,0.7309471944860599,4240.0,0.0001308139534883721,0.25109880360048326,False
G7,gelu,100,12,50,15000,0.6,50,271,gelu_p100_rt12_rs50_n15000_eta0.6_seed271.npz,0.9999999996139369,0.8657863714846731,0.25662450153155336,3.3737478935861467,0.00017997617715578935,0.5515042294662333,0.8190153116642841,0.9311683549201909,766.0,6960.0,3.358560488701008,0.2514824734771077,0.765192694639069,3700.0,0.00014062500000000002,0.24392223315237088,False
G7,gelu,100,12,50,15000,0.6,50,277,gelu_p100_rt12_rs50_n15000_eta0.6_seed277.npz,0.9999999996348292,0.8438822499601919,0.2337571190102027,3.61008149627032,0.0003528475045899951,0.6289277734881574,0.851815510061442,0.943137886657697,718.0,6940.0,3.6121635731132233,0.2564045028975076,0.8458427196947884,3320.0,0.00020642201834862386,0.2596474433322009,False
G7,gelu,100,12,50,15000,0.6,50,281,gelu_p100_rt12_rs50_n15000_eta0.6_seed281.npz,0.9999999996120345,0.8653671779389407,0.2510686350918411,3.446735501718041,0.003560165928312374,0.44330991109880596,0.755871176582934,0.9203345881369956,848.0,7140.0,3.4229776766820463,0.20470106784308761,0.6133010491052694,4740.0,9.782608695652174e-05,0.2726157291080638,False
G7,gelu,100,12,50,15000,0.6,50,283,gelu_p100_rt12_rs50_n15000_eta0.6_seed283.npz,0.9999999995572915,0.8706663213763136,0.2777329620903173,3.134904531400841,0.0066467122555084615,0.5762849027793893,0.8070408353081953,0.9405732597484328,773.0,6940.0,3.134305803878979,0.23656533806221425,0.6999062465321713,3200.0,0.00015202702702702702,0.2543667769295634,False
G7,gelu,100,12,50,15000,0.6,50,293,gelu_p100_rt12_rs50_n15000_eta0.6_seed293.npz,0.9999999995562057,0.8750338307422741,0.24916322744130057,3.511889935477819,2.2057858854290743e-07,0.5393693207226192,0.8483268801134469,0.9409004690225525,728.0,7000.0,3.5098536579929362,0.25324534451855985,0.8430634475807016,3640.0,0.0002616279069767442,0.26086875105172974,False
G7,gelu,100,12,50,15000,0.6,50,307,gelu_p100_rt12_rs50_n15000_eta0.6_seed307.npz,0.9999999995587978,0.8716302545011716,0.24868047088567596,3.505020926640756,0.0004811536739206424,0.5404588483045902,0.7869953883830191,0.9221547792886441,719.0,7280.0,3.499188858732895,0.2591980250700192,0.7777710994976806,3780.0,0.00021634615384615385,0.26187125319541155,False
G7,gelu,100,12,50,15000,0.6,50,311,gelu_p100_rt12_rs50_n15000_eta0.6_seed311.npz,0.9999999995338422,0.8658528742904965,0.27100052102305,3.1950229136897166,1.222976274836933e-06,0.5143066519805221,0.7688271732559869,0.9272920457655268,749.0,7100.0,3.181336457315469,0.2553505574240448,0.6853967685947011,3900.0,0.0001196808510638298,0.23581784559772803,False
G7,gelu,100,12,50,15000,0.6,50,313,gelu_p100_rt12_rs50_n15000_eta0.6_seed313.npz,0.9999999996576227,0.8602642702577071,0.24639328770292013,3.4914273772544484,0.00028476622765341797,0.6192223366038002,0.8346821372026119,0.9311717539536254,785.0,7040.0,3.4977536146106067,0.23139075618924365,0.8068827297901964,3320.0,0.00018907563025210084,0.279399300706071,False
G5,gelu,100,12,50,15000,0.7,50,5,gelu_p100_rt12_rs50_n15000_eta0.7_seed5.npz,0.9999999998029245,1.0177588781317666,0.24700260984845676,4.120437750662599,0.0007578712297386252,0.6134067305009946,0.8556684892268027,0.9385253380626017,549.0,6900.0,4.132375971680406,0.21090477122016427,0.7997062978638283,3300.0,0.00015000000000000001,0.25512330142968265,False
G5,gelu,100,12,50,15000,0.7,50,11,gelu_p100_rt12_rs50_n15000_eta0.7_seed11.npz,0.9999999997684531,1.0020646174335903,0.24301045345965042,4.123545317362134,0.001128029821572058,0.605752145359496,0.822607079277031,0.9460493944970069,553.0,6500.0,4.12421359950907,0.1601479228138194,0.8217804409176064,3140.0,0.0002922077922077922,0.22906207440560575,False
G5,gelu,100,12,50,15000,0.7,50,23,gelu_p100_rt12_rs50_n15000_eta0.7_seed23.npz,0.9999999997756961,1.0136774305217424,0.2406470462880734,4.212299490716752,5.143818384875122e-05,0.4900830922951937,0.7995263783671224,0.9358598654825384,575.0,6960.0,4.218490611769572,0.21262805065325185,0.7798006449613333,4020.0,0.0001461038961038961,0.28054269038411556,False
G5,gelu,100,12,50,15000,0.7,50,37,gelu_p100_rt12_rs50_n15000_eta0.7_seed37.npz,0.9999999997645307,1.0176558782726788,0.2558162104504139,3.9780742451031497,3.525940736560173e-06,0.5032531404876308,0.8148867418976895,0.9365543317903863,558.0,6860.0,3.974982374664144,0.21569006585481776,0.8140601165335142,3980.0,0.00024193548387096774,0.2516398007200756,False
G5,gelu,100,12,50,15000,0.7,50,41,gelu_p100_rt12_rs50_n15000_eta0.7_seed41.npz,0.9999999997630207,1.0004387937773622,0.24227936566145852,4.129277749452647,0.0005676142349462905,0.7580802235257398,0.9029448777680721,0.9563869258927347,541.0,6040.0,4.128335696263821,0.1261485545486577,0.7345924351602984,2120.0,0.00022058823529411765,0.2730385536697307,False
G5,gelu,100,12,50,15000,0.7,50,53,gelu_p100_rt12_rs50_n15000_eta0.7_seed53.npz,0.9999999997935497,1.0105060938335957,0.24745519579430017,4.083592145196215,2.2077137866451514e-06,0.7482675511354278,0.8748811847952245,0.9455301259040242,556.0,6200.0,4.086136473750846,0.17445016629153898,0.8432111463198021,1940.0,0.0005625000000000001,0.26240296793797785,False
G5,gelu,100,12,50,15000,0.7,50,67,gelu_p100_rt12_rs50_n15000_eta0.7_seed67.npz,0.9999999997394179,0.9531470645518106,0.22760697524780207,4.187688288173474,0.0013133770568046189,0.8772635587559626,0.9160963470616655,0.9624161023542062,536.0,4760.0,4.187124527880296,0.04506097871731474,0.2066015127797982,100.0,0.0045000000000000005,0.23221988992415793,False
G5,gelu,100,12,50,15000,0.7,50,71,gelu_p100_rt12_rs50_n15000_eta0.7_seed71.npz,0.9999999997096777,1.0086237322459357,0.252642006669927,3.992304152189891,0.0007569714920529571,0.6792676378942663,0.8448992522612289,0.9461930341313091,549.0,6380.0,3.9873901261930866,0.15453422593106125,0.8290701814013849,3260.0,0.00022277227722772278,0.26380781276990806,False
G5,gelu,100,12,50,15000,0.7,50,83,gelu_p100_rt12_rs50_n15000_eta0.7_seed83.npz,0.9999999998030142,1.0168596731276844,0.24031538307711603,4.231354897498922,0.0003229067019660507,0.23988753244710884,0.8578702569879355,0.9473512220285855,586.0,6560.0,4.226549170163172,0.15996024111919016,0.853373852084875,4440.0,0.0004411764705882353,0.25813975268099004,False
G5,gelu,100,12,50,15000,0.7,50,97,gelu_p100_rt12_rs50_n15000_eta0.7_seed97.npz,0.9999999998037501,0.9913764265620278,0.2746680230362441,3.609362369900663,0.0006662839987804485,0.6140873750578097,0.8229669948456253,0.9487556300474399,545.0,6360.0,3.63103494007398,0.14267666246974364,0.660023288234149,2760.0,0.00018907563025210084,0.22575156910125835,False
G5,gelu,100,12,50,15000,0.7,50,101,gelu_p100_rt12_rs50_n15000_eta0.7_seed101.npz,0.9999999997607839,1.0143643304667942,0.26268717333162667,3.861491665549351,0.00021177298698758738,0.37462380948346385,0.76912219880409,0.9333892024572501,558.0,7000.0,3.86354202728296,0.23039070220613145,0.7034406349885253,4900.0,9.82532751091703e-05,0.23610978356018056,False
G5,gelu,100,12,50,15000,0.7,50,103,gelu_p100_rt12_rs50_n15000_eta0.7_seed103.npz,0.9999999995137413,0.8699081491375724,0.21510293067554093,4.044148289405378,6.277497468008292e-07,0.9155715255522491,0.937112951552356,0.9706103283814279,545.0,3140.0,4.050595120204881,0.022023038045485666,0.09234000550853583,60.0,0.007500000000000001,0.2121996173915057,False
G5,gelu,100,12,50,15000,0.7,50,107,gelu_p100_rt12_rs50_n15000_eta0.7_seed107.npz,0.9999999997372526,0.9967168851861617,0.25803202738203246,3.8627642285291213,9.869523243505276e-05,0.7785470483891808,0.8847681481641333,0.9561552893552653,539.0,5720.0,3.8631129250219796,0.0893746705956856,0.39539784687574475,560.0,0.0008035714285714286,0.249745489540158,False
G5,gelu,100,12,50,15000,0.7,50,109,gelu_p100_rt12_rs50_n15000_eta0.7_seed109.npz,0.9999999997934552,1.0026176706874375,0.24750330917280716,4.050926325140196,5.88427903415745e-05,0.820915240999146,0.9077713250309166,0.9580475585441236,557.0,5920.0,4.043315299985286,0.08857206441833865,0.33386427240558536,320.0,0.00140625,0.24105801563016815,False
G5,gelu,100,12,50,15000,0.7,50,113,gelu_p100_rt12_rs50_n15000_eta0.7_seed113.npz,0.9999999997012483,0.9579671536820804,0.239590134351111,3.998358097158595,0.0007527041018746815,0.8351007278520249,0.912975548083541,0.960793609202745,535.0,5200.0,3.9929924875069687,0.05294417222476688,0.30147334876604626,260.0,0.0017307692307692308,0.2503682516131848,False
G5,gelu,100,12,50,15000,0.7,50,127,gelu_p100_rt12_rs50_n15000_eta0.7_seed127.npz,0.9999999997102897,1.0123327505033635,0.262847717039208,3.851404006496878,0.0002217533215165053,0.6196036555562217,0.8484328162708903,0.9416688663196956,573.0,7080.0,3.8380037980198245,0.22030495555468044,0.8000529148120569,3220.0,0.00015957446808510637,0.26629775795965793,False
G5,gelu,100,12,50,15000,0.7,50,131,gelu_p100_rt12_rs50_n15000_eta0.7_seed131.npz,0.9999999997942208,1.0098593194816585,0.2893525605274925,3.4900652603200584,3.734902188840714e-06,0.5262106955546609,0.8489157069634232,0.9447281243259961,555.0,6780.0,3.526548479073784,0.16313596678060927,0.7236127512140663,3820.0,0.00012295081967213115,0.21549885326504759,False
G5,gelu,100,12,50,15000,0.7,50,137,gelu_p100_rt12_rs50_n15000_eta0.7_seed137.npz,0.9999999997641457,0.9685864784423882,0.23153296296148165,4.183363206920668,0.0018373706103894025,0.852691029849977,0.907496824252806,0.9589317104854018,539.0,5660.0,4.182611055528949,0.12560805038169598,0.9071348652839826,2280.0,0.0004017857142857143,0.24746274751232425,False
G5,gelu,100,12,50,15000,0.7,50,139,gelu_p100_rt12_rs50_n15000_eta0.7_seed139.npz,0.9999999997517627,0.9876207401010348,0.2438211375173585,4.050595244354984,4.337384466693143e-05,0.5715986476654447,0.8347303851316351,0.9502425897220851,539.0,6600.0,4.030197527945476,0.11055692639734038,0.635757060751007,3100.0,0.0001461038961038961,0.2774900365688059,False
G5,gelu,100,12,50,15000,0.7,50,149,gelu_p100_rt12_rs50_n15000_eta0.7_seed149.npz,0.99999999977402,0.998963433314885,0.247563096291138,4.035187183715333,0.0026058295227137105,0.7127173270662788,0.8796416445192538,0.9497211256088608,573.0,6820.0,4.037410080283653,0.13930989703924224,0.5808427503058391,1920.0,0.00023437500000000002,0.24895822622759542,False
G5,gelu,100,12,50,15000,0.7,50,151,gelu_p100_rt12_rs50_n15000_eta0.7_seed151.npz,0.9999999997633997,0.97216238444735,0.23696250444280142,4.102600057900776,0.0005176763717353764,0.657839961323817,0.9057487167971385,0.9583042372693648,537.0,6120.0,4.099764798205111,0.14400199367228672,0.9017356336861009,3220.0,0.0004591836734693878,0.2412264255131264,False
G5,gelu,100,12,50,15000,0.7,50,157,gelu_p100_rt12_rs50_n15000_eta0.7_seed157.npz,0.9999999997927123,0.9972644567502258,0.23788448155706246,4.19222157840089,0.0002755821160433714,0.6729095468714584,0.8256636118181121,0.9452258989078858,553.0,6620.0,4.201235142468888,0.16091250851335126,0.7497936741083825,2240.0,0.0002556818181818182,0.23402111075055432,False
G5,gelu,100,12,50,15000,0.7,50,163,gelu_p100_rt12_rs50_n15000_eta0.7_seed163.npz,0.9999999998117712,0.9806173127348162,0.2692428807929963,3.6421290317746617,0.0009583948754488809,0.7209930918553177,0.8563191995966322,0.943660991043223,548.0,6440.0,3.6481956266025404,0.13107450091889217,0.5414522371938735,1480.0,0.00030821917808219177,0.24811581206338626,False
G5,gelu,100,12,50,15000,0.7,50,167,gelu_p100_rt12_rs50_n15000_eta0.7_seed167.npz,0.999999999579877,0.928059080436902,0.22713514399467172,4.08593344083588,2.096772873259255e-05,0.8844381774715759,0.9317831936221028,0.9686376123718227,531.0,4480.0,4.091962102228111,0.06960582262887116,0.5201486281837484,680.0,0.0007758620689655172,0.21581680819289928,False
G5,gelu,100,12,50,15000,0.7,50,173,gelu_p100_rt12_rs50_n15000_eta0.7_seed173.npz,0.9999999997641701,0.9831375946693932,0.27000098297561026,3.6412370941560686,0.0012350445575330985,0.8183454844458503,0.9129693242487638,0.9580967649696827,545.0,5860.0,3.644599177409513,0.11447197607567239,0.6115222821344899,1380.0,0.0003358208955223881,0.23056787256826836,False
G5,gelu,100,12,50,15000,0.7,50,179,gelu_p100_rt12_rs50_n15000_eta0.7_seed179.npz,0.9999999997602523,0.9849920681169101,0.24950070170744393,3.9478528973112006,5.2634409519421884e-05,0.8158316497174101,0.8902522704758937,0.9579337207080236,549.0,5600.0,3.9623930572061554,0.08765219287841874,0.2944650089470243,300.0,0.0015,0.2793600967596017,False
G5,gelu,100,12,50,15000,0.7,50,181,gelu_p100_rt12_rs50_n15000_eta0.7_seed181.npz,0.9999999997550326,1.014221678550236,0.2532970610008351,4.00407993106123,5.5025058719225455e-05,0.7798009899573317,0.8726704781666308,0.9485809511158961,557.0,6400.0,4.0063460183838355,0.16223582816520943,0.7464875291927839,1520.0,0.00030405405405405404,0.24664036715897303,False
G5,gelu,100,12,50,15000,0.7,50,191,gelu_p100_rt12_rs50_n15000_eta0.7_seed191.npz,0.9999999997523638,1.0058058695947802,0.23950876873491925,4.19945321796537,5.578293414976851e-05,0.7665003599532055,0.8616650734318758,0.952488843955957,559.0,5840.0,4.200193617185112,0.14951753774136856,0.8559765684279715,1920.0,0.00075,0.26967834630875437,False
G5,gelu,100,12,50,15000,0.7,50,193,gelu_p100_rt12_rs50_n15000_eta0.7_seed193.npz,0.9999999997341492,1.022785268144709,0.2479714977792267,4.124608179990558,3.601696223663094e-05,0.7946263174886103,0.904787033343244,0.9551021178352527,558.0,6280.0,4.10344079508548,0.10888501928726857,0.44432812043994285,780.0,0.000576923076923077,0.2456214508542476,False
G5,gelu,100,12,50,15000,0.7,50,197,gelu_p100_rt12_rs50_n15000_eta0.7_seed197.npz,0.9999999998120375,0.9984586891689311,0.2506769768015586,3.9830490295059406,0.0010359309010791273,0.7080978281148282,0.8741813765315374,0.9522300687392643,591.0,6440.0,3.966088219356058,0.19380868756953407,0.8695680154068454,2360.0,0.0005357142857142857,0.23277101049854224,False
G5,gelu,100,12,50,15000,0.7,50,199,gelu_p100_rt12_rs50_n15000_eta0.7_seed199.npz,0.999999999762186,0.9996958666104245,0.2600241340617863,3.844627231304919,0.0021361052745024504,0.6890678536090545,0.8538659980906279,0.9472500626279446,550.0,6360.0,3.8452312257020216,0.18451104003911156,0.8402693610164566,3160.0,0.0002710843373493976,0.2354435126845818,False
G5,gelu,100,12,50,15000,0.7,50,211,gelu_p100_rt12_rs50_n15000_eta0.7_seed211.npz,0.9999999997191508,1.0025516119756208,0.26755211956851427,3.7471264050998827,0.00036314684694125667,0.6668545214235879,0.8401582483310264,0.9447085526433113,551.0,6460.0,3.757291539121473,0.1078954642222989,0.5014535449340731,1560.0,0.0002884615384615385,0.2668605112633309,False
G5,gelu,100,12,50,15000,0.7,50,223,gelu_p100_rt12_rs50_n15000_eta0.7_seed223.npz,0.9999999997726559,1.0165357424206398,0.28229100235343024,3.601020698307381,9.003455335024259e-05,0.24250812084464435,0.7927261783329248,0.9300981951475614,588.0,7260.0,3.6360848479777825,0.22817113847663695,0.7654670442691374,4620.0,0.00018907563025210084,0.2702573224279885,False
G5,gelu,100,12,50,15000,0.7,50,227,gelu_p100_rt12_rs50_n15000_eta0.7_seed227.npz,0.9999999997333954,0.9349799624453555,0.24585858893283652,3.80291763043012,0.00015387517343248223,0.9077594657280155,0.9397960884454336,0.9684681655079413,538.0,3840.0,3.809915897235551,0.05421212159177402,0.37138756273713436,540.0,0.0008653846153846154,0.2566962186417554,False
G5,gelu,100,12,50,15000,0.7,50,229,gelu_p100_rt12_rs50_n15000_eta0.7_seed229.npz,0.9999999997917978,1.0094249191589946,0.25876459125439377,3.900939128748956,0.0002563998562667544,0.13479648343675757,0.8313201653774209,0.9419507623496562,584.0,6760.0,3.889834755199171,0.19107121412538375,0.8264442899013273,5220.0,0.00024725274725274725,0.2562343281012752,False
G5,gelu,100,12,50,15000,0.7,50,233,gelu_p100_rt12_rs50_n15000_eta0.7_seed233.npz,0.9999999997618927,1.004020436233044,0.25944400199571427,3.8698926493187127,0.0016157245555133235,0.5676444616167393,0.8743200589226185,0.9529055832655732,542.0,6380.0,3.8691808125285867,0.1346560820321847,0.854424359194461,3780.0,0.0001618705035971223,0.25810400086383745,False
G5,gelu,100,12,50,15000,0.7,50,239,gelu_p100_rt12_rs50_n15000_eta0.7_seed239.npz,0.9999999997215178,1.009732537607486,0.27901395876328733,3.6189319777514535,0.0013205792053578504,0.4208690933638319,0.7687479038322818,0.9409028609826341,557.0,6880.0,3.6299717989193847,0.1356178262273664,0.6456934507624181,4740.0,0.0001,0.28982176104628193,False
G5,gelu,100,12,50,15000,0.7,50,241,gelu_p100_rt12_rs50_n15000_eta0.7_seed241.npz,0.9999999997763608,1.0111833996588155,0.25672026110926327,3.9388531130717555,1.939223426731257e-05,0.7605443392978439,0.8758074417982676,0.9450998691438786,559.0,6480.0,3.938004082187121,0.13805507913300497,0.5414096335414565,1580.0,0.0002848101265822785,0.24570634713019132,False
G5,gelu,100,12,50,15000,0.7,50,251,gelu_p100_rt12_rs50_n15000_eta0.7_seed251.npz,0.9999999998045899,1.0076562016455197,0.26286546023101404,3.8333533845030887,2.8210483386944665e-05,0.41827629129071814,0.8307758335416908,0.9451581397475524,551.0,6860.0,3.829032638222218,0.17685168693390785,0.8304729093835915,4160.0,0.0004166666666666667,0.23251208133085008,False
G5,gelu,100,12,50,15000,0.7,50,257,gelu_p100_rt12_rs50_n15000_eta0.7_seed257.npz,0.999999999791394,0.998280576798885,0.2307167847230379,4.326865849822166,0.00043352869652672136,0.6842300420478779,0.854689791027928,0.9474375784935356,562.0,6500.0,4.315301575061408,0.14521368522668787,0.6356246414428628,2040.0,0.00022727272727272727,0.24853775136857684,False
G5,gelu,100,12,50,15000,0.7,50,263,gelu_p100_rt12_rs50_n15000_eta0.7_seed263.npz,0.9999999997911097,1.011555710002809,0.30282289299562565,3.340420204021435,0.00021369399583050407,0.6567201452418071,0.8352898902712789,0.9498024782995037,582.0,6700.0,3.3447269187638797,0.25083330244285407,0.835205082289261,3720.0,0.00075,0.23614839986366712,False
G5,gelu,100,12,50,15000,0.7,50,269,gelu_p100_rt12_rs50_n15000_eta0.7_seed269.npz,0.9999999997888194,1.0062112106027004,0.2549398557783154,3.9468572206209207,0.003114699299058512,0.588905952695473,0.832152033532642,0.9436515622325269,564.0,6640.0,3.9673149899152107,0.19988552290527528,0.832053352915067,3440.0,0.0004090909090909091,0.2389353680719371,False
G5,gelu,100,12,50,15000,0.7,50,271,gelu_p100_rt12_rs50_n15000_eta0.7_seed271.npz,0.9999999997438508,1.00306031431648,0.25146006159511164,3.988944836622037,0.00017997617715578935,0.32684091444500485,0.8205951837888913,0.94123860399199,547.0,6960.0,4.000758014376088,0.20359268887484938,0.8064325908675118,4780.0,0.00013636363636363637,0.2446543244536579,False
G5,gelu,100,12,50,15000,0.7,50,277,gelu_p100_rt12_rs50_n15000_eta0.7_seed277.npz,0.9999999996385376,0.9118647392327887,0.22683335707860192,4.019976386968565,0.0003528475045899951,0.9087648960782433,0.934170963950621,0.9719961719276281,531.0,3400.0,4.027071044329649,0.021218234333609698,0.09982906857074825,60.0,0.007500000000000001,0.24439982891446485,False
G5,gelu,100,12,50,15000,0.7,50,281,gelu_p100_rt12_rs50_n15000_eta0.7_seed281.npz,0.9999999998058012,0.9938066875019141,0.2610959954527355,3.806288510012083,0.003560165928312374,0.5395580272833822,0.8426715457038554,0.9411762507226361,549.0,6460.0,3.806178633481225,0.1516476902837791,0.7672205701804091,3680.0,0.00014150943396226416,0.282214079322874,False
G5,gelu,100,12,50,15000,0.7,50,283,gelu_p100_rt12_rs50_n15000_eta0.7_seed283.npz,0.9999999997377677,1.0004702084519692,0.24526113963239352,4.079203945441626,0.0066467122555084615,0.5976411833404495,0.8469225540920541,0.9482090775049449,543.0,6600.0,4.090882651205978,0.1765397383460895,0.7099639963518733,2940.0,0.00016791044776119405,0.2370983180295475,False
G5,gelu,100,12,50,15000,0.7,50,293,gelu_p100_rt12_rs50_n15000_eta0.7_seed293.npz,0.9999999997248619,0.9787678590508668,0.24916360404000296,3.9282136041575586,2.2057858854290743e-07,0.549857114163818,0.8502295365438434,0.9508037733591221,540.0,6760.0,3.9182413159270757,0.12657532396344406,0.7764250475358305,3660.0,0.0001293103448275862,0.23882788059434004,False
G5,gelu,100,12,50,15000,0.7,50,307,gelu_p100_rt12_rs50_n15000_eta0.7_seed307.npz,0.9999999998209859,0.9949702430861985,0.25111216076384846,3.9622543171929094,0.0004811536739206424,0.40058167617624013,0.8050438646344706,0.9407244373173079,547.0,7000.0,3.959364580870266,0.19618687156826153,0.7932381417673936,4680.0,0.00011842105263157896,0.26952027869996315,False
G5,gelu,100,12,50,15000,0.7,50,311,gelu_p100_rt12_rs50_n15000_eta0.7_seed311.npz,0.9999999997729554,0.9687639719129879,0.27639628202828664,3.5049819223467114,1.222976274836933e-06,0.6229412946682535,0.8335647533503582,0.9525375043358465,545.0,6320.0,3.510006565644958,0.13675631103466657,0.7125392816631404,2700.0,0.00017857142857142857,0.2218357458888737,False
G5,gelu,100,12,50,15000,0.7,50,313,gelu_p100_rt12_rs50_n15000_eta0.7_seed313.npz,0.9999999997875818,0.9844078796759995,0.26535824078361375,3.70973170747968,0.00028476622765341797,0.7201678431558314,0.8523160359868621,0.9488956107742327,551.0,6280.0,3.7131937711703795,0.14311840793164832,0.6221309542161039,1920.0,0.0002368421052631579,0.28036300982748513,False
G12,gelu,100,12,80,15000,0.7,80,5,gelu_p100_rt12_rs80_n15000_eta0.7_seed5.npz,0.9999999997940088,2.047462719419389,0.23034281587472807,8.888763088373901,0.003522770953207009,0.2518410390442153,0.657112129942956,0.8853709117625354,537.0,7540.0,8.876973231699502,0.26413278513056815,0.6515526331054873,6020.0,0.00017716535433070867,0.133848207984229,False
G12,gelu,100,12,80,15000,0.7,80,11,gelu_p100_rt12_rs80_n15000_eta0.7_seed11.npz,0.999999999790047,2.02906918836813,0.2429243908312427,8.352677890536341,0.0001001605175578082,0.4140361640918544,0.6351939339516404,0.9049873031501487,534.0,7240.0,8.362969337984163,0.19724186390645404,0.5198141422055952,5360.0,8.72093023255814e-05,0.09782310215765916,False
G12,gelu,100,12,80,15000,0.7,80,23,gelu_p100_rt12_rs80_n15000_eta0.7_seed23.npz,0.9999999998386354,2.0554720934696333,0.241238507356169,8.52049747777164,0.000513521522816967,0.053267349939766895,0.5565900003409541,0.8880003270093333,522.0,7660.0,8.586023133294464,0.2915059704947005,0.5526675861277449,7720.0,0.00012228260869565218,0.12633928565732588,False
G12,gelu,100,12,80,15000,0.7,80,37,gelu_p100_rt12_rs80_n15000_eta0.7_seed37.npz,0.9999999998235177,2.0553167162196226,0.2544057009036675,8.078894100717825,0.0009527928655969751,0.004706062030208534,0.42199169776751816,0.8651914269749104,517.0,7700.0,8.137069787540392,0.2509327305477078,0.3961484604961679,nan,nan,0.11681657833661474,False
G12,gelu,100,12,80,15000,0.7,80,41,gelu_p100_rt12_rs80_n15000_eta0.7_seed41.npz,0.9999999998178847,2.0402617957417135,0.248928216273668,8.19618533520796,2.059645311830945e-06,0.25715401521716236,0.529536835787284,0.8792789321676798,519.0,7600.0,8.274772290179595,0.23417646572224127,0.49580512906476476,7740.0,6.484149855907781e-05,0.10560031637139192,False
G12,gelu,100,12,80,15000,0.7,80,53,gelu_p100_rt12_rs80_n15000_eta0.7_seed53.npz,0.9999999998433133,2.047140706500239,0.24984594703965035,8.19361182663235,0.0005230571796763924,0.14119994515070525,0.5337981798670046,0.8670021496726247,516.0,7660.0,8.133565529703667,0.25021758076377887,0.5210783470451986,7740.0,6.797583081570997e-05,0.11080792627965981,False
G12,gelu,100,12,80,15000,0.7,80,67,gelu_p100_rt12_rs80_n15000_eta0.7_seed67.npz,0.9999999998648726,2.0656399133136354,0.25312315201443325,8.160612322004631,0.0005482649503866382,0.4770784196037479,0.6943178174285329,0.8938988935683215,510.0,7340.0,8.17811393763104,0.2607616699123587,0.6895424692364539,4400.0,0.0002556818181818182,0.10235989192873185,False
G12,gelu,100,12,80,15000,0.7,80,71,gelu_p100_rt12_rs80_n15000_eta0.7_seed71.npz,0.9999999997897868,2.026239370713291,0.23250366553343665,8.714870649735605,2.81577662887651e-05,0.22709248857311626,0.6942537642319422,0.9071566783971466,530.0,7280.0,8.734997456528006,0.2448074965181518,0.6650209240290741,5600.0,9.453781512605042e-05,0.09104975519917204,False
G12,gelu,100,12,80,15000,0.7,80,83,gelu_p100_rt12_rs80_n15000_eta0.7_seed83.npz,0.9999999998276925,2.045195986613533,0.23376534003263827,8.748927391579878,0.0005988392607713751,0.3959779529338004,0.6954403257358209,0.8950046206975705,524.0,7340.0,8.769820087768476,0.25520636951066955,0.6026406959742427,5040.0,9.297520661157026e-05,0.11936250013094112,False
G12,gelu,100,12,80,15000,0.7,80,97,gelu_p100_rt12_rs80_n15000_eta0.7_seed97.npz,0.9999999998296747,2.0358557347807125,0.22792344362365155,8.932191012971568,4.6563166974339094e-05,0.1681500289888341,0.6717968302008439,0.9015218111522029,515.0,7460.0,8.950343285971044,0.2640425940799952,0.6715880399481647,6680.0,8.211678832116789e-05,0.08367986734063386,False
G12,gelu,100,12,80,15000,0.7,80,101,gelu_p100_rt12_rs80_n15000_eta0.7_seed101.npz,0.9999999998330562,2.0364154294219374,0.23277299072311686,8.748503952695486,3.7728653970150767e-05,0.3362484418754273,0.6577347005520446,0.8995569372109063,522.0,7340.0,8.728325891295464,0.26975176359576314,0.6403884191789484,5740.0,9.183673469387756e-05,0.08726408471128726,False
G12,gelu,100,12,80,15000,0.7,80,103,gelu_p100_rt12_rs80_n15000_eta0.7_seed103.npz,0.9999999998735375,2.0505068687274184,0.2466031560240696,8.315006595160037,0.00015302126405069647,0.002261721051597453,0.685832958597805,0.875341022984927,508.0,7440.0,8.328403745329668,0.2611164495638678,0.6840586694838895,6680.0,0.0022500000000000003,0.11348566682327217,False
G12,gelu,100,12,80,15000,0.7,80,107,gelu_p100_rt12_rs80_n15000_eta0.7_seed107.npz,0.999999999836975,2.0625005649642985,0.23218228295002197,8.88310916215885,0.0016396735648765972,0.003590113163657901,0.7345945707773083,0.895094016307861,519.0,7340.0,8.849362973248441,0.22739576029880515,0.7341224948149656,5820.0,0.0003879310344827586,0.12676609184465923,False
G12,gelu,100,12,80,15000,0.7,80,109,gelu_p100_rt12_rs80_n15000_eta0.7_seed109.npz,0.9999999998509238,2.0527109767194625,0.24900302230220728,8.243719123329155,0.0007380144346864396,0.03229092616643207,0.6508951630918302,0.8966181460107331,518.0,7500.0,8.228986661560308,0.24116592232987222,0.6469937142265784,6880.0,0.0001875,0.09842421250146206,False
G12,gelu,100,12,80,15000,0.7,80,113,gelu_p100_rt12_rs80_n15000_eta0.7_seed113.npz,0.9999999998549144,2.062692139737688,0.26943379127891515,7.655654956814269,0.0002646616401791753,0.0015419132239186419,0.03694297756384639,0.8162340088627239,508.0,7560.0,7.642230978944033,0.1825428389219178,0.036651027041547546,nan,nan,0.11590422886457832,False
G12,gelu,100,12,80,15000,0.7,80,127,gelu_p100_rt12_rs80_n15000_eta0.7_seed127.npz,0.9999999997765369,2.0189563116586817,0.24207451997332324,8.340226438871683,2.6264438076882575e-05,0.057160638592591156,0.28030017439206323,0.8708672149908857,530.0,7600.0,8.250838265995489,0.26199890238494394,0.26338293717335826,nan,nan,0.12752650936484208,False
G12,gelu,100,12,80,15000,0.7,80,131,gelu_p100_rt12_rs80_n15000_eta0.7_seed131.npz,0.9999999997934614,2.0417039439564455,0.24293409874016267,8.404353092235974,0.0012391348479813499,0.1019017206054279,0.7497940578018983,0.9149120286814688,538.0,7240.0,8.334883031328543,0.24887771892954247,0.7497890810643095,4460.0,0.000625,0.09614572715843678,False
G12,gelu,100,12,80,15000,0.7,80,137,gelu_p100_rt12_rs80_n15000_eta0.7_seed137.npz,0.9999999998053569,2.031228059228318,0.2480763334979785,8.187915512081162,0.00023583533023586285,0.09348901951142193,0.47338344022269674,0.8697530345218648,528.0,7620.0,8.224883821342166,0.24466762150317356,0.4733541820137875,nan,nan,0.09549956261933436,False
G12,gelu,100,12,80,15000,0.7,80,139,gelu_p100_rt12_rs80_n15000_eta0.7_seed139.npz,0.9999999998440237,2.0580982556972964,0.2526845532868791,8.144931017451968,0.0007754774330057613,0.16084847565423477,0.7042140892441188,0.8933138104933579,514.0,7400.0,8.08621266837001,0.24918476059038797,0.6728175057473235,5600.0,0.0001530612244897959,0.13980004729251794,False
G12,gelu,100,12,80,15000,0.7,80,149,gelu_p100_rt12_rs80_n15000_eta0.7_seed149.npz,0.9999999998096746,2.031806216296231,0.22962352071272912,8.848423758984715,7.57843018726226e-05,0.3123603902578905,0.6537933319491088,0.8893650353288923,524.0,7400.0,8.784754390153283,0.21203438820859222,0.5568919711679549,5920.0,7.839721254355401e-05,0.08929977349132909,False
G12,gelu,100,12,80,15000,0.7,80,151,gelu_p100_rt12_rs80_n15000_eta0.7_seed151.npz,0.9999999998406328,2.042439468401856,0.24162081430362856,8.453077497848593,0.0008797108241900328,0.1871070237555983,0.611035669926672,0.8992888041578851,511.0,7460.0,8.365790252403798,0.24385796391629466,0.6041836046789852,7080.0,8.72093023255814e-05,0.09554931221160855,False
G12,gelu,100,12,80,15000,0.7,80,157,gelu_p100_rt12_rs80_n15000_eta0.7_seed157.npz,0.9999999998448325,2.039476973203344,0.23709203943900486,8.602047449712149,0.0007004103819340688,0.01435011543955683,0.7254013848477961,0.9056563526189058,522.0,7280.0,8.591625205664297,0.24778369586782611,0.7205056271298897,6020.0,0.000703125,0.1266951741745873,False
G12,gelu,100,12,80,15000,0.7,80,163,gelu_p100_rt12_rs80_n15000_eta0.7_seed163.npz,0.9999999998516099,2.060168366204357,0.2299212399610046,8.960322093573296,0.0001244424023854499,0.005777481586747462,0.004959432057170285,0.8230513507176965,510.0,7340.0,8.841622312172841,0.23707266439955488,0.0047104004205437405,nan,nan,0.09657694244771994,False
G12,gelu,100,12,80,15000,0.7,80,167,gelu_p100_rt12_rs80_n15000_eta0.7_seed167.npz,0.999999999836765,2.047070106674563,0.24820692399118974,8.247433527467692,0.0018861936404560133,0.0012083615018118109,0.5335583661702618,0.8818542743731496,510.0,7520.0,8.22686509580044,0.24181097157416598,0.5334959260342822,7640.0,0.00021226415094339622,0.1116977484073451,False
G12,gelu,100,12,80,15000,0.7,80,173,gelu_p100_rt12_rs80_n15000_eta0.7_seed173.npz,0.999999999849246,2.0577205044027234,0.25379737260965424,8.107729734332361,3.994535897703418e-05,0.01332008274212943,0.01262743321747198,0.8411841613646162,510.0,7180.0,8.094489605240966,0.17600096690217282,-0.010018625555253331,nan,nan,0.0877621819675563,False
G12,gelu,100,12,80,15000,0.7,80,179,gelu_p100_rt12_rs80_n15000_eta0.7_seed179.npz,0.9999999998558774,2.0674348388183286,0.23665906613856547,8.735920717306607,3.935996631451255e-05,0.23766412231259043,0.7081325864095804,0.8988488642526432,508.0,7340.0,8.735547012810239,0.2477030557188138,0.6967819716652497,4820.0,0.00033088235294117646,0.12368736594104668,False
G12,gelu,100,12,80,15000,0.7,80,181,gelu_p100_rt12_rs80_n15000_eta0.7_seed181.npz,0.999999999820181,2.0112512341639164,0.23206893394915395,8.666611251829938,0.00035199892059571025,0.19092788124736287,0.5309741955347593,0.8790660514043974,529.0,7660.0,8.653313800000378,0.20734011700654342,0.4846428511058466,7760.0,6.35593220338983e-05,0.10965910819525188,False
G12,gelu,100,12,80,15000,0.7,80,191,gelu_p100_rt12_rs80_n15000_eta0.7_seed191.npz,0.9999999997926308,2.0275798331060932,0.22888605666531495,8.858468106997405,0.0011920286481151177,0.1358724276834338,0.5915967996704644,0.8945100372085283,536.0,7520.0,8.863890038373789,0.24812968156408466,0.5672949007293604,7120.0,9.146341463414634e-05,0.11211401098292127,False
G12,gelu,100,12,80,15000,0.7,80,193,gelu_p100_rt12_rs80_n15000_eta0.7_seed193.npz,0.9999999998148088,2.0495603995808045,0.2395249100510793,8.556773486080136,0.006538657769977448,0.15551048877772214,0.6201630640732662,0.8966695902902971,525.0,7500.0,8.542207657788678,0.23819154096028117,0.6110183177099711,6720.0,9.955752212389381e-05,0.08295729627779033,False
G12,gelu,100,12,80,15000,0.7,80,197,gelu_p100_rt12_rs80_n15000_eta0.7_seed197.npz,0.9999999998213517,2.042821959330456,0.24381155388529657,8.37869217753118,0.0002589528030798201,0.4180447910791093,0.7520877575004762,0.9071993492224847,526.0,7160.0,8.367250169545734,0.24200021224552692,0.7423491864430892,4320.0,0.00017045454545454547,0.08758868901311354,False
G12,gelu,100,12,80,15000,0.7,80,199,gelu_p100_rt12_rs80_n15000_eta0.7_seed199.npz,0.9999999997434776,2.0094141104851313,0.21571616820427802,9.315083459957737,0.0002603903584788116,0.008161902501438814,0.6795373000289959,0.9060209604037963,530.0,7700.0,9.254978604779696,0.30701664182429145,0.6783503319220116,7340.0,0.00034090909090909094,0.09175704353408308,False
G12,gelu,100,12,80,15000,0.7,80,211,gelu_p100_rt12_rs80_n15000_eta0.7_seed211.npz,0.9999999998472542,2.0598851230969597,0.23306574958338014,8.838214653071656,5.858130403385655e-05,0.0878124540188724,0.6001632010752893,0.8895017225795595,514.0,7500.0,8.815053468669182,0.2542866098949784,0.595823330904233,7220.0,0.00010817307692307693,0.11238951024636663,False
G12,gelu,100,12,80,15000,0.7,80,223,gelu_p100_rt12_rs80_n15000_eta0.7_seed223.npz,0.9999999998010157,2.0267958741650114,0.23786109029070587,8.520922323562585,1.872536679184513e-05,0.00597223217412999,0.08231096047701536,0.8596201293061569,542.0,7360.0,8.504045976811936,0.14185464243328605,0.08164389944307615,nan,nan,0.09136400909072039,False
G12,gelu,100,12,80,15000,0.7,80,227,gelu_p100_rt12_rs80_n15000_eta0.7_seed227.npz,0.9999999998549374,2.064047684874478,0.24798916126456858,8.32313668206022,0.0006306043128493477,0.04038711793183132,0.448141687048211,0.8501010313819882,514.0,7560.0,8.37853169061585,0.2577662403272514,0.44068448553037337,nan,nan,0.1215273466607702,False
G12,gelu,100,12,80,15000,0.7,80,229,gelu_p100_rt12_rs80_n15000_eta0.7_seed229.npz,0.9999999998171996,2.0346553405466232,0.24773927870670923,8.212889579594634,0.0016988413804342622,0.3632653947027601,0.698701579775883,0.9055161866110394,521.0,7180.0,8.194261585270619,0.24658554108100017,0.6881793844705753,4480.0,0.00028125000000000003,0.10419427954584339,False
G12,gelu,100,12,80,15000,0.7,80,233,gelu_p100_rt12_rs80_n15000_eta0.7_seed233.npz,0.9999999998032518,2.048929547714535,0.25138781834721396,8.15047268871468,0.0007099487146307426,0.1998731405912185,0.6881879519095839,0.9014249380275213,523.0,7560.0,8.129891491912606,0.23731166721787733,0.6619720616421078,6340.0,8.302583025830259e-05,0.09903576899667035,False
G12,gelu,100,12,80,15000,0.7,80,239,gelu_p100_rt12_rs80_n15000_eta0.7_seed239.npz,0.9999999998258645,2.05431630928134,0.24320067706527573,8.447000781704057,0.001960413362726099,0.05414187297584481,0.5522033611888204,0.8850895630283685,524.0,7680.0,8.372045678345321,0.28157901380265027,0.55182637865082,7740.0,0.00011658031088082901,0.0844867849235631,False
G12,gelu,100,12,80,15000,0.7,80,241,gelu_p100_rt12_rs80_n15000_eta0.7_seed241.npz,0.9999999997683956,2.0349697313401562,0.2168455346434905,9.384420733799253,0.0003789042085587026,0.060239867613286695,0.4785068511427332,0.883076238799671,524.0,7440.0,9.379589788039565,0.2600095659636089,0.4540089039707586,nan,nan,0.09686406123007274,False
G12,gelu,100,12,80,15000,0.7,80,251,gelu_p100_rt12_rs80_n15000_eta0.7_seed251.npz,0.9999999998365512,2.040546638836705,0.26353449128084244,7.7429964818614305,0.00013147938224008466,0.28532247571346575,0.6917934366444872,0.9019429142675067,519.0,7300.0,7.749164073776151,0.2245975757790336,0.6691473632898054,5800.0,9.911894273127753e-05,0.09376616188661879,False
G12,gelu,100,12,80,15000,0.7,80,257,gelu_p100_rt12_rs80_n15000_eta0.7_seed257.npz,0.9999999998172858,2.0465932154034703,0.2591479362111192,7.897393455358945,0.0010287722691490922,0.0004295905356821801,0.7333499437060378,0.9035252919167197,521.0,7620.0,7.95362026409916,0.28954686949305264,0.7333277268395999,7100.0,0.00033088235294117646,0.10686753091209121,False
G12,gelu,100,12,80,15000,0.7,80,263,gelu_p100_rt12_rs80_n15000_eta0.7_seed263.npz,0.9999999998145146,2.044421188570942,0.2342051865708187,8.729188360449703,0.00231592328094852,0.08224796481419493,0.6032340868445294,0.8796875334858066,527.0,7580.0,8.720859808929486,0.26146835673861324,0.5454374446316131,6880.0,6.797583081570997e-05,0.10077414995143771,False
G12,gelu,100,12,80,15000,0.7,80,269,gelu_p100_rt12_rs80_n15000_eta0.7_seed269.npz,0.9999999998106303,2.04401389755442,0.23233318250656315,8.797769976299787,0.00012557708046801252,0.018706563961040958,0.4134014247243271,0.8698210637886966,518.0,7640.0,8.79741336423253,0.2456554597788747,0.4133898026804457,nan,nan,0.10249417401431339,False
G12,gelu,100,12,80,15000,0.7,80,271,gelu_p100_rt12_rs80_n15000_eta0.7_seed271.npz,0.999999999823697,2.024432351152017,0.2249108756336158,9.001042503830968,0.0005650717534907985,0.02899633576797878,0.4958056766404981,0.8660268143846283,525.0,7740.0,8.957177904610196,0.23769187980040063,0.4891552076002624,nan,nan,0.10931481853933771,False
G12,gelu,100,12,80,15000,0.7,80,277,gelu_p100_rt12_rs80_n15000_eta0.7_seed277.npz,0.9999999998614041,2.0555450818112924,0.24157854939523177,8.508806294917939,0.0007732765609558886,0.028981320920100983,0.4429527216800468,0.875666521123231,507.0,7680.0,8.616508994055613,0.23269700703174911,0.43386564649978193,nan,nan,0.10364988312335666,False
G12,gelu,100,12,80,15000,0.7,80,281,gelu_p100_rt12_rs80_n15000_eta0.7_seed281.npz,0.9999999998570975,2.056507647718963,0.25546484467478214,8.050061253386888,0.0003093322758400746,0.2115306267394403,0.582063244557059,0.8709083528401388,512.0,7580.0,8.057947120444412,0.25245308077662976,0.5817228503116528,7140.0,9.656652360515021e-05,0.1166933213399822,False
G12,gelu,100,12,80,15000,0.7,80,283,gelu_p100_rt12_rs80_n15000_eta0.7_seed283.npz,0.9999999998555062,2.062331072570558,0.23960986780035412,8.607037312373619,0.000364516173454054,0.3386002902526282,0.650896148063626,0.895339484426847,514.0,7400.0,8.59548771037818,0.2041536198602686,0.5711177686313312,5980.0,7.8125e-05,0.10694776038988042,False
G12,gelu,100,12,80,15000,0.7,80,293,gelu_p100_rt12_rs80_n15000_eta0.7_seed293.npz,0.9999999998170999,2.01875045181187,0.24218323420432197,8.335632557077494,0.00017149493706423156,0.17083264094182266,0.5252375789523788,0.8980766972850688,519.0,7440.0,8.351446580474441,0.22765539947307334,0.5009626287846033,7760.0,6.880733944954129e-05,0.0936340178414536,False
G12,gelu,100,12,80,15000,0.7,80,307,gelu_p100_rt12_rs80_n15000_eta0.7_seed307.npz,0.9999999998479933,2.0415345438498496,0.24285912277095895,8.406250177289927,0.00020060650146766458,0.005703458632385541,0.12547274138707054,0.8435460040706045,523.0,7540.0,8.44708991704338,0.23131442771996058,0.12122715807761289,nan,nan,0.10320252838304285,False
G12,gelu,100,12,80,15000,0.7,80,311,gelu_p100_rt12_rs80_n15000_eta0.7_seed311.npz,0.9999999998380448,2.0399282517048483,0.24183779382909795,8.435109415306798,3.3321593365326096e-06,0.001860716927913185,0.7322614409853018,0.9139842698105798,514.0,7120.0,8.413962576278054,0.22948837017185897,0.7316674495946768,6080.0,0.0008333333333333334,0.08969336605170591,False
G12,gelu,100,12,80,15000,0.7,80,313,gelu_p100_rt12_rs80_n15000_eta0.7_seed313.npz,0.999999999820516,2.0246877948889446,0.2395402034433581,8.45239239920619,5.551636887344358e-06,0.3252847442309825,0.5973983324567196,0.8848721611129542,519.0,7420.0,8.431978837091954,0.2645218823944594,0.5790538744473576,6460.0,0.00011658031088082901,0.11013723729398328,False
G10,gelu,100,16,50,15000,0.85,50,5,gelu_p100_rt16_rs50_n15000_eta0.85_seed5.npz,0.9999999998339286,1.513414745961353,0.3609089265118979,4.193342516041817,0.0004040414002474585,0.1230424846900494,0.35994637376757704,0.8426546109168482,656.0,7380.0,4.220442830956785,0.2012597217791231,0.3083658739661159,nan,nan,0.4642943754472416,False
G10,gelu,100,16,50,15000,0.85,50,11,gelu_p100_rt16_rs50_n15000_eta0.85_seed11.npz,0.9999999998458666,1.4932966947579387,0.37315393421185156,4.001824871314758,0.0002518393981689099,0.19717601377392627,0.6635395054056027,0.87677168455537,646.0,7400.0,4.018193067696223,0.21985366842599208,0.6530834289183247,5680.0,0.00013392857142857144,0.45236765998986705,False
G10,gelu,100,16,50,15000,0.85,50,23,gelu_p100_rt16_rs50_n15000_eta0.85_seed23.npz,0.9999999998782776,1.491304268705104,0.38131962287147125,3.91090355506768,0.00035568561321010407,0.2343409239838393,0.5118431295382108,0.8532613908938813,660.0,7500.0,3.936375049058475,0.22025788497031296,0.49172165319154415,7840.0,6.838905775075987e-05,0.4295176186877233,False
G10,gelu,100,16,50,15000,0.85,50,37,gelu_p100_rt16_rs50_n15000_eta0.85_seed37.npz,0.9999999998868688,1.4836113968525004,0.35228554192840333,4.211388831716579,0.0002735190599747674,0.03536292966117373,0.6815935240403176,0.883049965574936,647.0,7420.0,4.2302347263835225,0.2256617945297602,0.6808964112452845,5820.0,0.00025,0.44303190921208097,False
G10,gelu,100,16,50,15000,0.85,50,41,gelu_p100_rt16_rs50_n15000_eta0.85_seed41.npz,0.9999999998360777,1.5071854792072565,0.3757175729457078,4.01148518923561,0.0003833842849906509,0.1576910002043097,0.516693357929064,0.8684222853731128,661.0,7460.0,4.054571423576575,0.24505802448960945,0.5166903251708135,7600.0,7.95053003533569e-05,0.43168690228617945,False
G10,gelu,100,16,50,15000,0.85,50,53,gelu_p100_rt16_rs50_n15000_eta0.85_seed53.npz,0.9999999998451266,1.5004508584443,0.3791584140852499,3.9573191645087396,7.679743429611735e-07,0.0004214202348796595,0.003376928908976789,0.8397507230166922,635.0,7140.0,3.9814995927568098,0.19702623367522498,0.0029098038181808628,nan,nan,0.45455090805276077,False
G10,gelu,100,16,50,15000,0.85,50,67,gelu_p100_rt16_rs50_n15000_eta0.85_seed67.npz,0.999999999869562,1.4906063921171986,0.40560483882447845,3.6750212261699473,0.0002859995299826107,0.006075820515417244,0.09742868344868257,0.844186749933502,630.0,7380.0,3.7034227628796783,0.19369522365251768,0.09726112107060152,nan,nan,0.4106375905148963,False
G10,gelu,100,16,50,15000,0.85,50,71,gelu_p100_rt16_rs50_n15000_eta0.85_seed71.npz,0.9999999998845193,1.503041783974802,0.3760017884804018,3.9974325389495977,8.554984457673777e-05,0.08787408232243986,0.4402436919429365,0.852288583882314,628.0,7460.0,3.998962849964877,0.21136083103070402,0.4299720734892461,nan,nan,0.4453250962361399,False
G10,gelu,100,16,50,15000,0.85,50,83,gelu_p100_rt16_rs50_n15000_eta0.85_seed83.npz,0.9999999998614816,1.4914399769994573,0.38274568198349457,3.8966866177833817,2.991685894949157e-05,0.2177771606680231,0.6557483515450897,0.8722013809184429,645.0,7440.0,3.910633137452041,0.2240382421453686,0.6199003593086374,6340.0,8.620689655172414e-05,0.4373205101566114,False
G10,gelu,100,16,50,15000,0.85,50,97,gelu_p100_rt16_rs50_n15000_eta0.85_seed97.npz,0.9999999998574968,1.5075309368432546,0.3689758926806642,4.085716619291358,0.0001318927245365247,0.0011168472077546776,0.01632680412888169,0.8251793110564205,667.0,7580.0,4.1007008648541,0.21669660968544324,-0.006608548897919616,nan,nan,0.45364169238233715,False
G10,gelu,100,16,50,15000,0.85,50,101,gelu_p100_rt16_rs50_n15000_eta0.85_seed101.npz,0.999999999858473,1.5057691462252343,0.39319815614745157,3.8295427450086064,0.0007795651189811446,0.06267119085787552,0.4413031835555272,0.8372711737806249,628.0,7520.0,3.8704024889466284,0.22176536908605748,0.42301341445736207,nan,nan,0.4656158299695747,False
G10,gelu,100,16,50,15000,0.85,50,103,gelu_p100_rt16_rs50_n15000_eta0.85_seed103.npz,0.9999999997637767,1.5050921478847752,0.3353843357577059,4.487663815557891,2.2415864077449628e-05,0.23980129858844068,0.650561605970966,0.8771123405793702,651.0,7460.0,4.4986363601436645,0.21054987934395797,0.5816342745904799,6380.0,7.5503355704698e-05,0.39485088748617697,False
G10,gelu,100,16,50,15000,0.85,50,107,gelu_p100_rt16_rs50_n15000_eta0.85_seed107.npz,0.9999999998407526,1.497587167499286,0.37712917880741686,3.9710190875048608,7.917157122262294e-08,0.00027063306327953,0.0768178604700759,0.8302647530716427,635.0,7400.0,3.9830063684145056,0.21345450303021407,0.07502981498182354,nan,nan,0.42384935686251285,False
G10,gelu,100,16,50,15000,0.85,50,109,gelu_p100_rt16_rs50_n15000_eta0.85_seed109.npz,0.9999999998123662,1.5065904254629403,0.394859493591572,3.8155102002468286,3.6218532442503625e-05,0.11624958245249896,0.4858621297930326,0.858979625252468,653.0,7560.0,3.843454220286721,0.24364197621464434,0.48518792177043213,nan,nan,0.4343119537071642,False
G10,gelu,100,16,50,15000,0.85,50,113,gelu_p100_rt16_rs50_n15000_eta0.85_seed113.npz,0.9999999998825047,1.4907024382457104,0.38060168255841964,3.916699548528397,2.2654468683786304e-05,0.1252891740870543,0.3220296736455552,0.8535826763718823,648.0,7520.0,3.9429091807925523,0.24140453150655605,0.32169462728108766,nan,nan,0.4263687207976512,False
G10,gelu,100,16,50,15000,0.85,50,127,gelu_p100_rt16_rs50_n15000_eta0.85_seed127.npz,0.9999999998616421,1.4889281718720444,0.38639860172864693,3.853347722302738,0.0003540939245600818,0.12091515328298433,0.43416542459879537,0.867129492560546,623.0,7440.0,3.873767480203533,0.2319692820854925,0.41449811344787096,nan,nan,0.5011595254742504,False
G10,gelu,100,16,50,15000,0.85,50,131,gelu_p100_rt16_rs50_n15000_eta0.85_seed131.npz,0.9999999998467959,1.514864908472137,0.36958477654448824,4.098829293337485,0.00019390283127316643,0.1601475903334823,0.44670324553394014,0.859724900870291,639.0,7440.0,4.091221580640124,0.21016543200287618,0.39147478394128987,nan,nan,0.4212997747177473,False
G10,gelu,100,16,50,15000,0.85,50,137,gelu_p100_rt16_rs50_n15000_eta0.85_seed137.npz,0.999999999816949,1.506655388930494,0.3736848808699234,4.031887470060498,1.6385878467726516e-05,0.04342127172922384,0.2237923726985597,0.83876041941968,625.0,7520.0,4.042122511102347,0.2080322750760255,0.21120109889860564,nan,nan,0.423570637971088,False
G10,gelu,100,16,50,15000,0.85,50,139,gelu_p100_rt16_rs50_n15000_eta0.85_seed139.npz,0.9999999997900972,1.4988858500612947,0.37065032066836684,4.043935122890121,2.2402628760886215e-05,0.005157300978123586,0.35305046698066667,0.8264158472714238,645.0,7660.0,4.06097503095922,0.24411726049502858,0.352197439622665,nan,nan,0.4263650394719357,False
G10,gelu,100,16,50,15000,0.85,50,149,gelu_p100_rt16_rs50_n15000_eta0.85_seed149.npz,0.9999999998569353,1.5024615816866245,0.38673632570584193,3.8849766153837373,0.00043395081437507714,0.007822188429094433,0.26927563585125575,0.8431670416133987,621.0,7720.0,3.9030212503581017,0.2359470772580452,0.26904826121930203,nan,nan,0.44319552383785576,False
G10,gelu,100,16,50,15000,0.85,50,151,gelu_p100_rt16_rs50_n15000_eta0.85_seed151.npz,0.9999999998862806,1.4875951043993352,0.3867560570491768,3.846339513721396,4.740522861096172e-05,8.99548221578429e-05,0.3915327433076433,0.8443521354234138,633.0,7680.0,3.887758314076557,0.21057805661108442,0.38888635301093527,nan,nan,0.44273200804283297,False
G10,gelu,100,16,50,15000,0.85,50,157,gelu_p100_rt16_rs50_n15000_eta0.85_seed157.npz,0.9999999998629929,1.4876093722303085,0.4193431295263411,3.5474752475630202,1.0387122491315306e-06,0.12145902364566583,0.5819299287511952,0.8750921070526557,632.0,7540.0,3.5692459151793847,0.2583667642062537,0.5758355280763171,6700.0,0.0001278409090909091,0.48094466638714234,False
G10,gelu,100,16,50,15000,0.85,50,163,gelu_p100_rt16_rs50_n15000_eta0.85_seed163.npz,0.9999999998274284,1.4999684981281582,0.3771437942009974,3.977179317787622,0.0009837212946638438,0.0003175736775274566,0.3365900208572318,0.8498590484895983,637.0,7660.0,3.9885970793809027,0.23194904120508675,0.33047877053031505,nan,nan,0.40146902608896096,False
G10,gelu,100,16,50,15000,0.85,50,167,gelu_p100_rt16_rs50_n15000_eta0.85_seed167.npz,0.9999999998836607,1.4926644562458842,0.3457908278885337,4.316668736878837,0.0001378243869083875,0.01183651879815466,0.45428618022148803,0.8542970667459757,643.0,7760.0,4.3404287577105745,0.24135942902859242,0.4538337017521757,nan,nan,0.42312056663706127,False
G10,gelu,100,16,50,15000,0.85,50,173,gelu_p100_rt16_rs50_n15000_eta0.85_seed173.npz,0.9999999998738548,1.4951906786379157,0.3854993607120235,3.8785814738480355,3.939227388343171e-05,0.24554535253257603,0.5978723875779978,0.8795648681346044,623.0,7380.0,3.8883756809598795,0.22709142392128479,0.5960066010442749,6680.0,0.0001076555023923445,0.3753671997439487,False
G10,gelu,100,16,50,15000,0.85,50,179,gelu_p100_rt16_rs50_n15000_eta0.85_seed179.npz,0.9999999998419192,1.4799474321995538,0.3990750396373142,3.708443989743267,0.0014630239361470212,0.08333579471107268,0.3187654359968345,0.8529146835284134,624.0,7680.0,3.744675200282915,0.20957979237882185,0.29559190059881435,nan,nan,0.43982700658952045,False
G10,gelu,100,16,50,15000,0.85,50,181,gelu_p100_rt16_rs50_n15000_eta0.85_seed181.npz,0.9999999998596242,1.496850471838107,0.40117590857278385,3.7311574295756573,0.0004046985994314372,0.06554171994626279,0.6365326023601497,0.871135345615083,631.0,7660.0,3.757123622211853,0.2399626011750593,0.6364514601473958,7020.0,0.00014240506329113925,0.45123682272742577,False
G10,gelu,100,16,50,15000,0.85,50,191,gelu_p100_rt16_rs50_n15000_eta0.85_seed191.npz,0.9999999998404154,1.4959415540689125,0.3577001647488426,4.182110330084082,1.4381360316627412e-06,0.04520928429029436,0.462505915907527,0.8651542746265823,644.0,7460.0,4.201136794018045,0.21488940770918985,0.44587445103988965,nan,nan,0.44649565321180396,False
G10,gelu,100,16,50,15000,0.85,50,193,gelu_p100_rt16_rs50_n15000_eta0.85_seed193.npz,0.9999999998451466,1.5167030029544801,0.3759590665623057,4.034223770217615,4.827565131370079e-05,0.019298536680463062,0.5653635311868179,0.8737896391562028,656.0,7580.0,4.05239623868928,0.24734071886716058,0.5642835354538047,7060.0,0.00019911504424778762,0.47839712313024857,False
G10,gelu,100,16,50,15000,0.85,50,197,gelu_p100_rt16_rs50_n15000_eta0.85_seed197.npz,0.9999999998748121,1.4833442898525449,0.40793559230135745,3.636221790514279,1.6419738662071992e-05,0.10018503674923508,0.557526546731481,0.858907676298738,629.0,7600.0,3.6714544648013487,0.23188448677286777,0.5127956519152852,7520.0,7.142857142857143e-05,0.4211733142622915,False
G10,gelu,100,16,50,15000,0.85,50,199,gelu_p100_rt16_rs50_n15000_eta0.85_seed199.npz,0.9999999998651833,1.4769403734254114,0.39000193202993944,3.787007837981763,8.083188435290894e-06,0.09762667099210608,0.4958183090407025,0.8528647045212792,615.0,7540.0,3.8148137619973186,0.23034420038267123,0.4868101337761533,nan,nan,0.46394057089545593,False
G10,gelu,100,16,50,15000,0.85,50,211,gelu_p100_rt16_rs50_n15000_eta0.85_seed211.npz,0.9999999998430923,1.4858474577198357,0.3712978082506081,4.001767381069377,0.0027483114493446776,0.1296320488179626,0.340049275402546,0.8409115987839055,651.0,7560.0,4.015448222349603,0.21802722001117425,0.32022894945124625,nan,nan,0.4614779840204458,False
G10,gelu,100,16,50,15000,0.85,50,223,gelu_p100_rt16_rs50_n15000_eta0.85_seed223.npz,0.999999999842731,1.4949569957359752,0.34981102311955914,4.273613170917789,0.000197684536895928,0.00044901018447483093,0.39557530505643773,0.857453226999291,633.0,7280.0,4.283291412130147,0.23196845174000902,0.37078143372585015,nan,nan,0.4668280496706348,False
G10,gelu,100,16,50,15000,0.85,50,227,gelu_p100_rt16_rs50_n15000_eta0.85_seed227.npz,0.9999999998577199,1.5001092959871623,0.3532204759221649,4.2469488555859485,6.110809431534537e-05,6.370347587294914e-05,0.1229623863765234,0.8317507781322242,623.0,7640.0,4.259784352089808,0.21495743754870356,0.12228638928135875,nan,nan,0.43000183811347736,False
G10,gelu,100,16,50,15000,0.85,50,229,gelu_p100_rt16_rs50_n15000_eta0.85_seed229.npz,0.999999999857695,1.503090620867337,0.3960743534594304,3.7949708375180053,8.788209893341755e-05,0.0011442360980525087,0.1549766185013206,0.8389816060639073,630.0,7740.0,3.815008312230744,0.21354946101395023,0.1527616661399274,nan,nan,0.43261381848133923,False
G10,gelu,100,16,50,15000,0.85,50,233,gelu_p100_rt16_rs50_n15000_eta0.85_seed233.npz,0.9999999998569832,1.4949576732138423,0.37826979573863545,3.9520936909453366,0.00023085072957799716,2.296824916419676e-05,0.0598057876028719,0.8392938060552599,660.0,7600.0,3.9834796141005864,0.23224826861963954,0.05787984776078867,nan,nan,0.4532442900833549,False
G10,gelu,100,16,50,15000,0.85,50,239,gelu_p100_rt16_rs50_n15000_eta0.85_seed239.npz,0.9999999998594021,1.4993810326346686,0.38791705342635874,3.8652104087486516,0.00018174556410160286,0.33266779810708047,0.652696268948794,0.8742306866973308,637.0,7360.0,3.888751450259842,0.2384994635376294,0.6517559037847149,5700.0,0.00012569832402234638,0.4720535056620463,False
G10,gelu,100,16,50,15000,0.85,50,241,gelu_p100_rt16_rs50_n15000_eta0.85_seed241.npz,0.9999999998807434,1.492799234055015,0.3745039593456696,3.9860706323725443,2.858256127073108e-05,0.034798706456857564,0.5709041540668999,0.8817643561033334,647.0,7480.0,4.013681895101633,0.23027289729679357,0.5699845892657844,7320.0,0.00014516129032258066,0.42759540128128487,False
G10,gelu,100,16,50,15000,0.85,50,251,gelu_p100_rt16_rs50_n15000_eta0.85_seed251.npz,0.9999999998721771,1.4851542060874765,0.3484055435594692,4.262716921534793,0.0005979663197032871,0.08621168511157433,0.5384780385632868,0.8474933872308635,641.0,7580.0,4.268973865647139,0.2011930606732414,0.5138534584030784,7640.0,8.333333333333333e-05,0.4424124774583637,False
G10,gelu,100,16,50,15000,0.85,50,257,gelu_p100_rt16_rs50_n15000_eta0.85_seed257.npz,0.9999999999116809,1.4838846016416312,0.3711123284272876,3.9984783257675316,9.981576972135514e-06,0.28794911716973076,0.5661666450705454,0.8763660154896873,622.0,7320.0,4.013565590976379,0.23175290885820565,0.5388165697671332,7240.0,7.377049180327869e-05,0.48206460401540474,False
G10,gelu,100,16,50,15000,0.85,50,263,gelu_p100_rt16_rs50_n15000_eta0.85_seed263.npz,0.9999999998729651,1.5028691726398862,0.358448080642701,4.192710893988403,0.0008686132225749838,0.039220849909853146,0.34695744246856125,0.8527395684520203,623.0,7820.0,4.208307119285148,0.2654604700332026,0.34276412997680156,nan,nan,0.4324015571989881,False
G10,gelu,100,16,50,15000,0.85,50,269,gelu_p100_rt16_rs50_n15000_eta0.85_seed269.npz,0.9999999998601078,1.5102387905462422,0.3723669052003494,4.055781460314441,2.0974276290672947e-05,0.03151692985606177,0.5445811265403108,0.8754173908096796,616.0,7640.0,4.087513824237348,0.2469977620614694,0.5400920015669585,7620.0,9.656652360515021e-05,0.4000881482875813,False
G10,gelu,100,16,50,15000,0.85,50,271,gelu_p100_rt16_rs50_n15000_eta0.85_seed271.npz,0.9999999998348457,1.4984389061244947,0.38589673033708355,3.883004929364386,0.0005621369168388509,0.015586220549538413,0.4764084124294964,0.8564785180080066,621.0,7460.0,3.930976115404566,0.21845660157945002,0.47635589585884675,nan,nan,0.4658671302784178,False
G10,gelu,100,16,50,15000,0.85,50,277,gelu_p100_rt16_rs50_n15000_eta0.85_seed277.npz,0.9999999998939831,1.4875812023072834,0.3802517700368517,3.9120954050078875,0.00018396508868493336,0.16450057499682993,0.5502326802822023,0.8655615262658798,625.0,7360.0,3.933786574187201,0.2300998287646645,0.5168816261359664,7200.0,7.32899022801303e-05,0.43601116660770745,False
G10,gelu,100,16,50,15000,0.85,50,281,gelu_p100_rt16_rs50_n15000_eta0.85_seed281.npz,0.9999999998835829,1.4891642955057816,0.4093879645329337,3.637538043417454,6.270328110679791e-05,0.045812158054757295,0.4906675958510825,0.8482046864677383,628.0,7740.0,3.6823813268987284,0.24868141813176226,0.4905682645579912,nan,nan,0.4637095852627361,False
G10,gelu,100,16,50,15000,0.85,50,283,gelu_p100_rt16_rs50_n15000_eta0.85_seed283.npz,0.9999999998767669,1.5192645388475468,0.38333007147989784,3.9633325217148228,0.002044488468920561,0.0740905843375377,0.36625754152283335,0.8395970158795967,623.0,7660.0,3.9731968495416194,0.23105158096407952,0.3242114369474202,nan,nan,0.4294791242444107,False
G10,gelu,100,16,50,15000,0.85,50,293,gelu_p100_rt16_rs50_n15000_eta0.85_seed293.npz,0.9999999998303315,1.5093099528538694,0.36201856967901497,4.169150643824996,0.00024660449148889314,0.21410866029791387,0.6584006097633518,0.8685532833050895,643.0,7360.0,4.176987792152582,0.24180241994649243,0.6344922504948306,6240.0,8.49056603773585e-05,0.4401862788912169,False
G10,gelu,100,16,50,15000,0.85,50,307,gelu_p100_rt16_rs50_n15000_eta0.85_seed307.npz,0.9999999998794871,1.4911136445920878,0.3626331428678907,4.111906685637139,0.0001890428744516785,0.09123259738115495,0.48616720484697756,0.8382115437863502,639.0,7740.0,4.124841626661949,0.24840437150459738,0.47901601510717506,nan,nan,0.4073564541513028,False
G10,gelu,100,16,50,15000,0.85,50,311,gelu_p100_rt16_rs50_n15000_eta0.85_seed311.npz,0.9999999998293077,1.512609975054473,0.37938474172201087,3.9870079333944797,0.002217765607874879,0.20719786631102208,0.44533716083667063,0.8508439615895598,643.0,7480.0,3.9975571947454553,0.23852687415139584,0.4289518414836314,nan,nan,0.4437820741826761,False
G10,gelu,100,16,50,15000,0.85,50,313,gelu_p100_rt16_rs50_n15000_eta0.85_seed313.npz,0.9999999998741491,1.5070388808666366,0.36913007009987464,4.082677091191408,0.00022901233957668912,0.002909130479298893,0.13623967445056623,0.8314548457175758,607.0,7800.0,4.088545651293605,0.238732774106724,0.13360255908344787,nan,nan,0.43953621714428215,False
G2,gelu,100,6,50,15000,0.7,50,5,gelu_p100_rt6_rs50_n15000_eta0.7_seed5.npz,0.9999998735318478,0.6346057454410075,0.08502091559957166,7.464113282781498,0.0030315816278262946,0.978331010641399,0.9914365720282728,0.9942830833072852,0.0,3040.0,7.952002564815425,0.9395166090281342,0.9884049904004466,60.0,0.007500000000000001,0.08866384951541025,False
G2,gelu,100,6,50,15000,0.7,50,11,gelu_p100_rt6_rs50_n15000_eta0.7_seed11.npz,0.9999998933651099,0.6688566290780811,0.0880458761546484,7.5966832098219585,0.0003195023992789741,0.9796204865555186,0.9898328701071427,0.9932601910171255,0.0,2880.0,8.078039690226836,0.9238565641816712,0.9895133677078637,40.0,0.01125,0.09522012767673528,False
G2,gelu,100,6,50,15000,0.7,50,23,gelu_p100_rt6_rs50_n15000_eta0.7_seed23.npz,0.9999998730150292,0.6387083301705503,0.08976741723555717,7.115146562527542,0.0027598419587103475,0.9750855846538365,0.9908445136978339,0.9938821896931965,0.0,3280.0,7.55677483211768,0.9251028346060965,0.9880846717391235,100.0,0.0045000000000000005,0.0697513721330449,False
G2,gelu,100,6,50,15000,0.7,50,37,gelu_p100_rt6_rs50_n15000_eta0.7_seed37.npz,0.9999999620289983,0.6951632899373372,0.08721206826795104,7.9709529167627595,0.0009145526533144952,0.9729170731447349,0.9849057447449018,0.9911140991804436,0.0,3080.0,8.229893122634893,0.9292461352752631,0.9839911920915873,40.0,0.01125,0.09574124777568785,False
G2,gelu,100,6,50,15000,0.7,50,41,gelu_p100_rt6_rs50_n15000_eta0.7_seed41.npz,0.9999996915493328,0.6066640394187298,0.08723693138362096,6.954211132793618,0.0002694814542696513,0.9818832714378876,0.9900297407371004,0.994306335400371,0.0,2580.0,7.626215168639415,0.911890319396872,0.9897602592828307,480.0,0.00140625,0.08907535009700938,False
G2,gelu,100,6,50,15000,0.7,50,53,gelu_p100_rt6_rs50_n15000_eta0.7_seed53.npz,0.9999999181732794,0.6639282523473778,0.08994295606012027,7.381659236367442,0.00025162741486585243,0.9783023207190585,0.9885226256558628,0.9931648979273175,0.0,2720.0,7.895420642607909,0.9398044830896681,0.988270998240997,40.0,0.01125,0.07126326485826211,False
G2,gelu,100,6,50,15000,0.7,50,67,gelu_p100_rt6_rs50_n15000_eta0.7_seed67.npz,0.9999999565520861,0.707276134670704,0.09142309759248227,7.736295895632216,1.2919934596336195e-05,0.9763123213611886,0.9853871353575797,0.9921999456724556,0.0,2900.0,8.29346999403344,0.9258579522100051,0.9853742154229834,280.0,0.0016071428571428571,0.07630255998436813,False
G2,gelu,100,6,50,15000,0.7,50,71,gelu_p100_rt6_rs50_n15000_eta0.7_seed71.npz,0.9999998371074985,0.6430199676575373,0.08786588954883101,7.318197891801714,7.805661313548865e-06,0.9768400616547417,0.990884286110278,0.9938857876420121,0.0,3000.0,7.859280257761431,0.92885662305266,0.9908764804489645,60.0,0.007500000000000001,0.08358007831015953,False
G2,gelu,100,6,50,15000,0.7,50,83,gelu_p100_rt6_rs50_n15000_eta0.7_seed83.npz,0.9999999150312501,0.6540049954958247,0.0901125939765577,7.257642540685939,0.0009786309365747915,0.9753515646686948,0.989547791131695,0.9939159011865651,0.0,2640.0,7.802381093194902,0.9249634383964844,0.9885691601951202,80.0,0.005625,0.07538895118737754,False
G2,gelu,100,6,50,15000,0.7,50,97,gelu_p100_rt6_rs50_n15000_eta0.7_seed97.npz,0.999999968126067,0.6985574764289674,0.08898380853099637,7.850388603963089,1.4825551841986545e-05,0.9761206727684195,0.988815431067857,0.9931291461876173,0.0,2620.0,8.364747499628615,0.9346577484694994,0.988800605516015,60.0,0.007500000000000001,0.06723863513549659,False
G2,gelu,100,6,50,15000,0.7,50,101,gelu_p100_rt6_rs50_n15000_eta0.7_seed101.npz,0.9999999481239107,0.678657360836733,0.08972358358911303,7.563868201526901,0.0013334426856183178,0.9794001614377135,0.9908411029247435,0.9934473005036605,0.0,3020.0,7.875573138982467,0.9321468088890544,0.9895076602391252,60.0,0.007500000000000001,0.08515019183533265,False
G2,gelu,100,6,50,15000,0.7,50,103,gelu_p100_rt6_rs50_n15000_eta0.7_seed103.npz,0.999999975789447,0.7050156137082159,0.09070799533669893,7.772364620023505,0.012216748746038196,0.9757422600799011,0.986620121278226,0.9916929623728071,0.0,2800.0,8.153201910619737,0.8965091832499719,0.9744033725321878,60.0,0.007500000000000001,0.09299736417417902,False
G2,gelu,100,6,50,15000,0.7,50,107,gelu_p100_rt6_rs50_n15000_eta0.7_seed107.npz,0.9999999055483726,0.6593426906295107,0.08816317989462305,7.478662763951905,0.0006656116844775899,0.9819266034900157,0.989878860720777,0.9936309395225087,0.0,2800.0,7.944068572364573,0.938923312272954,0.9892132490362995,80.0,0.005625,0.0764862104655329,False
G2,gelu,100,6,50,15000,0.7,50,109,gelu_p100_rt6_rs50_n15000_eta0.7_seed109.npz,0.9999999005679272,0.6456751999917453,0.08986206358483673,7.18518109015133,0.00041282972283834964,0.9818305338803061,0.9900525893683245,0.9941479230062583,0.0,2360.0,7.7557528098215265,0.9307232858888772,0.9896397596454861,40.0,0.01125,0.07233727087535234,False
G2,gelu,100,6,50,15000,0.7,50,113,gelu_p100_rt6_rs50_n15000_eta0.7_seed113.npz,0.9999999580996946,0.682369929369334,0.08937939724341133,7.634532682190755,0.000100124614611388,0.976655414274534,0.9901530599542665,0.9938456074874981,0.0,2980.0,8.15542975525352,0.9225665940019572,0.9900529353396551,40.0,0.01125,0.07718760927111837,False
G2,gelu,100,6,50,15000,0.7,50,127,gelu_p100_rt6_rs50_n15000_eta0.7_seed127.npz,0.9999998329852313,0.6518363426302922,0.08751139555759574,7.448588135030771,0.001760435047731714,0.977893288116519,0.9890830962404135,0.9937495768492832,0.0,3160.0,8.10034559484332,0.9472486053666397,0.9873226611926817,60.0,0.007500000000000001,0.08081935586329189,False
G2,gelu,100,6,50,15000,0.7,50,131,gelu_p100_rt6_rs50_n15000_eta0.7_seed131.npz,0.9999998482459425,0.6455820198673649,0.08949925523717292,7.213266950172638,0.007851919333691462,0.9760365486782564,0.9894279354700167,0.9935675821249123,0.0,3120.0,7.678328208513334,0.9237214486587026,0.9815760161363253,80.0,0.005625,0.08021748381802428,False
G2,gelu,100,6,50,15000,0.7,50,137,gelu_p100_rt6_rs50_n15000_eta0.7_seed137.npz,0.9999999582049126,0.7005120944416257,0.08885230883472041,7.884005532649589,0.0009043731096636423,0.9742529543677435,0.9870842135160166,0.9920024342785521,0.0,3180.0,8.296472046165066,0.9287404643782231,0.986179840406353,100.0,0.0045000000000000005,0.07048377334411536,False
G2,gelu,100,6,50,15000,0.7,50,139,gelu_p100_rt6_rs50_n15000_eta0.7_seed139.npz,0.9999999111208043,0.670686819244538,0.08910982702139686,7.526519146799535,0.0008684667389782712,0.9749156259911665,0.9890777614101343,0.9939345763547948,0.0,3920.0,7.745444442657238,0.9207990626599931,0.988209294671156,100.0,0.0045000000000000005,0.0808971472459719,False
G2,gelu,100,6,50,15000,0.7,50,149,gelu_p100_rt6_rs50_n15000_eta0.7_seed149.npz,0.9999999145764922,0.6619054816708814,0.08755319263626668,7.560038209237202,0.0006396950255267574,0.974306053609402,0.9887239661895323,0.993541850765117,0.0,2740.0,8.000700508153137,0.920139646026511,0.9880842711640055,60.0,0.007500000000000001,0.07323659515926341,False
G2,gelu,100,6,50,15000,0.7,50,151,gelu_p100_rt6_rs50_n15000_eta0.7_seed151.npz,0.9999999456502515,0.6813667439844896,0.08960139084626659,7.604421511196665,0.0003758946280008393,0.9787134263587635,0.9899502072252536,0.9930296366808616,0.0,2560.0,8.081188813785843,0.9422164219990973,0.9895743125972528,380.0,0.0016071428571428571,0.08450604828506231,False
G2,gelu,100,6,50,15000,0.7,50,157,gelu_p100_rt6_rs50_n15000_eta0.7_seed157.npz,0.9999998163592916,0.6479708034235726,0.08850885736344014,7.320971287233297,0.000651783630604938,0.9739568543293574,0.9894446310074642,0.9935410049509183,0.0,3320.0,7.782311834201967,0.9333277093039541,0.9887928473768592,120.0,0.0037500000000000003,0.07815067534482661,False
G2,gelu,100,6,50,15000,0.7,50,163,gelu_p100_rt6_rs50_n15000_eta0.7_seed163.npz,0.9999999001396473,0.6578238244546704,0.08946957410678671,7.352486373406925,0.00029114228491013865,0.9732190898960527,0.9891232768197051,0.9928326297062816,0.0,3420.0,7.760629113792987,0.9385254258849388,0.988832134534795,120.0,0.0037500000000000003,0.08059855423518918,False
G2,gelu,100,6,50,15000,0.7,50,167,gelu_p100_rt6_rs50_n15000_eta0.7_seed167.npz,0.999999564688609,0.5986487048937574,0.08834978086815687,6.775893488486547,7.995945327467395e-06,0.9853131245381314,0.993687027668567,0.9956268280726901,0.0,3080.0,7.458084075193228,0.9621396163305065,0.9936790317232395,340.0,0.0020454545454545456,0.06943676048459259,False
G2,gelu,100,6,50,15000,0.7,50,173,gelu_p100_rt6_rs50_n15000_eta0.7_seed173.npz,0.999999952546141,0.6703223304894146,0.0882240908693703,7.597951125185666,0.0024970288862007305,0.9780093831127606,0.9894215654936177,0.9930190688251375,0.0,3240.0,8.061760905655154,0.937852784456444,0.986924536607417,140.0,0.0032142857142857142,0.07583272517242737,False
G2,gelu,100,6,50,15000,0.7,50,179,gelu_p100_rt6_rs50_n15000_eta0.7_seed179.npz,0.9999999282883043,0.6751266084982604,0.08908191726983612,7.578716637331109,0.003073470151881409,0.9766823572564542,0.9901129759976925,0.9930637353093816,0.0,3020.0,7.977482719799798,0.9494253129707484,0.9870395058458111,220.0,0.0020454545454545456,0.07953347010245466,False
G2,gelu,100,6,50,15000,0.7,50,181,gelu_p100_rt6_rs50_n15000_eta0.7_seed181.npz,0.9999997844320371,0.6190745971537872,0.0876118093612677,7.066109028761526,0.0022781537647953037,0.9796154625492468,0.9916695722890477,0.9945988871380997,0.0,2680.0,7.6813578780143486,0.9497749466730787,0.9893914185242524,60.0,0.007500000000000001,0.07899804000779166,False
G2,gelu,100,6,50,15000,0.7,50,191,gelu_p100_rt6_rs50_n15000_eta0.7_seed191.npz,0.9999999090924914,0.6779210908637583,0.08898168128308574,7.618659044068009,0.0023655981788957676,0.9758737409747431,0.9894307157126985,0.9929631366185269,0.0,2860.0,8.02562015071093,0.9597349301918515,0.9870651175338027,280.0,0.0016071428571428571,0.09235959913931892,False
G2,gelu,100,6,50,15000,0.7,50,193,gelu_p100_rt6_rs50_n15000_eta0.7_seed193.npz,0.9999999723147421,0.727543996908483,0.09209032738809801,7.900330225153621,0.0023861914285316713,0.9759130094045918,0.9857153829780368,0.9916201007662783,0.0,2920.0,8.346370293551718,0.9284703024977636,0.9833291915495052,180.0,0.0025,0.08643559406521417,False
G2,gelu,100,6,50,15000,0.7,50,197,gelu_p100_rt6_rs50_n15000_eta0.7_seed197.npz,0.9999998670826464,0.6463344751162273,0.09020271715709963,7.165354830615055,0.00026519826739095336,0.9804595963549133,0.9905594158922452,0.9943491836343036,0.0,2260.0,7.950289438249718,0.9345428928024687,0.9902942176248543,40.0,0.01125,0.07713023288076797,False
G2,gelu,100,6,50,15000,0.7,50,199,gelu_p100_rt6_rs50_n15000_eta0.7_seed199.npz,0.9999998947492298,0.6606374217510316,0.08908685930073904,7.415655091407529,0.00020479640902840032,0.9771231583983606,0.9883337954769713,0.9933833266837703,0.0,3040.0,7.905049737520164,0.9345556255304016,0.9881289990679429,60.0,0.007500000000000001,0.0737253132543085,False
G2,gelu,100,6,50,15000,0.7,50,211,gelu_p100_rt6_rs50_n15000_eta0.7_seed211.npz,0.9999999055717954,0.6723071897970313,0.09011251214173745,7.4607529389432985,0.0009224067143920603,0.9738385804543096,0.988753653641579,0.993784590140307,0.0,3020.0,7.965762758851991,0.9231011327232272,0.9878312469271869,80.0,0.005625,0.09086757958410348,False
G2,gelu,100,6,50,15000,0.7,50,223,gelu_p100_rt6_rs50_n15000_eta0.7_seed223.npz,0.9999998325742927,0.6315266489816697,0.0892963864765627,7.072253132520925,0.004657420907620789,0.9787815359870454,0.9908221970954069,0.9939907117669669,0.0,2860.0,7.596397656231721,0.9417018665196997,0.9861647761877861,60.0,0.007500000000000001,0.08509366791560517,False
G2,gelu,100,6,50,15000,0.7,50,227,gelu_p100_rt6_rs50_n15000_eta0.7_seed227.npz,0.9999999656964502,0.7127619517887478,0.0863768336270945,8.251772169212396,0.002759947301096029,0.9727385209611332,0.9847554065522086,0.9909939373245608,0.0,3460.0,8.662636385065165,0.9465485017389125,0.9819954592511125,140.0,0.0032142857142857142,0.07596695404091498,False
G2,gelu,100,6,50,15000,0.7,50,229,gelu_p100_rt6_rs50_n15000_eta0.7_seed229.npz,0.9999999435266338,0.65503330371235,0.08884469461868864,7.372790311494442,0.0018311910776717796,0.9791320272496576,0.988478378226577,0.9934069349820654,0.0,2080.0,7.977642199831539,0.9282264954142428,0.9866471871489052,40.0,0.01125,0.08563936381199919,False
G2,gelu,100,6,50,15000,0.7,50,233,gelu_p100_rt6_rs50_n15000_eta0.7_seed233.npz,0.9999998462942542,0.642662268321078,0.08943560302631494,7.185754292191503,9.7934386486248e-05,0.9798664961976635,0.9915882164688923,0.9940537267604173,0.0,3140.0,7.749588123758122,0.9368515633217955,0.9914902820824061,120.0,0.0037500000000000003,0.08420618161673966,False
G2,gelu,100,6,50,15000,0.7,50,239,gelu_p100_rt6_rs50_n15000_eta0.7_seed239.npz,0.9999999032185751,0.6647128740225243,0.08879074765272602,7.486285357369852,0.0006155317973538599,0.9797956678820728,0.9919564347078266,0.9942605915763184,0.0,2280.0,7.965035260485273,0.9213562077132338,0.9913409029104727,60.0,0.007500000000000001,0.07298592000927631,False
G2,gelu,100,6,50,15000,0.7,50,241,gelu_p100_rt6_rs50_n15000_eta0.7_seed241.npz,0.9999997935114454,0.6079762813760666,0.08750355702248835,6.948017909944131,0.0008135466939335989,0.9825111539007416,0.9905726125056538,0.9946538878416297,0.0,2460.0,7.56320035977055,0.932874527784952,0.9897590658117201,40.0,0.01125,0.07921841781333668,False
G2,gelu,100,6,50,15000,0.7,50,251,gelu_p100_rt6_rs50_n15000_eta0.7_seed251.npz,0.99999971344276,0.5984394858661837,0.08678127903367838,6.8959514371059125,0.00027439101168194607,0.9795114251014563,0.9919871420094655,0.9951225921491212,0.0,2500.0,7.530024980572687,0.9341604469318324,0.9917127509977836,40.0,0.01125,0.07987547859892996,False
G2,gelu,100,6,50,15000,0.7,50,257,gelu_p100_rt6_rs50_n15000_eta0.7_seed257.npz,0.9999999776517892,0.689761148301892,0.08955007502617818,7.702518932566545,0.0004908147123101093,0.9719084728312453,0.9871769032659271,0.9924071361010386,0.0,3280.0,8.03439648683461,0.9456525616895524,0.986686088553617,60.0,0.007500000000000001,0.0960653342478619,False
G2,gelu,100,6,50,15000,0.7,50,263,gelu_p100_rt6_rs50_n15000_eta0.7_seed263.npz,0.9999999375650277,0.6599787034239557,0.08901001589773963,7.414656617769636,0.00018610074154662637,0.9752231384388776,0.9897105740170957,0.9934646428992394,0.0,2380.0,7.968325602979211,0.9400124409338773,0.989524473275549,60.0,0.007500000000000001,0.07990674987533121,False
G2,gelu,100,6,50,15000,0.7,50,269,gelu_p100_rt6_rs50_n15000_eta0.7_seed269.npz,0.9999999168245692,0.6578424439118926,0.08814285079431108,7.463367000087443,1.1655424118640303e-05,0.9780620679048087,0.9891062008458469,0.9926006103580819,0.0,3180.0,7.991699962129903,0.9349785641014462,0.9890945454217283,620.0,0.00075,0.08475710096051493,False
G2,gelu,100,6,50,15000,0.7,50,271,gelu_p100_rt6_rs50_n15000_eta0.7_seed271.npz,0.9999998593175435,0.6354862432090054,0.08692878160707926,7.310423906335448,1.0805102087142932e-06,0.9827007697414167,0.9882280434482197,0.9936244821867531,0.0,2980.0,7.703053503306839,0.9183346609322353,0.9882269629380109,40.0,0.01125,0.07724435318806006,False
G2,gelu,100,6,50,15000,0.7,50,277,gelu_p100_rt6_rs50_n15000_eta0.7_seed277.npz,0.9999999296431952,0.6853855017458994,0.08952099971795052,7.656142177872346,0.0006756456153122528,0.9745198935141116,0.9865058132161525,0.9920266564831529,0.0,3540.0,7.979603692120054,0.9196519496766834,0.9858301676008402,100.0,0.0045000000000000005,0.07782400883070842,False
G2,gelu,100,6,50,15000,0.7,50,281,gelu_p100_rt6_rs50_n15000_eta0.7_seed281.npz,0.9999999036887731,0.6417789107529469,0.08774257466168486,7.3143387144439105,0.0007097644899751838,0.9747957873445471,0.9899999250344994,0.9933947901619741,0.0,3120.0,7.623322861987136,0.9496121046940547,0.9892901605445242,80.0,0.005625,0.0777666197206568,False
G2,gelu,100,6,50,15000,0.7,50,283,gelu_p100_rt6_rs50_n15000_eta0.7_seed283.npz,0.9999999845350398,0.744006735876556,0.08796185459164442,8.458288417525361,2.8919931362439095e-05,0.9685024580378735,0.980414173317722,0.9890053893300622,0.0,2900.0,8.974569590562187,0.9199527099492426,0.9803852533863595,340.0,0.0032142857142857142,0.08891157194888595,False
G2,gelu,100,6,50,15000,0.7,50,293,gelu_p100_rt6_rs50_n15000_eta0.7_seed293.npz,0.9999999732941404,0.6930771016402679,0.08814000787889367,7.863365551232662,0.00031812379901078377,0.9783335160973766,0.9893337320589087,0.9929436335727004,0.0,2660.0,8.443595009104005,0.9311487615572176,0.989015608259898,40.0,0.01125,0.07166055758237759,False
G2,gelu,100,6,50,15000,0.7,50,307,gelu_p100_rt6_rs50_n15000_eta0.7_seed307.npz,0.9999999373538994,0.6638726386985968,0.08994483244682937,7.380886935233808,9.56499078857301e-06,0.9773833781307992,0.9898550320571674,0.9936230692863807,0.0,3420.0,7.787080540088353,0.92804443279013,0.9898454670663789,400.0,0.0018750000000000001,0.060638286913925754,False
G2,gelu,100,6,50,15000,0.7,50,311,gelu_p100_rt6_rs50_n15000_eta0.7_seed311.npz,0.9999998792392029,0.6513230418200622,0.09066229898313205,7.184056097466075,0.00037043094534790287,0.977242151429575,0.9910375162026384,0.9941006818816488,0.0,2760.0,7.822978784318547,0.9222898626442457,0.9906670852572904,40.0,0.01125,0.0745730092966745,False
G2,gelu,100,6,50,15000,0.7,50,313,gelu_p100_rt6_rs50_n15000_eta0.7_seed313.npz,0.9999996944109262,0.6189094777615567,0.08765630605306182,7.060638368526576,0.0015654749071965515,0.9816957385313303,0.9913479141371749,0.9945234012810499,0.0,2360.0,7.726019572141868,0.9305487668148917,0.9897824392299783,320.0,0.00140625,0.08522285059184831,False
G15,gelu,200,12,50,15000,0.7,50,5,gelu_p200_rt12_rs50_n15000_eta0.7_seed5.npz,0.9999999970593534,0.5473414943206245,0.2567192025480052,2.132062926684553,3.421646576312048e-05,0.8775261870127254,0.9129932295730246,0.9461563117614328,1678.0,5560.0,2.1317165809293668,0.04679897822015633,0.11332130411647667,440.0,0.0010227272727272728,0.7160996542251622,False
G15,gelu,200,12,50,15000,0.7,50,11,gelu_p200_rt12_rs50_n15000_eta0.7_seed11.npz,0.9999999970363094,0.5483727361248831,0.2817079504818186,1.9466001409863474,6.505499385472354e-05,0.8596398125667246,0.9106481519859047,0.949296857872535,2219.0,5340.0,1.9468107832346855,0.03550047085373775,0.1187405851137513,300.0,0.0022500000000000003,0.6982396088975661,False
G15,gelu,200,12,50,15000,0.7,50,23,gelu_p200_rt12_rs50_n15000_eta0.7_seed23.npz,0.9999999961518051,0.5420514031527857,0.28515510915130216,1.900900196970258,0.0009266973450539551,0.8842123464438951,0.9190404463802715,0.9500661988720308,2614.0,5220.0,1.9014924251562957,0.02693461703526856,0.06265606497430809,120.0,0.0037500000000000003,0.7407495999299809,False
G15,gelu,200,12,50,15000,0.7,50,37,gelu_p200_rt12_rs50_n15000_eta0.7_seed37.npz,0.9999999963501617,0.5334395097221367,0.27279784884754354,1.9554388422624842,0.0013715744811128073,0.892431939088579,0.9194380535972647,0.9506885602219836,2129.0,5600.0,1.954751579666685,0.03684994742994163,0.07001193404286887,340.0,0.0013235294117647058,0.6748794851262698,False
G15,gelu,200,12,50,15000,0.7,50,41,gelu_p200_rt12_rs50_n15000_eta0.7_seed41.npz,0.9999999960238188,0.5341684368079043,0.30842580417543897,1.7319187615834446,8.986981945249213e-06,0.8848150523029241,0.9160480178479319,0.949479011274236,2864.0,5280.0,1.734314991094144,0.024174602337929785,0.04205512492662511,220.0,0.0025,0.71548274910978,False
G15,gelu,200,12,50,15000,0.7,50,53,gelu_p200_rt12_rs50_n15000_eta0.7_seed53.npz,0.9999999963713915,0.5418966793887172,0.25196296802674334,2.150699698581104,0.0007470261641526062,0.8946676926225463,0.925004208066124,0.9497181529898308,2218.0,5340.0,2.159300973307147,0.03685870808932168,0.0638431750259395,440.0,0.0010227272727272728,0.7002252774007373,False
G15,gelu,200,12,50,15000,0.7,50,67,gelu_p200_rt12_rs50_n15000_eta0.7_seed67.npz,0.999999996555995,0.5336807133214957,0.2859653798578409,1.8662423877561651,4.061089096707679e-05,0.8679531340496426,0.9095482630493583,0.9511297773295375,1976.0,5320.0,1.8660024775712845,0.03814311509267343,0.11897565523369502,280.0,0.0016071428571428571,0.6689020912461465,False
G15,gelu,200,12,50,15000,0.7,50,71,gelu_p200_rt12_rs50_n15000_eta0.7_seed71.npz,0.9999999966139527,0.5438981459638089,0.2695948986133286,2.0174645320121756,0.00018359496536656843,0.8860344867410141,0.9180606133853857,0.9485015970449296,1634.0,5500.0,2.0086074685933997,0.05125669056728188,0.1447754297552326,300.0,0.0016071428571428571,0.7238039906739759,False
G15,gelu,200,12,50,15000,0.7,50,83,gelu_p200_rt12_rs50_n15000_eta0.7_seed83.npz,0.999999996749593,0.5533596424074719,0.2795670206213963,1.9793452073764426,0.0004172519402975574,0.8972086619604231,0.9243003546417026,0.9505107831543983,2124.0,5240.0,1.975108007364389,0.03426209765081234,0.06853695018669248,560.0,0.0009375000000000001,0.6385995160968626,False
G15,gelu,200,12,50,15000,0.7,50,97,gelu_p200_rt12_rs50_n15000_eta0.7_seed97.npz,0.9999999963558991,0.5313722068684699,0.28726070068526455,1.8497908192832289,0.0016925481823592498,0.8958510690420759,0.9214859301342806,0.9527723048124987,1697.0,5700.0,1.8514452842323692,0.04475833978961474,0.1342714383742114,600.0,0.0011842105263157896,0.7103560474370978,False
G15,gelu,200,12,50,15000,0.7,50,101,gelu_p200_rt12_rs50_n15000_eta0.7_seed101.npz,0.9999999968369089,0.5476199168086808,0.3126204628818109,1.7517084830614997,1.2246505076320517e-05,0.8871856310202714,0.9190684615631468,0.9484379145109769,2447.0,5380.0,1.7493562132575542,0.032973757272435344,0.07394189369020499,200.0,0.0022500000000000003,0.7110889094761186,False
G15,gelu,200,12,50,15000,0.7,50,103,gelu_p200_rt12_rs50_n15000_eta0.7_seed103.npz,0.9999999963994978,0.5235157914425405,0.2514248518775168,2.08219588291763,0.00010744370977640164,0.8878374320343758,0.9254383788610131,0.9520338027337236,1645.0,5520.0,2.0823877287862795,0.05149982722649016,0.14160901280012828,480.0,0.0009375000000000001,0.6757858365270711,False
G15,gelu,200,12,50,15000,0.7,50,107,gelu_p200_rt12_rs50_n15000_eta0.7_seed107.npz,0.999999996426896,0.532920002774726,0.2792966729233605,1.9080785932633006,0.0002269343012177607,0.8690608019897611,0.8969063191614514,0.9457941939659144,1437.0,5560.0,1.9058274768179235,0.05192593386809896,0.13075309654919254,220.0,0.0020454545454545456,0.7232479219752304,False
G15,gelu,200,12,50,15000,0.7,50,109,gelu_p200_rt12_rs50_n15000_eta0.7_seed109.npz,0.999999996482229,0.538142020553287,0.2938688260533542,1.831232076503355,0.0006167208219584892,0.8882438674334238,0.9228212461404944,0.950485009141453,1076.0,5360.0,1.8395631861919792,0.06078408644706834,0.21713056144852172,440.0,0.0010227272727272728,0.7117501321923464,False
G15,gelu,200,12,50,15000,0.7,50,113,gelu_p200_rt12_rs50_n15000_eta0.7_seed113.npz,0.9999999969967764,0.5406553414591102,0.3086856731158687,1.7514753308818742,5.326464972247655e-05,0.8840468673298839,0.9210351636631761,0.9492616718872261,1908.0,5300.0,1.7427328692917046,0.046200984156359426,0.14441657256385554,700.0,0.0008035714285714286,0.6678605256737363,False
G15,gelu,200,12,50,15000,0.7,50,127,gelu_p200_rt12_rs50_n15000_eta0.7_seed127.npz,0.9999999964155174,0.5405386690768281,0.27723453642417034,1.9497522785177135,0.0001404697279339751,0.886978066871324,0.9188262748983163,0.9494385654754844,1510.0,5360.0,1.9463530821487682,0.05233334102295728,0.10610171931186807,560.0,0.0025,0.7011383808231907,False
G15,gelu,200,12,50,15000,0.7,50,131,gelu_p200_rt12_rs50_n15000_eta0.7_seed131.npz,0.9999999964492453,0.5406466147462311,0.3222117272632249,1.6779234552954676,0.0001550013295300144,0.8871294655504526,0.9219677192832462,0.9506670370657662,2200.0,5360.0,1.6758862606909017,0.03517134720967363,0.07806461667405151,480.0,0.0013235294117647058,0.6843203495422207,False
G15,gelu,200,12,50,15000,0.7,50,137,gelu_p200_rt12_rs50_n15000_eta0.7_seed137.npz,0.9999999967719226,0.5448348309238699,0.3135972395597444,1.7373712590351793,0.0004276753866474198,0.8797426878665865,0.914995405388448,0.9501664117993108,1559.0,5520.0,1.7313773186085473,0.05208136721002177,0.09413893160490938,200.0,0.0022500000000000003,0.6850444097582762,False
G15,gelu,200,12,50,15000,0.7,50,139,gelu_p200_rt12_rs50_n15000_eta0.7_seed139.npz,0.9999999967143491,0.5343968017150617,0.29564876226685327,1.807539451941672,1.7944211740618525e-05,0.8929584925017757,0.9254191629081192,0.9517384069481142,1950.0,5380.0,1.8108540832544233,0.047364290170383794,0.11776417041778431,640.0,0.000703125,0.7218078814401174,False
G15,gelu,200,12,50,15000,0.7,50,149,gelu_p200_rt12_rs50_n15000_eta0.7_seed149.npz,0.9999999968254838,0.5429216315223656,0.2846802744151092,1.9071276808265942,0.0013238127425685814,0.8656788939179928,0.9203341734539924,0.9510053784673077,1263.0,5540.0,1.9024856878902272,0.07369466225930765,0.292900797089619,860.0,0.0005921052631578948,0.6582971221776871,False
G15,gelu,200,12,50,15000,0.7,50,151,gelu_p200_rt12_rs50_n15000_eta0.7_seed151.npz,0.9999999964172344,0.5287388558932368,0.28554964131570665,1.8516530206692068,0.00012849428994590875,0.8887720874043102,0.9210612546769791,0.9528382213515422,2346.0,5160.0,1.8543918194341313,0.02859998211198811,0.06819523303529973,620.0,0.00075,0.6444928766790213,False
G15,gelu,200,12,50,15000,0.7,50,157,gelu_p200_rt12_rs50_n15000_eta0.7_seed157.npz,0.9999999966454023,0.5469166754475481,0.2977789140805052,1.8366534686861269,0.00041222308709204785,0.8997587225634807,0.9266103154346723,0.951122249365881,2035.0,5060.0,1.831835123647384,0.034063151211633946,0.07230405320471611,180.0,0.0025,0.68092418752806,False
G15,gelu,200,12,50,15000,0.7,50,163,gelu_p200_rt12_rs50_n15000_eta0.7_seed163.npz,0.9999999969640129,0.5335828743221444,0.2967265614370373,1.7982309090834991,5.0035434899501644e-06,0.8857180846067898,0.9209833741052453,0.9512148870959506,2032.0,5460.0,1.7986990934830396,0.0420148018966543,0.11347846630562652,880.0,0.000703125,0.7692991393947589,False
G15,gelu,200,12,50,15000,0.7,50,167,gelu_p200_rt12_rs50_n15000_eta0.7_seed167.npz,0.9999999965153683,0.538191527512425,0.30253865715123535,1.7789182135603574,1.3107838312477677e-05,0.8844666698585021,0.9201578212729999,0.953383524389671,2168.0,5300.0,1.7757378313952608,0.03451122449159971,0.08505732092658791,480.0,0.0010227272727272728,0.7306707165322761,False
G15,gelu,200,12,50,15000,0.7,50,173,gelu_p200_rt12_rs50_n15000_eta0.7_seed173.npz,0.9999999966537854,0.5333803266113932,0.27136680434945465,1.9655326961971689,1.2194591697822162e-08,0.8503293270478516,0.9094282030714912,0.9500586145900436,1710.0,5520.0,1.965142745429097,0.04886280901543416,0.17611267375126372,580.0,0.0007758620689655172,0.7252557684486896,False
G15,gelu,200,12,50,15000,0.7,50,179,gelu_p200_rt12_rs50_n15000_eta0.7_seed179.npz,0.9999999965910524,0.5224519047683112,0.2854589088030995,1.8302175502558302,9.117854915092317e-05,0.8734115273373975,0.9098338978674022,0.9514676176906005,1460.0,5260.0,1.826655459699585,0.056037731407497904,0.13668962724104072,480.0,0.0009375000000000001,0.6665842357996199,False
G15,gelu,200,12,50,15000,0.7,50,181,gelu_p200_rt12_rs50_n15000_eta0.7_seed181.npz,0.9999999965896196,0.5376836982701382,0.26984490494756974,1.992565686480569,8.696027546670078e-05,0.8989269286715658,0.9259320622180226,0.9530786740293414,2439.0,4920.0,1.9911597418203393,0.028269641394946365,0.06772759187914423,640.0,0.000703125,0.6495126934654027,False
G15,gelu,200,12,50,15000,0.7,50,191,gelu_p200_rt12_rs50_n15000_eta0.7_seed191.npz,0.9999999966781464,0.5390360919055246,0.30182882441211173,1.785899981406462,2.177967579951138e-05,0.8843466800399785,0.9211642135844483,0.9540753686914565,1804.0,5420.0,1.784135410340608,0.038528651545526094,0.08406760758574283,460.0,0.0020454545454545456,0.6924925856268045,False
G15,gelu,200,12,50,15000,0.7,50,193,gelu_p200_rt12_rs50_n15000_eta0.7_seed193.npz,0.9999999971943999,0.5560948224993226,0.3178229044321921,1.749700272523833,1.9134036570562284e-06,0.8662637760029229,0.9048732221107193,0.9478990476924999,2448.0,5540.0,1.7496615941432039,0.03475936179445516,0.09828330922586115,660.0,0.000703125,0.6895427033118943,False
G15,gelu,200,12,50,15000,0.7,50,197,gelu_p200_rt12_rs50_n15000_eta0.7_seed197.npz,0.9999999967577261,0.5479956866255312,0.26690805593213507,2.053125315801133,3.9327883672450634e-05,0.8826002032903084,0.9190094299738859,0.9498369747109136,2378.0,5520.0,2.0500070019022005,0.03579670742051344,0.06264919520604151,620.0,0.0008333333333333334,0.7124145483859784,False
G15,gelu,200,12,50,15000,0.7,50,199,gelu_p200_rt12_rs50_n15000_eta0.7_seed199.npz,0.9999999968134806,0.5478454279066919,0.28963140697514533,1.891526314871319,9.813064318315781e-05,0.8887277107692917,0.9176575597162888,0.9497292780843264,1982.0,5220.0,1.890325798406172,0.04009134471200537,0.08422556670661263,340.0,0.0013235294117647058,0.7217603008441466,False
G15,gelu,200,12,50,15000,0.7,50,211,gelu_p200_rt12_rs50_n15000_eta0.7_seed211.npz,0.9999999965525062,0.5402497708965879,0.2793241792347521,1.9341317761200556,0.0015186325484292781,0.890258404032834,0.9176685948168851,0.9496640351323794,1904.0,5280.0,1.9405971708277592,0.04335467274702909,0.09400003651480959,260.0,0.0017307692307692308,0.6887591897657177,False
G15,gelu,200,12,50,15000,0.7,50,223,gelu_p200_rt12_rs50_n15000_eta0.7_seed223.npz,0.9999999968366534,0.5444082888389492,0.3069986334390083,1.7733247954248867,0.0004917558299957077,0.8842797908517569,0.9182594494080585,0.9489834669620899,1804.0,5400.0,1.773653760159985,0.049292600214954074,0.13034917118947742,620.0,0.0007758620689655172,0.7124452677068157,False
G15,gelu,200,12,50,15000,0.7,50,227,gelu_p200_rt12_rs50_n15000_eta0.7_seed227.npz,0.9999999962600326,0.5234536592007447,0.26074791044760326,2.0075085483990165,6.136465753774173e-05,0.8796658775467355,0.9226386987029296,0.9519450166325627,1978.0,5520.0,2.00538587207392,0.048950490040835515,0.1308001828201486,640.0,0.000703125,0.7182113474301665,False
G15,gelu,200,12,50,15000,0.7,50,229,gelu_p200_rt12_rs50_n15000_eta0.7_seed229.npz,0.999999996948806,0.533580164972808,0.29887654868622227,1.7852861568372536,3.4646671003316184e-05,0.8681795610708967,0.9151288127295111,0.947176710056734,1187.0,5640.0,1.7905217570790448,0.07055456484862166,0.3016136638448951,840.0,0.0005357142857142857,0.7683789666079339,False
G15,gelu,200,12,50,15000,0.7,50,233,gelu_p200_rt12_rs50_n15000_eta0.7_seed233.npz,0.9999999971380338,0.5437186297214489,0.30196639846993334,1.8005931536637072,0.0008912320607307752,0.8819777348064526,0.9216202002943767,0.9470739046088048,1526.0,5380.0,1.8078357974170918,0.05404891772468745,0.1618120881352434,540.0,0.0008333333333333334,0.7323971717293588,False
G15,gelu,200,12,50,15000,0.7,50,239,gelu_p200_rt12_rs50_n15000_eta0.7_seed239.npz,0.999999996541643,0.5399539414772905,0.29094561817776216,1.855858647602622,0.0013122855929036529,0.8877602107676954,0.9251955452699232,0.9544462420615143,2528.0,5280.0,1.8587860920858283,0.027290159431702876,0.07980387568796243,340.0,0.0013235294117647058,0.6693354461088276,False
G15,gelu,200,12,50,15000,0.7,50,241,gelu_p200_rt12_rs50_n15000_eta0.7_seed241.npz,0.9999999963468228,0.535371984811671,0.275893939547366,1.94049925739582,0.0003968822585559774,0.8974935003401849,0.9277608085952286,0.9554246218450645,2134.0,5080.0,1.9396130619698935,0.031215731989914675,0.06289030240881255,220.0,0.0020454545454545456,0.6261717728380598,False
G15,gelu,200,12,50,15000,0.7,50,251,gelu_p200_rt12_rs50_n15000_eta0.7_seed251.npz,0.9999999964375963,0.5422501462932734,0.263391589601398,2.0587223271399218,1.9615445156490874e-05,0.8950823371549453,0.9266043017387143,0.9539228469117801,2196.0,5060.0,2.0563868086199495,0.0329664624927839,0.06395006644761714,580.0,0.0008035714285714286,0.7057849058258743,False
G15,gelu,200,12,50,15000,0.7,50,257,gelu_p200_rt12_rs50_n15000_eta0.7_seed257.npz,0.9999999968196904,0.5485846364986938,0.27764112050937906,1.9758767559078554,6.423378109572988e-05,0.8656771419042193,0.9191048519691398,0.9500014883732956,1871.0,5500.0,1.9721669043421768,0.04443298911970073,0.10191017746024511,420.0,0.0010714285714285715,0.7246901393860843,False
G15,gelu,200,12,50,15000,0.7,50,263,gelu_p200_rt12_rs50_n15000_eta0.7_seed263.npz,0.9999999966027949,0.5408387446008935,0.30188934303667736,1.7915132053375782,0.00023289232335212685,0.8844867920124655,0.915106574860235,0.9495721776574958,2308.0,5340.0,1.7854537036562963,0.029175478872619953,0.05897914579644459,640.0,0.00140625,0.7161465784086236,False
G15,gelu,200,12,50,15000,0.7,50,269,gelu_p200_rt12_rs50_n15000_eta0.7_seed269.npz,0.9999999967637989,0.551152213193705,0.2885908503975881,1.90980487577617,0.0002964687971901883,0.8741921438893157,0.9156534212120102,0.950254978777057,1872.0,5260.0,1.9087712799525771,0.041638030922542035,0.10644044167717326,660.0,0.0018750000000000001,0.6685587883192878,False
G15,gelu,200,12,50,15000,0.7,50,271,gelu_p200_rt12_rs50_n15000_eta0.7_seed271.npz,0.9999999969876238,0.5478902535767712,0.31122144239048494,1.7604514951426176,0.00025079094361388595,0.8945334724268447,0.9261025434337206,0.9519579271201236,1731.0,5200.0,1.7591143017637894,0.044231514308922026,0.08714313106753557,240.0,0.0018750000000000001,0.6546574795446817,False
G15,gelu,200,12,50,15000,0.7,50,277,gelu_p200_rt12_rs50_n15000_eta0.7_seed277.npz,0.9999999961449041,0.5259223111897415,0.25010666038446167,2.1027921063009622,0.0003718985866399902,0.8772374426817061,0.9232559658280128,0.953775452634236,1518.0,5460.0,2.102098142247666,0.05672891921921841,0.16052341302440543,560.0,0.0008035714285714286,0.7116739829801179,False
G15,gelu,200,12,50,15000,0.7,50,281,gelu_p200_rt12_rs50_n15000_eta0.7_seed281.npz,0.9999999967600309,0.5571471704427703,0.29359475544032243,1.8976741243459265,0.0006808553650136686,0.8763092859098377,0.911782159707138,0.9488117217474182,1986.0,5280.0,1.8978442168307832,0.04393111984580356,0.10444877442970968,800.0,0.0009782608695652175,0.7169365866641751,False
G15,gelu,200,12,50,15000,0.7,50,283,gelu_p200_rt12_rs50_n15000_eta0.7_seed283.npz,0.9999999968332562,0.5343652258802692,0.30880625420144786,1.7304222910319664,1.6800152414448377e-05,0.9001781952835436,0.9252353237382883,0.9537062032109942,1211.0,4960.0,1.729529283511028,0.05093946935244231,0.11446358793915656,120.0,0.0037500000000000003,0.6745702006909048,False
G15,gelu,200,12,50,15000,0.7,50,293,gelu_p200_rt12_rs50_n15000_eta0.7_seed293.npz,0.9999999963655661,0.5370748740149885,0.28792656215445755,1.8653189549315563,0.00018878502736320357,0.8939887969931013,0.9237182362685706,0.9530084442659462,2066.0,5320.0,1.8632005374624108,0.04368794608674964,0.10265756927279157,840.0,0.0010714285714285715,0.6717955430745962,False
G15,gelu,200,12,50,15000,0.7,50,307,gelu_p200_rt12_rs50_n15000_eta0.7_seed307.npz,0.99999999659609,0.5350088267190185,0.301511063278485,1.774425193230365,0.00045741399215840203,0.8982191457948215,0.9222455144958136,0.9554017644993699,2086.0,5200.0,1.7735478107067493,0.03362367533675925,0.06326982895887567,140.0,0.0032142857142857142,0.6533840833605906,False
G15,gelu,200,12,50,15000,0.7,50,311,gelu_p200_rt12_rs50_n15000_eta0.7_seed311.npz,0.9999999963369917,0.5410458215398619,0.2809189791300129,1.9259852901909449,0.0005124600718429013,0.8977020197895696,0.9227650587780377,0.9510732273821866,2320.0,5340.0,1.9249280772898327,0.037086063502481115,0.09479869264012875,840.0,0.0005357142857142857,0.6560117504555718,False
G15,gelu,200,12,50,15000,0.7,50,313,gelu_p200_rt12_rs50_n15000_eta0.7_seed313.npz,0.9999999964707611,0.5389924609505304,0.2935256286954926,1.8362705271970934,0.00011159635722415327,0.8884598392854809,0.9114881371738774,0.9489768612016177,2426.0,5440.0,1.8317526190179074,0.028504335447144813,0.05024822805007234,440.0,0.0011250000000000001,0.6916445377543988,False
G4,gelu,100,8,30,15000,0.7,30,5,gelu_p100_rt8_rs30_n15000_eta0.7_seed5.npz,0.9999999974004778,0.42038870324449223,0.13599051162862058,3.0913090789197177,0.0022397076511359803,0.9650735505978415,0.9803828326168513,0.9877053859415217,2259.0,3500.0,3.1160391712681186,0.015057024383830608,0.02783165892621353,60.0,0.007500000000000001,0.1760389484361193,False
G4,gelu,100,8,30,15000,0.7,30,11,gelu_p100_rt8_rs30_n15000_eta0.7_seed11.npz,0.9999999977798593,0.4226940672636441,0.14426842243133747,2.929913976600246,7.853287801225223e-05,0.9640606338113112,0.9725738985687343,0.9850691812614627,842.0,3140.0,2.932677240376787,0.040134529091272464,0.1149277592237018,300.0,0.0016071428571428571,0.1783893146915948,False
G4,gelu,100,8,30,15000,0.7,30,23,gelu_p100_rt8_rs30_n15000_eta0.7_seed23.npz,0.9999999975106436,0.4195806842276776,0.1438584482392007,2.9166217859518384,0.0025359243747311785,0.9556696102483004,0.976923582388492,0.9865705382953073,1816.0,3280.0,2.9258410634634084,0.020326648281631554,0.059699494618521864,520.0,0.0010227272727272728,0.21583751529304895,False
G4,gelu,100,8,30,15000,0.7,30,37,gelu_p100_rt8_rs30_n15000_eta0.7_seed37.npz,0.9999999964788717,0.4075879916751282,0.13172054515334053,3.094338785195891,0.004171350897007287,0.9709285413592912,0.9787611545599818,0.9875712360084802,5705.0,2340.0,3.1228248792079287,0.0031193244174376744,0.005154994707753491,60.0,0.007500000000000001,0.18693952351455853,False
G4,gelu,100,8,30,15000,0.7,30,41,gelu_p100_rt8_rs30_n15000_eta0.7_seed41.npz,0.9999999969990047,0.4193746104223152,0.13757859745801382,3.0482547298121703,5.658650755287496e-08,0.9556315520555567,0.9742508967993676,0.9856730325528706,0.0,3580.0,3.095305965888724,0.889040921805726,0.97425084021286,420.0,0.00125,0.19329113249735078,False
G4,gelu,100,8,30,15000,0.7,30,53,gelu_p100_rt8_rs30_n15000_eta0.7_seed53.npz,0.9999999963293865,0.41611671994333493,0.13334930725351832,3.1205015497548154,0.00016796051236273501,0.9670148274273574,0.9794659727223259,0.9877086217188025,3416.0,3140.0,3.202031874811669,0.009117828335860834,0.0184649941520747,60.0,0.007500000000000001,0.1880613082111736,False
G4,gelu,100,8,30,15000,0.7,30,67,gelu_p100_rt8_rs30_n15000_eta0.7_seed67.npz,0.9999999959816134,0.418332911061066,0.1418641703148081,2.9488271078789756,0.0008527285134269232,0.9668196996229826,0.9799748540870039,0.9875324255388651,4213.0,3360.0,3.030656888396003,0.006178741266108068,0.01033666119803911,480.0,0.00125,0.1756895950985736,False
G4,gelu,100,8,30,15000,0.7,30,71,gelu_p100_rt8_rs30_n15000_eta0.7_seed71.npz,0.9999999948267664,0.40636184896053007,0.1262935482660122,3.2175978467610222,2.1932926303667836e-05,0.9667665630924203,0.9778334418537037,0.9882637827544809,7979.0,3380.0,3.3071049869712925,9.598298104895875e-05,-7.249452083291086e-05,80.0,0.005625,0.18002316575317817,False
G4,gelu,100,8,30,15000,0.7,30,83,gelu_p100_rt8_rs30_n15000_eta0.7_seed83.npz,0.9999999968485124,0.41881960187834577,0.1379804123429999,3.035355488264661,0.00019325828275331693,0.9617842893792528,0.9754340772096404,0.9865152816468696,6261.0,3740.0,3.052644509678131,0.002120534926399964,0.004571348094429939,180.0,0.0025,0.1823436308114863,False
G4,gelu,100,8,30,15000,0.7,30,97,gelu_p100_rt8_rs30_n15000_eta0.7_seed97.npz,0.999999996368357,0.40693807967989276,0.12787103276569084,3.182410205644938,0.0014544850354473824,0.9679917043356192,0.9823886871414838,0.9900813078004129,2795.0,2820.0,3.233756490961976,0.009926562911940051,0.022345206125728323,80.0,0.005625,0.17293497477736733,False
G4,gelu,100,8,30,15000,0.7,30,101,gelu_p100_rt8_rs30_n15000_eta0.7_seed101.npz,0.9999999971242644,0.4217980429774961,0.14625014572061634,2.884086309105378,0.0015167050367338561,0.9631160614217497,0.974919266148772,0.9866609136101605,831.0,3160.0,2.9044919727578558,0.03703820113431211,0.12195649318877422,100.0,0.0045000000000000005,0.1646436935136945,False
G4,gelu,100,8,30,15000,0.7,30,103,gelu_p100_rt8_rs30_n15000_eta0.7_seed103.npz,0.9999999960853561,0.4069521646205434,0.1293375332406697,3.1464351795181664,0.0012805601394052899,0.9630532475781017,0.9781232294474593,0.9882726693856273,5085.0,2940.0,3.2230240502120657,0.00430414850566696,0.007634602171316285,220.0,0.0025,0.1841516325324395,False
G4,gelu,100,8,30,15000,0.7,30,107,gelu_p100_rt8_rs30_n15000_eta0.7_seed107.npz,0.9999999974603685,0.42113886006509865,0.14941805885459372,2.8185271800039255,0.007620233200299065,0.9620626160367984,0.9757106409474001,0.9861533633139474,1203.0,3000.0,2.8545182443239514,0.022513843989246718,0.05817380193821009,120.0,0.0037500000000000003,0.18677872726817768,False
G4,gelu,100,8,30,15000,0.7,30,109,gelu_p100_rt8_rs30_n15000_eta0.7_seed109.npz,0.9999999972652784,0.41914198793539137,0.15313885696494514,2.7370061148578166,0.00024740973357044736,0.9684556804162512,0.9782427488725454,0.9869676798038332,7307.0,3100.0,2.683606490633536,0.0009208281061442447,0.0008968293214265399,240.0,0.0018750000000000001,0.1941537315783739,False
G4,gelu,100,8,30,15000,0.7,30,113,gelu_p100_rt8_rs30_n15000_eta0.7_seed113.npz,0.9999999973057108,0.42204699345413904,0.13444382661193396,3.1392069393588344,0.0003529475086881592,0.9557456473956434,0.9700064037124563,0.9839321266753799,878.0,3320.0,3.1850158707713403,0.03280023820780387,0.06482660836552956,60.0,0.007500000000000001,0.170321095863518,False
G4,gelu,100,8,30,15000,0.7,30,127,gelu_p100_rt8_rs30_n15000_eta0.7_seed127.npz,0.999999997636419,0.4273201943952057,0.14642863343809628,2.918283018572718,0.0010094785431759281,0.9636485576850045,0.9782857692278025,0.9868574087389531,1706.0,3300.0,2.934961761058977,0.02044876170892973,0.04529107609091043,200.0,0.0025,0.20398541033705767,False
G4,gelu,100,8,30,15000,0.7,30,131,gelu_p100_rt8_rs30_n15000_eta0.7_seed131.npz,0.9999999965677333,0.4193773445508926,0.13742998320664784,3.051570951007773,0.0013089527546348313,0.9609218890644976,0.9791283409913402,0.9872123323010135,1376.0,3440.0,3.107791451156217,0.025441916710751022,0.0640654501224025,100.0,0.0045000000000000005,0.19372559616060595,False
G4,gelu,100,8,30,15000,0.7,30,137,gelu_p100_rt8_rs30_n15000_eta0.7_seed137.npz,0.9999999966068239,0.41376639542847793,0.13476440970073783,3.0702942738910135,0.0008250625629910971,0.9564317600719163,0.973915080817763,0.985815705243219,6995.0,3000.0,3.1328929191967503,0.0017108322272774146,0.001112507467741164,160.0,0.0028125,0.19882471113461522,False
G4,gelu,100,8,30,15000,0.7,30,139,gelu_p100_rt8_rs30_n15000_eta0.7_seed139.npz,0.9999999972744175,0.42674528155292485,0.13581317115010297,3.142149453835217,8.313072996636579e-06,0.9554776867612942,0.9760660978677171,0.986973495510217,1167.0,3620.0,3.1363101480867965,0.036754074508490886,0.10314327568109383,120.0,0.0037500000000000003,0.18285888505310766,False
G4,gelu,100,8,30,15000,0.7,30,149,gelu_p100_rt8_rs30_n15000_eta0.7_seed149.npz,0.9999999972464566,0.41953070601904724,0.15764330496260173,2.6612656092091824,1.192338454297207e-07,0.974685506556182,0.9806541412775812,0.9886242594363495,2435.0,2380.0,2.677275925190118,0.009730711885143184,0.01853513967741105,100.0,0.0045000000000000005,0.20482474760417912,False
G4,gelu,100,8,30,15000,0.7,30,151,gelu_p100_rt8_rs30_n15000_eta0.7_seed151.npz,0.9999999970698739,0.4154996109594285,0.1334036467268643,3.114604594056849,0.0034911333862200702,0.9595643462576198,0.9760879163590619,0.9866574655023945,707.0,3620.0,3.1783278083827007,0.041913954509664064,0.14017938016108533,100.0,0.0045000000000000005,0.17844847179178266,False
G4,gelu,100,8,30,15000,0.7,30,157,gelu_p100_rt8_rs30_n15000_eta0.7_seed157.npz,0.9999999965506239,0.42173776172424216,0.14301121524068797,2.948983833292076,7.123956646900589e-06,0.95956992857368,0.975509169665931,0.9872527476361641,3443.0,3180.0,2.9686042693897607,0.008937886941554174,0.01611426308967856,80.0,0.005625,0.20055599460168547,False
G4,gelu,100,8,30,15000,0.7,30,163,gelu_p100_rt8_rs30_n15000_eta0.7_seed163.npz,0.9999999958401754,0.4167291192155204,0.13125007085051626,3.1750772895973736,0.0003389544856740178,0.9654341126507541,0.975118370934874,0.9872759738289374,0.0,3480.0,3.2102648877765194,0.908716759807735,0.9747794164492,120.0,0.0037500000000000003,0.2000475172581863,False
G4,gelu,100,8,30,15000,0.7,30,167,gelu_p100_rt8_rs30_n15000_eta0.7_seed167.npz,0.9999999969624769,0.4224311372211287,0.13962243656677545,3.025524748088019,0.00018336674277107925,0.9626286367717425,0.9740268659487403,0.9860804547752827,2563.0,2760.0,3.0908015097815134,0.010396311068726405,0.02026115320294275,100.0,0.0045000000000000005,0.19333531178098196,False
G4,gelu,100,8,30,15000,0.7,30,173,gelu_p100_rt8_rs30_n15000_eta0.7_seed173.npz,0.9999999969464204,0.4149876729400099,0.13550679162757567,3.0624861525801172,0.001638602087267476,0.9651046381111127,0.9758834307631996,0.9868488212397175,0.0,2540.0,3.1248907099232315,0.882048714277559,0.9742448286759321,100.0,0.0045000000000000005,0.1685880244331928,False
G4,gelu,100,8,30,15000,0.7,30,179,gelu_p100_rt8_rs30_n15000_eta0.7_seed179.npz,0.9999999971656284,0.41453574435232743,0.13342955465094306,3.106776047006746,0.0007980005003967557,0.9603617624292878,0.9756830100568284,0.9866455830815691,1397.0,3300.0,3.118249479956203,0.021488342556174156,0.049830146382181084,80.0,0.005625,0.2102921176304296,False
G4,gelu,100,8,30,15000,0.7,30,181,gelu_p100_rt8_rs30_n15000_eta0.7_seed181.npz,0.9999999960760517,0.4127984748023268,0.13405715009962044,3.0792723438889187,0.0006624831601580799,0.9649370388584272,0.9778818874094714,0.9877270735942517,1357.0,2940.0,3.1225958738954267,0.020731073312830972,0.04944341809097885,80.0,0.005625,0.15909390962458403,False
G4,gelu,100,8,30,15000,0.7,30,191,gelu_p100_rt8_rs30_n15000_eta0.7_seed191.npz,0.9999999962485343,0.40861016242450054,0.13407358879477274,3.047655888811648,0.0001449098458842599,0.9623522203106932,0.9798124757047358,0.987590150749648,7261.0,3240.0,3.06939143780215,0.0011696548182610345,0.0026607956809509004,60.0,0.007500000000000001,0.19315511429445922,False
G4,gelu,100,8,30,15000,0.7,30,193,gelu_p100_rt8_rs30_n15000_eta0.7_seed193.npz,0.9999999943669029,0.4138809142351342,0.12396640887371148,3.338653736890675,0.0030457606710685486,0.9665147095921703,0.9765956604107582,0.9877665465971223,6337.0,2820.0,3.444143576653058,0.0017417113414257557,0.0039093975351324195,160.0,0.0028125,0.16804818687247716,False
G4,gelu,100,8,30,15000,0.7,30,197,gelu_p100_rt8_rs30_n15000_eta0.7_seed197.npz,0.9999999964265397,0.4127071347034185,0.13591895465840004,3.036420753386897,0.0002979499428857287,0.9557141730508547,0.9739409563021099,0.9862440159992787,4309.0,3300.0,3.047703143586662,0.006484372223943602,0.01624760380172785,500.0,0.0022500000000000003,0.18286011607778735,False
G4,gelu,100,8,30,15000,0.7,30,199,gelu_p100_rt8_rs30_n15000_eta0.7_seed199.npz,0.9999999968174442,0.4246222394901145,0.1488132209232162,2.853390558015062,0.0006377218895051595,0.9611159476474165,0.9764901427266154,0.9868328345378562,3051.0,2900.0,2.8459923337531032,0.009017365781936793,0.022793862460411818,240.0,0.0032142857142857142,0.18829097404422424,False
G4,gelu,100,8,30,15000,0.7,30,211,gelu_p100_rt8_rs30_n15000_eta0.7_seed211.npz,0.9999999968050685,0.4206274909006702,0.13881517015362152,3.030126249423443,0.0001729072632953937,0.9618970620516581,0.9761417560261044,0.98687427405555,6579.0,3560.0,3.0509666465938183,0.001976237351617227,0.0028983127980215517,240.0,0.0018750000000000001,0.18390390775061138,False
G4,gelu,100,8,30,15000,0.7,30,223,gelu_p100_rt8_rs30_n15000_eta0.7_seed223.npz,0.999999997096679,0.4191397478750367,0.12871251974700662,3.256402319672437,0.0006461764952303467,0.9530780241634497,0.9734299308498703,0.9856127095770413,3181.0,3720.0,3.2987492917819625,0.012185184756297263,0.029901486423081214,220.0,0.0020454545454545456,0.19080028413937875,False
G4,gelu,100,8,30,15000,0.7,30,227,gelu_p100_rt8_rs30_n15000_eta0.7_seed227.npz,0.9999999967308739,0.4159987191509212,0.13414593958149312,3.101090651336514,0.006145226110852816,0.9512170486918929,0.967424212568906,0.9854857187908279,2266.0,3540.0,3.1299355963967113,0.01605100576057128,0.03758973463483184,120.0,0.0037500000000000003,0.19398426872235405,False
G4,gelu,100,8,30,15000,0.7,30,229,gelu_p100_rt8_rs30_n15000_eta0.7_seed229.npz,0.999999997343509,0.41217739652901497,0.1420484412002404,2.90166786095163,7.122160847948402e-05,0.9666512297426081,0.9799988198312514,0.9876659802529288,2733.0,2840.0,2.9182587054868896,0.01017454678321783,0.025919962066971114,120.0,0.0037500000000000003,0.16979852941296777,False
G4,gelu,100,8,30,15000,0.7,30,233,gelu_p100_rt8_rs30_n15000_eta0.7_seed233.npz,0.9999999972882718,0.42477708496489486,0.14587508397623117,2.911923499109059,0.000543586754818204,0.9569784176926135,0.975004614590361,0.9852189159034636,2475.0,3480.0,2.9325608405851384,0.013614686453217617,0.03583372151822706,100.0,0.0045000000000000005,0.1935110469270672,False
G4,gelu,100,8,30,15000,0.7,30,239,gelu_p100_rt8_rs30_n15000_eta0.7_seed239.npz,0.9999999965813768,0.4184065303686936,0.13813874458675937,3.028886150806947,5.576868759476166e-05,0.9596496830153548,0.975113986214329,0.9869756464543875,2147.0,3200.0,3.0631732860549663,0.015284788254705028,0.04034566720170152,120.0,0.0037500000000000003,0.1810433082486069,False
G4,gelu,100,8,30,15000,0.7,30,241,gelu_p100_rt8_rs30_n15000_eta0.7_seed241.npz,0.9999999968682554,0.41556553400912133,0.14365234687739142,2.892855863773742,0.0014536456292635555,0.9643320638244354,0.9749101269959013,0.9853214680955669,1786.0,3140.0,2.906474201772597,0.01883358612938557,0.03669032558293717,60.0,0.007500000000000001,0.2045110132976411,False
G4,gelu,100,8,30,15000,0.7,30,251,gelu_p100_rt8_rs30_n15000_eta0.7_seed251.npz,0.9999999968571549,0.42353978901163436,0.14947828205698646,2.833453684262747,4.8649050357638945e-05,0.9624823029207167,0.9746622888368812,0.9870263608396838,2335.0,3560.0,2.853809027007807,0.016382139298527165,0.036522557702237,120.0,0.0037500000000000003,0.16968192774002644,False
G4,gelu,100,8,30,15000,0.7,30,257,gelu_p100_rt8_rs30_n15000_eta0.7_seed257.npz,0.9999999973341558,0.4219460075999701,0.13684670976888422,3.0833478445523492,8.679474301176668e-05,0.9472377355428235,0.9702886027363962,0.9853391230712547,1019.0,3360.0,3.109482354395579,0.02646911711786082,0.05886480678836159,80.0,0.005625,0.22783234046457904,False
G4,gelu,100,8,30,15000,0.7,30,263,gelu_p100_rt8_rs30_n15000_eta0.7_seed263.npz,0.9999999973802581,0.42479830942557256,0.14305215245550928,2.96953455179704,0.00010804818317568068,0.9580991415628952,0.9776727975229474,0.9860032906311638,803.0,3300.0,2.9469354003566757,0.030751827473384452,0.0766496175136484,60.0,0.007500000000000001,0.17154523030736674,False
G4,gelu,100,8,30,15000,0.7,30,269,gelu_p100_rt8_rs30_n15000_eta0.7_seed269.npz,0.9999999975661821,0.4250861128812937,0.14045867595387632,3.0264140680130223,7.182926366246891e-05,0.9644258516245324,0.9745783314634813,0.985662977041404,2853.0,3000.0,3.048377115593197,0.010345560173872448,0.016365497424253084,100.0,0.0045000000000000005,0.19422932001788812,False
G4,gelu,100,8,30,15000,0.7,30,271,gelu_p100_rt8_rs30_n15000_eta0.7_seed271.npz,0.9999999961409002,0.4154131156301984,0.1351306566488055,3.074158935746358,0.0008159919229151325,0.9600144555363703,0.9754761495099857,0.9859342478214288,4185.0,3220.0,3.1297781465358727,0.006466437097261801,0.014618675967716155,120.0,0.0037500000000000003,0.16028421315715569,False
G4,gelu,100,8,30,15000,0.7,30,277,gelu_p100_rt8_rs30_n15000_eta0.7_seed277.npz,0.9999999969487863,0.4201318611582255,0.13296057018725646,3.1598229502665958,5.030067131143155e-06,0.9523839233710443,0.9755169669985695,0.9863339254267053,1463.0,3800.0,3.2093190283125095,0.024302134543803033,0.06607041081457321,100.0,0.0045000000000000005,0.1969453869616847,False
G4,gelu,100,8,30,15000,0.7,30,281,gelu_p100_rt8_rs30_n15000_eta0.7_seed281.npz,0.9999999971123196,0.4214036457630644,0.15271942045943795,2.7593324051081543,0.0022122142007102775,0.9641670220264609,0.9774849898240567,0.9870909063624004,859.0,3160.0,2.7198359448986924,0.03676817316442815,0.10994949344877325,120.0,0.0037500000000000003,0.20210773792043124,False
G4,gelu,100,8,30,15000,0.7,30,283,gelu_p100_rt8_rs30_n15000_eta0.7_seed283.npz,0.9999999957565878,0.41649571543661446,0.13252929406521,3.1426690859130435,2.1259598664447447e-05,0.9650219678008823,0.9783891639096723,0.987177125984348,7899.0,3040.0,3.238924814498246,0.00038747522598292505,0.00023939994747645965,120.0,0.0037500000000000003,0.1797151342922633,False
G4,gelu,100,8,30,15000,0.7,30,293,gelu_p100_rt8_rs30_n15000_eta0.7_seed293.npz,0.9999999971578151,0.4205684035569647,0.14992443715408987,2.805202484266867,0.002695969944680964,0.9618830300994022,0.9743913705600115,0.9853503174287543,3753.0,2500.0,2.8805455423220234,0.006347839016020873,0.010161485478163201,120.0,0.0037500000000000003,0.17390560279241418,False
G4,gelu,100,8,30,15000,0.7,30,307,gelu_p100_rt8_rs30_n15000_eta0.7_seed307.npz,0.9999999972945924,0.4243328386934334,0.16196336311652582,2.6199310172890384,0.00011298097792233831,0.9619707044570422,0.9741778515480816,0.9860292120747169,2929.0,2820.0,2.573842455874672,0.009279263353233813,0.015434273725021486,160.0,0.0028125,0.22035572092813896,False
G4,gelu,100,8,30,15000,0.7,30,311,gelu_p100_rt8_rs30_n15000_eta0.7_seed311.npz,0.9999999972420691,0.4220153455336794,0.14364975720919881,2.9378075795776915,0.0022648179329099413,0.95162595299347,0.9763347624956876,0.9858712753757146,995.0,3260.0,2.956817561888647,0.03580736696839748,0.12419804660560796,220.0,0.0020454545454545456,0.15957388784732543,False
G4,gelu,100,8,30,15000,0.7,30,313,gelu_p100_rt8_rs30_n15000_eta0.7_seed313.npz,0.9999999967845173,0.4119375364140732,0.13098194553347356,3.1449947909713942,5.2163266156489314e-06,0.9601672478403884,0.9696664992868428,0.985815917381892,6470.0,2640.0,3.1661065349521915,0.0024608347391532615,0.005240944883486365,60.0,0.007500000000000001,0.19126770852217645,False
G16,gelu,100,8,100,15000,0.7,100,5,gelu_p100_rt8_rs100_n15000_eta0.7_seed5.npz,0.9999999688946858,2.7837881331732306,0.12067886704363145,23.067735067207348,7.683056038072626e-08,0.9202723220031347,0.9716392609297139,0.9843416607396913,0.0,6440.0,22.92722340418547,0.8935551859822394,0.9716391840991535,1520.0,0.0006617647058823529,4.844609562000683e-16,False
G16,gelu,100,8,100,15000,0.7,100,11,gelu_p100_rt8_rs100_n15000_eta0.7_seed11.npz,0.9999999733060343,2.77421557450414,0.12379032905649955,22.41060021124874,0.0004379781848916068,0.8952588120392101,0.9704437519560211,0.9822445416840315,0.0,6280.0,22.104838229437796,0.9038202890114947,0.9700057737711295,2060.0,0.00042452830188679245,2.202095255454856e-17,False
G16,gelu,100,8,100,15000,0.7,100,23,gelu_p100_rt8_rs100_n15000_eta0.7_seed23.npz,0.9999999973538862,2.9280864386605723,0.12739277133433122,22.9847141874013,0.004798003287348721,0.92455018223348,0.9640450867499,0.979181852070591,0.0,5820.0,22.939373227000676,0.879344727503505,0.9592470834625513,1100.0,0.0009375000000000001,-3.2297397080004555e-16,False
G16,gelu,100,8,100,15000,0.7,100,37,gelu_p100_rt8_rs100_n15000_eta0.7_seed37.npz,0.9999999945308407,2.9106578626986086,0.1237775272973096,23.515236782096178,0.0009787807629250134,0.9118490734156212,0.9661798304720222,0.9800099002712936,0.0,6260.0,23.635057043607574,0.9048116815051529,0.9652010497090971,1300.0,0.0003515625,-9.395606423274052e-16,False
G16,gelu,100,8,100,15000,0.7,100,41,gelu_p100_rt8_rs100_n15000_eta0.7_seed41.npz,0.9999999812558581,2.8134187108212654,0.12272769635023602,22.9240733305417,0.001319773784498115,0.8739300065632226,0.9683586688892275,0.980551494468003,0.0,6760.0,22.77597583524153,0.8780721458115434,0.9670388951047294,1800.0,0.0016071428571428571,-8.808381021819424e-16,False
G16,gelu,100,8,100,15000,0.7,100,53,gelu_p100_rt8_rs100_n15000_eta0.7_seed53.npz,0.9999999269685472,2.6805411833893933,0.11650310941866349,23.008323097683586,0.0005898816110307862,0.8872240852443043,0.975082455061344,0.9868004258065284,0.0,6180.0,22.90247516585459,0.9154717235217487,0.9744925734503131,3220.0,0.000576923076923077,1.101047627727428e-16,False
G16,gelu,100,8,100,15000,0.7,100,67,gelu_p100_rt8_rs100_n15000_eta0.7_seed67.npz,0.9999999874717156,2.86643348842713,0.12706892231512937,22.558100251440003,0.0017324452268102277,0.8864840986175923,0.9585036925153276,0.9791146535007007,0.0,6200.0,22.4622855452436,0.9024140964588153,0.9567712472885174,1800.0,0.0009375000000000001,-4.99141591236434e-16,False
G16,gelu,100,8,100,15000,0.7,100,71,gelu_p100_rt8_rs100_n15000_eta0.7_seed71.npz,0.9999999786162063,2.8125001811481827,0.12406425320333936,22.6697062895187,0.0005751369419434132,0.9261835842767702,0.972390135890468,0.9837001416071076,0.0,5840.0,22.602102523473448,0.897726088260085,0.9718149989485245,460.0,0.0009782608695652175,3.6701587590914267e-17,False
G16,gelu,100,8,100,15000,0.7,100,83,gelu_p100_rt8_rs100_n15000_eta0.7_seed83.npz,0.999999996839751,2.8934935861665414,0.12759237625946768,22.677636948170225,0.003809279757538143,0.875436266149033,0.9619156865373856,0.9789202205471315,0.0,6120.0,22.509391586796085,0.8815669432339183,0.9581064067798474,580.0,0.0007758620689655172,9.395606423274052e-16,False
G16,gelu,100,8,100,15000,0.7,100,97,gelu_p100_rt8_rs100_n15000_eta0.7_seed97.npz,0.9999999989489256,2.9831473058866558,0.1296364029389686,23.011648258175512,0.0008198094124770769,0.915404905589564,0.955769643932898,0.976343316214447,501.0,5600.0,22.95070124971195,0.11916959725590048,0.3465568098199764,400.0,0.0011250000000000001,-7.193511167819196e-16,False
G16,gelu,100,8,100,15000,0.7,100,101,gelu_p100_rt8_rs100_n15000_eta0.7_seed101.npz,0.9999999716310993,2.80068838050041,0.12257194879393847,22.849342023669546,0.0014873873704615173,0.874724011751989,0.968062839430027,0.981870800970071,0.0,6360.0,22.594203328000397,0.9008698496770051,0.9665754520595655,1240.0,0.0007758620689655172,4.99141591236434e-16,False
G16,gelu,100,8,100,15000,0.7,100,103,gelu_p100_rt8_rs100_n15000_eta0.7_seed103.npz,0.9999999991131524,2.9958411742018907,0.12628968064867782,23.721979173705794,0.004013285040681655,0.9020584745969521,0.9606356179831297,0.9763109719457713,501.0,5780.0,23.63289452853807,0.12977522210895454,0.41647332140547855,460.0,0.0009782608695652175,-1.1083879452456109e-15,False
G16,gelu,100,8,100,15000,0.7,100,107,gelu_p100_rt8_rs100_n15000_eta0.7_seed107.npz,0.9999999894857013,2.8576931177757543,0.12455980902092492,22.94233702056887,6.457806747260334e-05,0.865880540905268,0.965440092958465,0.9788467225646872,0.0,6260.0,22.740919843293984,0.9076500257335962,0.9653755148909924,1720.0,0.00028125000000000003,6.606285766364568e-17,False
G16,gelu,100,8,100,15000,0.7,100,109,gelu_p100_rt8_rs100_n15000_eta0.7_seed109.npz,0.999999997610185,2.9862928051137603,0.12411999467197757,24.059723922852957,0.000502647710725145,0.8997611647944949,0.9604057018323582,0.9755732784820381,501.0,5740.0,23.993820243659705,0.21812677397064562,0.9528854855899652,1740.0,0.0004090909090909091,1.3726393759001935e-15,False
G16,gelu,100,8,100,15000,0.7,100,113,gelu_p100_rt8_rs100_n15000_eta0.7_seed113.npz,0.9999999982096595,2.9768422448196334,0.12560649868605897,23.6997470350635,5.337926594525822e-05,0.8792999066669374,0.955404343285452,0.9733573751733744,501.0,6300.0,23.59058360582319,0.2966260870377113,0.8657220348685634,1400.0,0.0007758620689655172,8.588171496273938e-16,False
G16,gelu,100,8,100,15000,0.7,100,127,gelu_p100_rt8_rs100_n15000_eta0.7_seed127.npz,0.9999999824064076,2.8164273317759574,0.12513636308141532,22.506865809609263,8.945668310140627e-09,0.9005233922865393,0.9690691592041745,0.9821820780325716,0.0,6400.0,22.334083378554173,0.9168083506402708,0.9690691502585062,1680.0,0.0003169014084507042,-1.0203041350274165e-15,False
G16,gelu,100,8,100,15000,0.7,100,131,gelu_p100_rt8_rs100_n15000_eta0.7_seed131.npz,0.9999999883811342,2.840768268839205,0.12729397156770664,22.3165970379691,4.115933252764885e-06,0.893852764332367,0.967461664906822,0.9797945942222634,0.0,6280.0,22.19659119431459,0.9115031114815545,0.9674575489735692,1680.0,0.00038135593220338984,4.697803211637026e-16,False
G16,gelu,100,8,100,15000,0.7,100,137,gelu_p100_rt8_rs100_n15000_eta0.7_seed137.npz,0.9999999339619524,2.6548979098200416,0.12091581556743052,21.95658109206978,7.027998923758555e-05,0.9001816452994379,0.9750913239977808,0.9860581448517377,0.0,5960.0,21.93162588283225,0.8993918088611522,0.9750210440085432,1260.0,0.000375,5.138222262727997e-16,False
G16,gelu,100,8,100,15000,0.7,100,139,gelu_p100_rt8_rs100_n15000_eta0.7_seed139.npz,0.999999995472186,2.929232108483527,0.12639917132496672,23.174456586844226,0.002106048376531227,0.9045899217765612,0.9571355144131757,0.9772551018754773,0.0,5880.0,23.21116297063944,0.9141355780045888,0.9550294660366444,540.0,0.0011250000000000001,-5.798850839364454e-16,False
G16,gelu,100,8,100,15000,0.7,100,149,gelu_p100_rt8_rs100_n15000_eta0.7_seed149.npz,0.9999999939032646,2.9236258395619967,0.1199383203819353,24.376077889467787,3.8183498844110324e-05,0.8823596145011561,0.9667052970506819,0.9797237931023559,0.0,6320.0,24.29200505676452,0.89549721367259,0.9666671135518378,1580.0,0.0002884615384615385,7.48712386854651e-16,False
G16,gelu,100,8,100,15000,0.7,100,151,gelu_p100_rt8_rs100_n15000_eta0.7_seed151.npz,0.999999986724925,2.9115614931549447,0.12211874414037154,23.842052370012905,0.00023041727316700362,0.8893116997600499,0.9634182194354809,0.9797096390925022,0.0,6240.0,23.840287700146778,0.9260525200293386,0.9631878021623139,800.0,0.0005921052631578948,-4.844609562000683e-16,False
G16,gelu,100,8,100,15000,0.7,100,157,gelu_p100_rt8_rs100_n15000_eta0.7_seed157.npz,0.9999999924935196,2.8835963737818258,0.1268941759424316,22.724418613901037,0.00027172641569268114,0.8648526003230691,0.9662868887777896,0.9805010102885656,0.0,6580.0,22.54565670641004,0.881313655758624,0.9660151623620968,2500.0,0.0003169014084507042,2.2094355729730387e-15,False
G16,gelu,100,8,100,15000,0.7,100,163,gelu_p100_rt8_rs100_n15000_eta0.7_seed163.npz,0.999999976631099,2.8095382568421026,0.12445262314443778,22.575163028756702,0.0004350595391154993,0.8828641622363803,0.9643540264136057,0.9808320656609886,0.0,6380.0,22.495843913979712,0.9081969713142735,0.9639189668744902,1620.0,0.0002922077922077922,1.4680635036365707e-16,False
G16,gelu,100,8,100,15000,0.7,100,167,gelu_p100_rt8_rs100_n15000_eta0.7_seed167.npz,0.9999999960932076,2.935632644254705,0.1304199517466999,22.50907629498481,0.00015617458566776228,0.9016693163988903,0.9586246111763951,0.9764137367340697,0.0,6060.0,22.525596063278577,0.9245317524705503,0.9584684365907273,2020.0,0.000576923076923077,-4.404190510909712e-16,False
G16,gelu,100,8,100,15000,0.7,100,173,gelu_p100_rt8_rs100_n15000_eta0.7_seed173.npz,0.9999999986431171,2.9672002056480906,0.12555471254670822,23.632726685143325,0.0002967770577634003,0.8850799801085177,0.9637696052066644,0.9779457429816468,501.0,5740.0,23.535418883134838,0.22614532346200966,0.7400200122376068,1660.0,0.0002884615384615385,-8.367961970728452e-16,False
G16,gelu,100,8,100,15000,0.7,100,179,gelu_p100_rt8_rs100_n15000_eta0.7_seed179.npz,0.9999999952342609,2.904354302180973,0.12345259453553893,23.526069363774138,0.0002987194584592777,0.9209811197705542,0.9621341036986435,0.9760441651065775,0.0,5780.0,23.398171792204806,0.881095722304604,0.9618353842401842,1020.0,0.0009,-5.872254014546283e-16,False
G16,gelu,100,8,100,15000,0.7,100,181,gelu_p100_rt8_rs100_n15000_eta0.7_seed181.npz,0.9999999931219512,2.9209639865575627,0.12342744397177753,23.66543365530165,0.002193507079775642,0.9060648982925805,0.9646433007249243,0.9802018996462968,0.0,6220.0,23.627541018584015,0.8999234467193986,0.9624497936451487,300.0,0.0015,4.771206386818854e-16,False
G16,gelu,100,8,100,15000,0.7,100,191,gelu_p100_rt8_rs100_n15000_eta0.7_seed191.npz,0.9999999537625182,2.7118468215279727,0.12505292582582883,21.68559274898516,3.4677978652574466e-05,0.9030649295786964,0.9760376535869557,0.98641916665405,0.0,6160.0,21.70145988865213,0.8948018564373826,0.9760029756083032,1560.0,0.00046875000000000004,-3.303142883182284e-16,False
G16,gelu,100,8,100,15000,0.7,100,193,gelu_p100_rt8_rs100_n15000_eta0.7_seed193.npz,0.9999999867110568,2.8490580994501364,0.12408243338761663,22.96101085114979,0.004053679586598615,0.9154887663553819,0.9758712008884819,0.9827609548360567,0.0,6320.0,22.942380240337847,0.8803053716952884,0.9718175213018833,1360.0,0.000375,-8.074349270001138e-16,False
G16,gelu,100,8,100,15000,0.7,100,197,gelu_p100_rt8_rs100_n15000_eta0.7_seed197.npz,0.999999992444486,2.858376489049987,0.12655313061880094,22.586375185453864,6.442613684119946e-05,0.8923014498627925,0.9635616728237351,0.9801172167035019,0.0,6180.0,22.35650933935747,0.8677238934419123,0.9634972466868938,1080.0,0.00042452830188679245,1.3579587408638278e-15,False
G16,gelu,100,8,100,15000,0.7,100,199,gelu_p100_rt8_rs100_n15000_eta0.7_seed199.npz,0.9999999898190469,2.8532204986829313,0.12837646492041996,22.22541725581578,0.0005630486038891712,0.8919860601124552,0.9715800902320668,0.9822857181762328,0.0,6620.0,21.999301046817717,0.8990466780594796,0.9710170416281777,1500.0,0.0009375000000000001,-1.2551942956092679e-15,False
G16,gelu,100,8,100,15000,0.7,100,211,gelu_p100_rt8_rs100_n15000_eta0.7_seed211.npz,0.9999999885798736,2.9014661581211896,0.12149446614186438,23.881467611317046,0.0022198144377931564,0.8890308912530199,0.9714489488482618,0.9829208459570458,0.0,6140.0,23.702909444434578,0.8906431381220742,0.9692291344104687,840.0,0.0005357142857142857,-4.624400036455198e-16,False
G16,gelu,100,8,100,15000,0.7,100,223,gelu_p100_rt8_rs100_n15000_eta0.7_seed223.npz,0.999999973026417,2.763807701810571,0.12094274747493085,22.852198742908964,0.004050737366650802,0.8963613727233432,0.9725248284725309,0.9833672810727432,0.0,6440.0,22.76107288554151,0.9077097450160403,0.96847409110588,1220.0,0.00036885245901639344,1.3359377883092794e-15,False
G16,gelu,100,8,100,15000,0.7,100,227,gelu_p100_rt8_rs100_n15000_eta0.7_seed227.npz,0.9999999955678899,2.9500229812914798,0.12227286920455387,24.12655399748819,0.001588816782390768,0.9257844188746135,0.9602560240202564,0.9771639470293747,0.0,5260.0,24.239808616593255,0.9044191173494656,0.9586672072378657,1340.0,0.0003461538461538462,2.49570795618217e-16,False
G16,gelu,100,8,100,15000,0.7,100,229,gelu_p100_rt8_rs100_n15000_eta0.7_seed229.npz,0.9999999988927045,2.999000451681559,0.12438003134588393,24.111591058710598,2.724977643536857e-07,0.8873553115428814,0.9531378618168607,0.9732455238992084,0.0,5760.0,24.143974557959123,0.8823264857251695,0.9531375893190963,1420.0,0.0003461538461538462,6.092463540091769e-16,False
G16,gelu,100,8,100,15000,0.7,100,233,gelu_p100_rt8_rs100_n15000_eta0.7_seed233.npz,0.9999999979425745,2.9333142135211583,0.1277170895853565,22.96728044026365,0.0009384777779179273,0.8609654418816404,0.9502531574038909,0.9769006397797053,0.0,6260.0,22.818920729361945,0.9167714553719122,0.949314679625973,2020.0,0.0004090909090909091,-4.697803211637026e-16,False
G16,gelu,100,8,100,15000,0.7,100,239,gelu_p100_rt8_rs100_n15000_eta0.7_seed239.npz,0.9999999859356778,2.860715764204483,0.12464686440097138,22.95056340127389,0.0023624863711588914,0.8978683474855369,0.969318908783891,0.9833849433250772,0.0,6660.0,22.592313405242766,0.9008051703026928,0.9669564224127322,900.0,0.0005,-8.51476832109211e-16,False
G16,gelu,100,8,100,15000,0.7,100,241,gelu_p100_rt8_rs100_n15000_eta0.7_seed241.npz,0.9999999758225765,2.8131092414983643,0.12871515368169678,21.85530732810978,0.0030129910068832306,0.9161941451483119,0.9682501481885482,0.9808726479224823,0.0,6420.0,21.710960033910006,0.8772579082205952,0.9652371571816649,840.0,0.0005487804878048781,1.0570057226183309e-15,False
G16,gelu,100,8,100,15000,0.7,100,251,gelu_p100_rt8_rs100_n15000_eta0.7_seed251.npz,0.9999999836125474,2.8290438551696844,0.12653001608649125,22.358677748336444,0.000537550407831206,0.8959488166076343,0.973087373785428,0.9836267019038705,0.0,6260.0,22.095537783937047,0.8879337736557561,0.9725498233775968,1680.0,0.0002884615384615385,4.110577810182398e-16,False
G16,gelu,100,8,100,15000,0.7,100,257,gelu_p100_rt8_rs100_n15000_eta0.7_seed257.npz,0.9999999927582911,2.880959328336481,0.12421643823712689,23.193060187708674,0.003930048493480576,0.8551998043501636,0.9668409241415836,0.9792632993316417,0.0,6420.0,23.197782237941215,0.9016741512565514,0.9629108756481031,1520.0,0.00030000000000000003,4.404190510909712e-16,False
G16,gelu,100,8,100,15000,0.7,100,263,gelu_p100_rt8_rs100_n15000_eta0.7_seed263.npz,0.9999999666087976,2.7952137245023194,0.12230673728935405,22.85412714337547,0.00022886125855347585,0.913761501218611,0.9701535367893044,0.9830823024952726,0.0,6020.0,22.628062491627546,0.9216658650261449,0.9699246755307509,1220.0,0.0022500000000000003,-1.8350793795457133e-16,False
G16,gelu,100,8,100,15000,0.7,100,269,gelu_p100_rt8_rs100_n15000_eta0.7_seed269.npz,0.9999999407628811,2.730110395526678,0.12150482913564761,22.469151349357407,9.619963590671828e-05,0.8661067818028034,0.9751412743865014,0.983478723323969,0.0,6200.0,22.408859345845865,0.9210939761666632,0.9750450747505948,1620.0,0.0002884615384615385,-1.8350793795457133e-16,False
G16,gelu,100,8,100,15000,0.7,100,271,gelu_p100_rt8_rs100_n15000_eta0.7_seed271.npz,0.9999999674637641,2.7619946675050158,0.11929914998526642,23.151838616168895,0.0008597630859113924,0.8394976460347829,0.9717853646294408,0.984175619528708,0.0,6380.0,22.574143621940404,0.9024932872413964,0.9709256015435294,1780.0,0.0002586206896551724,-8.808381021819424e-16,False
G16,gelu,100,8,100,15000,0.7,100,277,gelu_p100_rt8_rs100_n15000_eta0.7_seed277.npz,0.999999998838482,2.964433845575908,0.1216115978010214,24.37624288455003,0.0026384342167287502,0.8913483917201616,0.9548280951414433,0.9761186628580509,501.0,5680.0,24.37253011660175,0.21358984398153957,0.7996546694708725,1340.0,0.00035714285714285714,-6.386076240819083e-16,False
G16,gelu,100,8,100,15000,0.7,100,281,gelu_p100_rt8_rs100_n15000_eta0.7_seed281.npz,0.9999999985597073,2.935152246536469,0.12329615719200968,23.805707439572046,0.006398344410092276,0.8752509395471824,0.9566376568796451,0.9761109927794767,501.0,6420.0,23.75149109243344,0.1308695244930944,0.5597698700376736,940.0,0.0004787234042553192,-6.899898467091882e-16,False
G16,gelu,100,8,100,15000,0.7,100,283,gelu_p100_rt8_rs100_n15000_eta0.7_seed283.npz,0.9999999893917945,2.9165709975833867,0.12669859006225173,23.019758910895273,4.299911378708761e-05,0.8781428494785378,0.9631931781455656,0.9786261778914898,0.0,6700.0,22.695046866708047,0.9170967134836799,0.9631501790317785,1060.0,0.00042452830188679245,-4.404190510909712e-16,False
G16,gelu,100,8,100,15000,0.7,100,293,gelu_p100_rt8_rs100_n15000_eta0.7_seed293.npz,0.9999999964673869,2.9195084538609657,0.1287587329523963,22.674255849817538,0.000758549713892101,0.8278142928992158,0.959298996023671,0.9780606945472801,0.0,6380.0,22.466846880544093,0.9007714343001814,0.9585404463097789,2200.0,0.00022277227722772278,-5.652044489000797e-16,False
G16,gelu,100,8,100,15000,0.7,100,307,gelu_p100_rt8_rs100_n15000_eta0.7_seed307.npz,0.9999999684867115,2.7832804396227266,0.12267891821665376,22.687520236422284,0.0004502472051271229,0.9008423853968088,0.972372063552637,0.9838049339806297,0.0,6420.0,22.66297177061506,0.9122668583264512,0.9719218163475098,1400.0,0.0010714285714285715,-5.872254014546283e-17,False
G16,gelu,100,8,100,15000,0.7,100,311,gelu_p100_rt8_rs100_n15000_eta0.7_seed311.npz,0.9999999944638798,2.9397100725283756,0.12773032938721968,23.01497292484485,0.0019043084080145082,0.9008895181111917,0.965118574892166,0.9777614525611389,0.0,6640.0,22.887775485203314,0.9093802522138016,0.9632142664841515,1180.0,0.0004166666666666667,2.642514306545827e-16,False
G16,gelu,100,8,100,15000,0.7,100,313,gelu_p100_rt8_rs100_n15000_eta0.7_seed313.npz,0.9999999977739255,2.9247228179632807,0.12631980438577411,23.153319720408444,0.00035871882175545297,0.8741961220122819,0.9538840563162345,0.9752910200897076,7995.0,5980.0,23.027813992368582,-0.0001280254306130768,-0.0004528174998994494,2320.0,0.0002102803738317757,-1.1891314379456222e-15,False
S4,silu,100,8,30,15000,0.85,30,5,silu_p100_rt8_rs30_n15000_eta0.85_seed5.npz,0.999999992880413,0.48129590668717565,0.21005050309990766,2.2913342247899964,0.0022397076511359803,0.9647934416669691,0.9774318134985218,0.9869255042873881,7274.0,3720.0,2.2937707640446985,0.0009889680468117001,0.0026780467067997193,440.0,0.0010714285714285715,0.2202045827857357,False
S4,silu,100,8,30,15000,0.85,30,11,silu_p100_rt8_rs30_n15000_eta0.85_seed11.npz,0.9999999928207352,0.4916596892049633,0.21310035161580965,2.307174462533771,7.853287801225223e-05,0.9509920087368595,0.9756914075314344,0.9838651002149366,570.0,3620.0,2.29533242748666,0.18328233968180618,0.9227118569550944,780.0,0.0018750000000000001,0.1943622549737011,False
S4,silu,100,8,30,15000,0.85,30,23,silu_p100_rt8_rs30_n15000_eta0.85_seed23.npz,0.9999999924034105,0.47820762114457904,0.2019189950020383,2.3683141902511533,0.0025359243747311785,0.9624822313933388,0.979865378212369,0.9868394910167914,7978.0,3720.0,2.4066146999955746,0.00015190745336635114,-0.00026043865822278356,620.0,0.00125,0.2222674662409197,False
S4,silu,100,8,30,15000,0.85,30,37,silu_p100_rt8_rs30_n15000_eta0.85_seed37.npz,0.9999999886266375,0.47936669580614466,0.19694950103102982,2.433957401753556,0.004171350897007287,0.9617062679276208,0.9739495717987501,0.9858438875807966,0.0,3680.0,2.501199173084843,0.8854989143605327,0.9697782209017428,460.0,0.00125,0.21581794308615965,False
S4,silu,100,8,30,15000,0.85,30,41,silu_p100_rt8_rs30_n15000_eta0.85_seed41.npz,0.9999999929447105,0.48816969596733667,0.20147487785116386,2.422980478628029,5.658650755287496e-08,0.9577335661192462,0.9783379525501761,0.985504411822729,4904.0,3980.0,2.4715161972725825,0.007203280219012953,0.015576749090463582,840.0,0.0009,0.21169802435998752,False
S4,silu,100,8,30,15000,0.85,30,53,silu_p100_rt8_rs30_n15000_eta0.85_seed53.npz,0.9999999911225178,0.48846847196493154,0.1859658827635599,2.626656377535542,0.00016796051236273501,0.9622287628985846,0.9774333827138296,0.9868675114371811,7898.0,4060.0,2.68204900010011,-2.4838317565500923e-05,-0.001177908100293945,200.0,0.0022500000000000003,0.20762036850255147,False
S4,silu,100,8,30,15000,0.85,30,67,silu_p100_rt8_rs30_n15000_eta0.85_seed67.npz,0.9999999895910202,0.4870927769692061,0.19119912793224142,2.5475679844200214,0.0008527285134269232,0.9572327345901179,0.976941167712226,0.9859784346551395,7880.0,4500.0,2.625081372638855,0.00029561518495180295,-0.0004343790552229221,1300.0,0.0009375000000000001,0.2020662573700848,False
S4,silu,100,8,30,15000,0.85,30,71,silu_p100_rt8_rs30_n15000_eta0.85_seed71.npz,0.9999999875754708,0.48128205971113097,0.18664647668104872,2.5785756488378344,2.1932926303667836e-05,0.9521491963182163,0.9771842831307936,0.9857102509135742,0.0,4380.0,2.639561986257119,0.9094215262957102,0.9771623502044899,520.0,0.0028125,0.1939813207327845,False
S4,silu,100,8,30,15000,0.85,30,83,silu_p100_rt8_rs30_n15000_eta0.85_seed83.npz,0.9999999929275893,0.48915964233882686,0.19881842549572534,2.4603335486596736,0.00019325828275331693,0.949450544140482,0.9722297623887626,0.9845346911024327,7922.0,4300.0,2.5427936466053467,6.146710575660741e-05,-0.0003096462445111303,580.0,0.0008035714285714286,0.21637200803413076,False
S4,silu,100,8,30,15000,0.85,30,97,silu_p100_rt8_rs30_n15000_eta0.85_seed97.npz,0.999999992397317,0.4810119861793847,0.18827031988110576,2.554900775030008,0.0014544850354473824,0.9600580922379648,0.9786738794455833,0.9859808781554398,6334.0,3420.0,2.616936832565143,0.0026267827807620048,0.005685569246276279,200.0,0.0022500000000000003,0.209234554958043,False
S4,silu,100,8,30,15000,0.85,30,101,silu_p100_rt8_rs30_n15000_eta0.85_seed101.npz,0.9999999943853914,0.4797768032801497,0.20080580747546714,2.389257608193254,0.0015167050367338561,0.9624506195939205,0.9769034513104513,0.9860361857455535,7914.0,3720.0,2.427200572380323,0.00031553483426172146,0.0007953031024436896,300.0,0.0015,0.18313451087335617,False
S4,silu,100,8,30,15000,0.85,30,103,silu_p100_rt8_rs30_n15000_eta0.85_seed103.npz,0.9999999851434197,0.468647172923407,0.19119429130067844,2.451156725105338,0.0012805601394052899,0.9608482781558464,0.9797145587821136,0.9880139434351187,7732.0,3900.0,2.5456913576534914,0.00094814309924518,0.0010716864413859994,940.0,0.0020454545454545456,0.20462094803051956,False
S4,silu,100,8,30,15000,0.85,30,107,silu_p100_rt8_rs30_n15000_eta0.85_seed107.npz,0.9999999920613274,0.4874886745927755,0.19986985971501117,2.439030453555488,0.007620233200299065,0.9614116046922859,0.9728328772084548,0.985227125862576,7528.0,3320.0,2.4821845412929946,0.00012405872406262564,-0.0003980153976813616,200.0,0.0022500000000000003,0.22841279551202517,False
S4,silu,100,8,30,15000,0.85,30,109,silu_p100_rt8_rs30_n15000_eta0.85_seed109.npz,0.9999999929253542,0.4945791859837275,0.20436680054226353,2.4200564116648065,0.00024740973357044736,0.9522397896005367,0.9740536659251839,0.9829553926300157,7356.0,4080.0,2.4308057287370755,0.0008250077799282218,0.0008064943016420356,580.0,0.0013235294117647058,0.20752641855460377,False
S4,silu,100,8,30,15000,0.85,30,113,silu_p100_rt8_rs30_n15000_eta0.85_seed113.npz,0.9999999931646883,0.5009028902328067,0.18535324880641638,2.7024230406446854,0.0003529475086881592,0.9389861906135769,0.96364875901848,0.9818329770314225,7998.0,3860.0,2.7904080715135904,2.5728617191078662e-05,4.1048623301676024e-05,660.0,0.0013235294117647058,0.17873343879155126,False
S4,silu,100,8,30,15000,0.85,30,127,silu_p100_rt8_rs30_n15000_eta0.85_seed127.npz,0.9999999938235923,0.48764179424406146,0.2090299064341722,2.3328805076876873,0.0010094785431759281,0.9543540250489391,0.9772588853483376,0.9850424511077095,7834.0,4160.0,2.333517827403329,7.68625243180443e-05,0.0002896470892432834,440.0,0.0010714285714285715,0.23021140649978894,False
S4,silu,100,8,30,15000,0.85,30,131,silu_p100_rt8_rs30_n15000_eta0.85_seed131.npz,0.9999999905701235,0.48581691209442224,0.19221949925230994,2.5274070215776203,0.0013089527546348313,0.963574540709958,0.975900699411666,0.9849448783366378,0.0,3560.0,2.5929795867964867,0.8962012406038979,0.9745917466570312,720.0,0.0006428571428571428,0.21971757264239206,False
S4,silu,100,8,30,15000,0.85,30,137,silu_p100_rt8_rs30_n15000_eta0.85_seed137.npz,0.9999999890479973,0.4838472979937836,0.18623900337496982,2.5979912329084756,0.0008250625629910971,0.9623883814488066,0.978258701777745,0.9855056100595341,0.0,3620.0,2.6952486166808223,0.9074472849462287,0.9774336392147539,500.0,0.00125,0.22477210999094605,False
S4,silu,100,8,30,15000,0.85,30,139,silu_p100_rt8_rs30_n15000_eta0.85_seed139.npz,0.9999999903726965,0.49429742839835134,0.18169908624771072,2.720417799594626,8.313072996636579e-06,0.9627358879744778,0.9767116809381077,0.9862151798156654,5640.0,3820.0,2.7811794174798554,0.004929715461973294,0.009022260502379198,600.0,0.00140625,0.21031896118119534,False
S4,silu,100,8,30,15000,0.85,30,149,silu_p100_rt8_rs30_n15000_eta0.85_seed149.npz,0.9999999918362096,0.48731213618634334,0.1942729962693594,2.5083884304264568,1.192338454297207e-07,0.9592823014108506,0.9761974423192683,0.9861291318920404,0.0,3360.0,2.5555702112601755,0.9013930077367689,0.9761973230854228,560.0,0.0032142857142857142,0.2173646519873662,False
S4,silu,100,8,30,15000,0.85,30,151,silu_p100_rt8_rs30_n15000_eta0.85_seed151.npz,0.9999999913666847,0.4783105082823138,0.2007002121145116,2.3832087831048665,0.0034911333862200702,0.9646782641979665,0.9759838175026658,0.9858133286206305,0.0,3580.0,2.424286350359984,0.9072577719523438,0.9724926841164457,480.0,0.0018750000000000001,0.19440890972559896,False
S4,silu,100,8,30,15000,0.85,30,157,silu_p100_rt8_rs30_n15000_eta0.85_seed157.npz,0.9999999923066221,0.4841118825286344,0.2046160219473406,2.365952958723946,7.123956646900589e-06,0.9492624121990502,0.9761287128704162,0.9854250468901635,7400.0,4540.0,2.3906511475813503,0.0008979726906914731,0.0012545814318168924,820.0,0.0005487804878048781,0.20062677703690976,False
S4,silu,100,8,30,15000,0.85,30,163,silu_p100_rt8_rs30_n15000_eta0.85_seed163.npz,0.9999999886632414,0.4789318570379317,0.19813269544335685,2.4172277874998733,0.0003389544856740178,0.9590612880929211,0.9783147206484136,0.9868493840754886,0.0,3640.0,2.46325563703691,0.9082901700542862,0.9779757661627396,500.0,0.0022500000000000003,0.21554197245498555,False
S4,silu,100,8,30,15000,0.85,30,167,silu_p100_rt8_rs30_n15000_eta0.85_seed167.npz,0.9999999876513426,0.48608337560138654,0.20094120103358404,2.419032896693723,0.00018336674277107925,0.959898801914425,0.9741834044623835,0.9848121625730092,7926.0,3820.0,2.446385214520416,9.525324941805913e-05,-3.871530021604119e-05,600.0,0.0016071428571428571,0.19107865756605172,False
S4,silu,100,8,30,15000,0.85,30,173,silu_p100_rt8_rs30_n15000_eta0.85_seed173.npz,0.9999999892058911,0.4837376684241127,0.1972810793035101,2.4520226173332063,0.001638602087267476,0.9604683924000056,0.9762796812164015,0.986875396579148,0.0,3760.0,2.5333555264023073,0.8820752896169897,0.974641079129134,460.0,0.0018750000000000001,0.19334932804204924,False
S4,silu,100,8,30,15000,0.85,30,179,silu_p100_rt8_rs30_n15000_eta0.85_seed179.npz,0.9999999922835616,0.4868201172140166,0.1922681096608015,2.531985767545447,0.0007980005003967557,0.9517410821860496,0.9737904221175128,0.9842636282591808,0.0,3780.0,2.6004190276516446,0.9236525789249068,0.972992421617116,760.0,0.0018750000000000001,0.23083804271554034,False
S4,silu,100,8,30,15000,0.85,30,181,silu_p100_rt8_rs30_n15000_eta0.85_seed181.npz,0.9999999918707136,0.4790841533558461,0.17948928043875378,2.6691518968973833,0.0006624831601580799,0.962091710098366,0.9787572053346562,0.9866807199652943,6472.0,3800.0,2.7671106404906043,0.0032459026200798435,0.009202024553843002,460.0,0.00125,0.181048493960981,False
S4,silu,100,8,30,15000,0.85,30,191,silu_p100_rt8_rs30_n15000_eta0.85_seed191.npz,0.9999999888406882,0.4700746696192292,0.20670168162832575,2.274169546740696,0.0001449098458842599,0.9554950382194817,0.9786138164482527,0.9872693335643488,7896.0,4200.0,2.316070590167815,0.00019891611483424665,-0.0003516313687091932,220.0,0.0020454545454545456,0.2004930764902398,False
S4,silu,100,8,30,15000,0.85,30,193,silu_p100_rt8_rs30_n15000_eta0.85_seed193.npz,0.9999999904848428,0.4768197117527547,0.19223028528074584,2.480460927664835,0.0030457606710685486,0.9655191391970961,0.9789746521034529,0.987752478946428,7878.0,3960.0,2.5523117333639997,0.00013532167565122322,-0.0005599428614092572,460.0,0.0018750000000000001,0.20474964643217006,False
S4,silu,100,8,30,15000,0.85,30,197,silu_p100_rt8_rs30_n15000_eta0.85_seed197.npz,0.9999999917419462,0.4807103023585023,0.1932456313691615,2.487561032829718,0.0002979499428857287,0.959577064492614,0.9779602514820764,0.9859264158858323,0.0,4100.0,2.5500541470047358,0.9208605813528631,0.9776623015391908,1100.0,0.0006617647058823529,0.19514494101462942,False
S4,silu,100,8,30,15000,0.85,30,199,silu_p100_rt8_rs30_n15000_eta0.85_seed199.npz,0.9999999906020809,0.4905352035731399,0.19195841395652663,2.5554243414630045,0.0006377218895051595,0.9599682551689998,0.976072403457776,0.9852339009454175,7490.0,3380.0,2.6480795022549897,0.0012597311875995887,0.002907361943738418,580.0,0.0022500000000000003,0.21343401108177174,False
S4,silu,100,8,30,15000,0.85,30,211,silu_p100_rt8_rs30_n15000_eta0.85_seed211.npz,0.9999999922285037,0.49028152484382903,0.18134682689077494,2.7035572292595185,0.0001729072632953937,0.9486202585420594,0.9770012370078314,0.9865124726360324,0.0,4800.0,2.7450676389121345,0.9185666674113431,0.9768283297445359,880.0,0.0006081081081081081,0.19293727963656424,False
S4,silu,100,8,30,15000,0.85,30,223,silu_p100_rt8_rs30_n15000_eta0.85_seed223.npz,0.9999999933972888,0.47488970859073654,0.19616059439511804,2.4209230709924654,0.0006461764952303467,0.9439269900468342,0.9764690024983945,0.9855929856954042,594.0,4200.0,2.450708200348844,0.13995889977359144,0.5905420355859885,760.0,0.0007758620689655172,0.21992586236204467,False
S4,silu,100,8,30,15000,0.85,30,227,silu_p100_rt8_rs30_n15000_eta0.85_seed227.npz,0.9999999918032244,0.4765177448628942,0.2002918028798703,2.37911755754027,0.006145226110852816,0.9617601975693923,0.9766103252596786,0.9861627516843657,0.0,4000.0,2.3748868340312574,0.90046065729543,0.9704650991488258,420.0,0.00140625,0.20938377658951882,False
S4,silu,100,8,30,15000,0.85,30,229,silu_p100_rt8_rs30_n15000_eta0.85_seed229.npz,0.9999999934342323,0.48430646263338795,0.21525238086039034,2.249947065382298,7.122160847948402e-05,0.9547874045168881,0.9739570916548138,0.9859192240891088,7874.0,3660.0,2.2706910651296583,7.966876232079478e-05,0.0005998836818110753,660.0,0.0009,0.19413037618995435,False
S4,silu,100,8,30,15000,0.85,30,233,silu_p100_rt8_rs30_n15000_eta0.85_seed233.npz,0.999999993128544,0.4957919411537078,0.21336899134960022,2.323636335428722,0.000543586754818204,0.9591003213149475,0.977183109127393,0.9854445819923943,6680.0,3780.0,2.347315404566029,0.0022235322710768557,0.004352318999757521,940.0,0.0008653846153846154,0.20201057770659617,False
S4,silu,100,8,30,15000,0.85,30,239,silu_p100_rt8_rs30_n15000_eta0.85_seed239.npz,0.9999999868447448,0.48174099827492467,0.18877700674901643,2.5519050575656754,5.576868759476166e-05,0.9639528011207334,0.9800926432313962,0.9868878586943645,0.0,3300.0,2.6542908144099613,0.896763587663629,0.9800368745438015,620.0,0.0015,0.22441496333763442,False
S4,silu,100,8,30,15000,0.85,30,241,silu_p100_rt8_rs30_n15000_eta0.85_seed241.npz,0.9999999927654597,0.4956439658282252,0.2014704469670274,2.460132358317258,0.0014536456292635555,0.9569906484141205,0.9739505895169859,0.9830941707114532,0.0,3700.0,2.5002558097764127,0.9062672511794401,0.9724969438877223,140.0,0.0032142857142857142,0.22379393045671706,False
S4,silu,100,8,30,15000,0.85,30,251,silu_p100_rt8_rs30_n15000_eta0.85_seed251.npz,0.9999999926847154,0.48149720689737385,0.20882301881932036,2.305766910275246,4.8649050357638945e-05,0.9594492778534301,0.9774781473453271,0.9860035379401096,0.0,3860.0,2.317039143106901,0.899797920817369,0.9774294982949695,600.0,0.0017307692307692308,0.17875638495826304,False
S4,silu,100,8,30,15000,0.85,30,257,silu_p100_rt8_rs30_n15000_eta0.85_seed257.npz,0.9999999916121058,0.4908137701910391,0.1991912282431214,2.46403305266023,8.679474301176668e-05,0.9615276558023818,0.9727962785560215,0.9840466975139825,7612.0,3220.0,2.5901389711647953,0.0005215078078081303,0.0013004997557356512,640.0,0.0007758620689655172,0.2584284118534314,False
S4,silu,100,8,30,15000,0.85,30,263,silu_p100_rt8_rs30_n15000_eta0.85_seed263.npz,0.9999999914306696,0.4846933319443237,0.19129958691818708,2.533687289934463,0.00010804818317568068,0.9595822173924989,0.9777858392285126,0.9849641692599909,0.0,4340.0,2.5821251426028486,0.9258341111339756,0.9776777910453369,380.0,0.0015,0.20185953270338372,False
S4,silu,100,8,30,15000,0.85,30,269,silu_p100_rt8_rs30_n15000_eta0.85_seed269.npz,0.9999999934722849,0.49145725698078235,0.20824852390485293,2.359955536613192,7.182926366246891e-05,0.9568329117079533,0.9760309672671771,0.9848839621771812,6638.0,3700.0,2.395135705068214,0.003310374570010599,0.006131140753263931,760.0,0.000625,0.2288179351953597,False
S4,silu,100,8,30,15000,0.85,30,271,silu_p100_rt8_rs30_n15000_eta0.85_seed271.npz,0.9999999912914906,0.4895396471025075,0.19263635626695383,2.5412630128038116,0.0008159919229151325,0.9607803086149546,0.9748342518857838,0.9848796843996491,624.0,3900.0,2.5684866500111005,0.1029564719728101,0.4328941452311157,560.0,0.0008035714285714286,0.17136378867794647,False
S4,silu,100,8,30,15000,0.85,30,277,silu_p100_rt8_rs30_n15000_eta0.85_seed277.npz,0.9999999921216833,0.48772943670577784,0.19881453538221347,2.453188021530399,5.030067131143155e-06,0.9551670061251641,0.973364744010589,0.9853273547607162,7268.0,4060.0,2.521962899153591,0.0011034838981860418,0.0006541747722460522,780.0,0.0006428571428571428,0.23538555207298598,False
S4,silu,100,8,30,15000,0.85,30,281,silu_p100_rt8_rs30_n15000_eta0.85_seed281.npz,0.9999999919967902,0.4788986521556843,0.194959717776423,2.456397955524732,0.0022122142007102775,0.9561781065536453,0.9785268283216422,0.9862146804041569,7944.0,3920.0,2.5303062130084752,5.578284703899872e-05,-0.0007059367202610911,400.0,0.0011250000000000001,0.21069197779247462,False
S4,silu,100,8,30,15000,0.85,30,283,silu_p100_rt8_rs30_n15000_eta0.85_seed283.npz,0.9999999881029076,0.4829895717683587,0.1935137426817531,2.495892876004517,2.1259598664447447e-05,0.9646671335928436,0.975736039709918,0.9849517671305844,7804.0,2980.0,2.5887196919557223,0.00039624325866738364,0.0005167599585659266,420.0,0.00125,0.2071739795053479,False
S4,silu,100,8,30,15000,0.85,30,293,silu_p100_rt8_rs30_n15000_eta0.85_seed293.npz,0.9999999929778606,0.4881361223990054,0.2167753504108661,2.2518064045280726,0.002695969944680964,0.9600160933361225,0.9741681322221875,0.9847993426800867,0.0,3660.0,2.2502945518199167,0.9076355517291118,0.9714721622775065,680.0,0.000703125,0.19140396043001764,False
S4,silu,100,8,30,15000,0.85,30,307,silu_p100_rt8_rs30_n15000_eta0.85_seed307.npz,0.9999999873891958,0.4676467231273626,0.19529935225168082,2.3945124125384183,0.00011298097792233831,0.9624552238283727,0.9811414727288704,0.9875478646939508,0.0,3940.0,2.4647468751162167,0.9211451019457211,0.9810284917509481,380.0,0.0011842105263157896,0.22857899938119197,False
S4,silu,100,8,30,15000,0.85,30,311,silu_p100_rt8_rs30_n15000_eta0.85_seed311.npz,0.9999999917545529,0.4903955961745023,0.21083777051654715,2.3259380659027347,0.0022648179329099413,0.965423297318874,0.977010286765272,0.985767515340473,7894.0,3240.0,2.360520252490278,0.00011165556690073686,-3.371131672735839e-05,480.0,0.0010227272727272728,0.19376355256448902,False
S4,silu,100,8,30,15000,0.85,30,313,silu_p100_rt8_rs30_n15000_eta0.85_seed313.npz,0.9999999917161602,0.48638427397447875,0.18137649700537628,2.681627895592567,5.2163266156489314e-06,0.9537479381360223,0.9731089198803087,0.9845350815525747,6400.0,4360.0,2.7198065492055465,0.0024016691710390115,0.003002187438049253,160.0,0.0028125,0.21922329747132074,False
S13,silu,100,10,50,15000,0.85,50,5,silu_p100_rt10_rs50_n15000_eta0.85_seed5.npz,0.9999999984771277,1.1502752863923924,0.22386526185384048,5.138248234080177,7.028552678569537e-05,0.9005643315854699,0.9518082987878862,0.9723110974705872,504.0,5200.0,5.162680621228498,0.2418674410106827,0.8980289350888911,1160.0,0.000703125,0.2139807764267775,False
S13,silu,100,10,50,15000,0.85,50,11,silu_p100_rt10_rs50_n15000_eta0.85_seed11.npz,0.9999999986194664,1.1684031804447512,0.2535761567709886,4.607701273349479,9.817561154417927e-06,0.8857669521311372,0.9560783269040857,0.9745070074436268,504.0,5480.0,4.608773406133941,0.17786961234921617,0.6827106962625035,1260.0,0.0004166666666666667,0.20079956568424534,False
S13,silu,100,10,50,15000,0.85,50,23,silu_p100_rt10_rs50_n15000_eta0.85_seed23.npz,0.9999999982923822,1.1542917621988125,0.22424079194060947,5.147554787910883,0.00046788632812212836,0.8891261169084005,0.9376283700350577,0.9707758405884166,504.0,5620.0,5.154204557822328,0.2580828814182803,0.9367373217052953,1460.0,0.0008333333333333334,0.18918976277090843,False
S13,silu,100,10,50,15000,0.85,50,37,silu_p100_rt10_rs50_n15000_eta0.85_seed37.npz,0.9999999984849048,1.1611932319302993,0.21753240588666992,5.338024131150639,0.0003079787182449072,0.7849092203038797,0.9217377260188501,0.9679498450005081,505.0,5980.0,5.34188955057908,0.23135567160020032,0.7710748625533401,2000.0,0.00024193548387096774,0.18498076560690646,False
S13,silu,100,10,50,15000,0.85,50,41,silu_p100_rt10_rs50_n15000_eta0.85_seed41.npz,0.9999999982674896,1.1467847204297945,0.24179211408905943,4.742854103204535,0.00045325685102246964,0.8472361177424399,0.9463416727271385,0.9723765923110035,504.0,5700.0,4.7458724482004815,0.23272184451536815,0.8976903678823891,2540.0,0.000225,0.22171772829335196,False
S13,silu,100,10,50,15000,0.85,50,53,silu_p100_rt10_rs50_n15000_eta0.85_seed53.npz,0.9999999983223155,1.1583609657929779,0.2598615819384936,4.45760761229857,0.0006627147809581612,0.8939120412997225,0.9495183646910347,0.9724224793881225,505.0,5720.0,4.4188125648621766,0.23795722087249582,0.9354556096452323,1920.0,0.0005625000000000001,0.2024729633957245,False
S13,silu,100,10,50,15000,0.85,50,67,silu_p100_rt10_rs50_n15000_eta0.85_seed67.npz,0.9999999985025418,1.1560447868480315,0.23237284337642158,4.974956496854284,0.0011638655346442295,0.8675813716000671,0.9450001668002181,0.9716920806972269,504.0,5500.0,4.98252604228445,0.1738601716390712,0.6480878165077615,1260.0,0.00036290322580645164,0.19749209979474547,False
S13,silu,100,10,50,15000,0.85,50,71,silu_p100_rt10_rs50_n15000_eta0.85_seed71.npz,0.9999999978445049,1.132147552114701,0.2360216771520607,4.796794793493892,2.7824207694421623e-06,0.904185661788247,0.9534160504485745,0.9727790549195806,505.0,5300.0,4.7993132933682405,0.20508996362828225,0.7778696873242311,1380.0,0.0003461538461538462,0.19582105229889857,False
S13,silu,100,10,50,15000,0.85,50,83,silu_p100_rt10_rs50_n15000_eta0.85_seed83.npz,0.999999998474424,1.1410913626987456,0.23226021979023564,4.912986665255527,0.00013198020877311484,0.897516131806267,0.9475029905341622,0.9742441938195313,504.0,5420.0,4.923434648815615,0.21403848783997648,0.6771690077560686,1140.0,0.0004090909090909091,0.2068258394694037,False
S13,silu,100,10,50,15000,0.85,50,97,silu_p100_rt10_rs50_n15000_eta0.85_seed97.npz,0.9999999981727594,1.1502924602502496,0.22952974520892258,5.011518046182774,0.0008968065824807504,0.8764255718247651,0.9473484993232196,0.9703875867474521,504.0,5420.0,5.024974416599327,0.17359320390902433,0.6335218984560611,1220.0,0.000375,0.1815188460211341,False
S13,silu,100,10,50,15000,0.85,50,101,silu_p100_rt10_rs50_n15000_eta0.85_seed101.npz,0.9999999983873548,1.1439496151485473,0.22345397709218046,5.11939697845091,0.0031545635475381415,0.8808666670245137,0.9587461840370561,0.974450522437308,504.0,5720.0,5.0707764737474825,0.20472332439911234,0.7276695566846418,1420.0,0.0003358208955223881,0.20508663295962795,False
S13,silu,100,10,50,15000,0.85,50,103,silu_p100_rt10_rs50_n15000_eta0.85_seed103.npz,0.9999999985643581,1.1582854539039382,0.23699745824629315,4.887332811393368,0.0003088555801356592,0.9122992334459107,0.9525019855490745,0.9731172629601638,503.0,4780.0,4.890398874846339,0.19191879216776297,0.9517979607924371,1200.0,0.00140625,0.19752910866152953,False
S13,silu,100,10,50,15000,0.85,50,107,silu_p100_rt10_rs50_n15000_eta0.85_seed107.npz,0.99999999864633,1.1612098734256504,0.2499879937636503,4.6450625725790236,0.0002476455530797988,0.8994823217058752,0.9564822310650827,0.9729304425072985,504.0,5400.0,4.64589489006706,0.21557876706922774,0.9207150818451447,1140.0,0.0008333333333333334,0.22442761736731293,False
S13,silu,100,10,50,15000,0.85,50,109,silu_p100_rt10_rs50_n15000_eta0.85_seed109.npz,0.999999998877982,1.172582811519486,0.25121441454891646,4.667657362038677,0.0012291110553749958,0.8542837324286123,0.9411167317149766,0.968687733604605,504.0,5240.0,4.679157999281908,0.1946362642373436,0.7491329867475658,1580.0,0.00030405405405405404,0.18638295240626387,False
S13,silu,100,10,50,15000,0.85,50,113,silu_p100_rt10_rs50_n15000_eta0.85_seed113.npz,0.9999999984420906,1.1499058791805001,0.23465127286108775,4.9004885639859195,0.0020764240638447185,0.8680598836992418,0.9494797612704017,0.9718224629309444,503.0,5600.0,4.9101567698279975,0.2753947844951795,0.9485359369583363,1720.0,0.00075,0.20774953788925407,False
S13,silu,100,10,50,15000,0.85,50,127,silu_p100_rt10_rs50_n15000_eta0.85_seed127.npz,0.9999999979907426,1.1270040482676276,0.2248480920397524,5.0122909118053665,0.0023250846169581315,0.8998672627764915,0.9484568379337059,0.9727925076355091,503.0,5480.0,5.030734348855415,0.19293767343807788,0.8585620680588706,2000.0,0.0002393617021276596,0.21626550433906833,False
S13,silu,100,10,50,15000,0.85,50,131,silu_p100_rt10_rs50_n15000_eta0.85_seed131.npz,0.9999999984768321,1.1576776648027847,0.21250609212183438,5.447738713010932,1.9563157771532915e-05,0.8980149195550589,0.9513112739634427,0.9722299269007726,504.0,5160.0,5.46356061063409,0.20502611966917217,0.8685145202538104,1700.0,0.00030821917808219177,0.20306083920179116,False
S13,silu,100,10,50,15000,0.85,50,137,silu_p100_rt10_rs50_n15000_eta0.85_seed137.npz,0.9999999985378372,1.1607909049414806,0.23607110004440063,4.91712414066422,5.3873320123893645e-05,0.8935535670752275,0.9427020484794698,0.9694188355929713,504.0,5060.0,4.929088277787365,0.1906064139896123,0.9025686887747307,1640.0,0.0004591836734693878,0.2037489842325773,False
S13,silu,100,10,50,15000,0.85,50,139,silu_p100_rt10_rs50_n15000_eta0.85_seed139.npz,0.9999999984000395,1.1566476967852324,0.2359460638740111,4.902169918811833,7.123534390363902e-05,0.903833318796502,0.9464696216779294,0.9711331331952036,504.0,4980.0,4.939854963564054,0.1675828155526944,0.8108885425513352,940.0,0.000625,0.20801361952925804,False
S13,silu,100,10,50,15000,0.85,50,149,silu_p100_rt10_rs50_n15000_eta0.85_seed149.npz,0.9999999985018003,1.1717043987297135,0.2263622568176482,5.1762357170418625,0.00032902394755077754,0.8925498399651361,0.9482298216938989,0.9701440211940481,504.0,5460.0,5.181720158584463,0.2613065948672133,0.9472511473402433,2480.0,0.0004787234042553192,0.2085088271692983,False
S13,silu,100,10,50,15000,0.85,50,151,silu_p100_rt10_rs50_n15000_eta0.85_seed151.npz,0.9999999984690618,1.1562727035008007,0.23560549273117473,4.907664461032345,0.003491276970820443,0.8894303342148063,0.9481169662651434,0.9705405949585149,504.0,5320.0,4.923862432919347,0.21666332767903573,0.6650365928245583,980.0,0.00046875000000000004,0.197731108892408,False
S13,silu,100,10,50,15000,0.85,50,157,silu_p100_rt10_rs50_n15000_eta0.85_seed157.npz,0.9999999987757374,1.1712218150240352,0.2480577550589892,4.721569034378763,0.0032362636354668233,0.8608987000595391,0.9379981438375328,0.9703002093164672,504.0,5520.0,4.720675840593648,0.19897563282473074,0.735971183778712,1480.0,0.0003169014084507042,0.19279399478635423,False
S13,silu,100,10,50,15000,0.85,50,163,silu_p100_rt10_rs50_n15000_eta0.85_seed163.npz,0.9999999988426316,1.1662875582662733,0.2536821067383834,4.5974372148723885,0.0023999704765130516,0.8807631874153864,0.9465617073721673,0.9720892805113384,504.0,5380.0,4.600216832175327,0.2060242653990778,0.7150674709042253,1040.0,0.00046875000000000004,0.20360649939762718,False
S13,silu,100,10,50,15000,0.85,50,167,silu_p100_rt10_rs50_n15000_eta0.85_seed167.npz,0.9999999985816919,1.1536882723216508,0.23809750552544495,4.845444599579641,0.0003141618112062067,0.9176805275443349,0.9551290390755796,0.9734472939434913,504.0,4980.0,4.880487962146861,0.1828577000845416,0.9551080976432512,1240.0,0.0022500000000000003,0.20784595938946648,False
S13,silu,100,10,50,15000,0.85,50,173,silu_p100_rt10_rs50_n15000_eta0.85_seed173.npz,0.9999999989036114,1.1543491693495433,0.2376336691230146,4.857683566515052,3.262818245482976e-05,0.8797939669295021,0.9572451115698954,0.9735728482842981,503.0,5480.0,4.838858058613925,0.2042642153883023,0.8287661570020025,1620.0,0.0002848101265822785,0.21498377250812106,False
S13,silu,100,10,50,15000,0.85,50,179,silu_p100_rt10_rs50_n15000_eta0.85_seed179.npz,0.99999999863351,1.1634684516077838,0.24036698277523919,4.84038380885162,0.0005018136776348493,0.9051287852649444,0.9516076073338403,0.9728409681689042,504.0,5200.0,4.860730814782701,0.22703856341104234,0.9497866844247701,2080.0,0.0005487804878048781,0.20931033112253478,False
S13,silu,100,10,50,15000,0.85,50,181,silu_p100_rt10_rs50_n15000_eta0.85_seed181.npz,0.9999999980638182,1.1573081897741246,0.2340704254572539,4.944273448955956,1.1213446192894067e-05,0.8798043318441024,0.9530841813984721,0.9701538673451331,504.0,5280.0,4.952192840548483,0.25904925232672504,0.8946565558545941,1620.0,0.00036885245901639344,0.19195947425949472,False
S13,silu,100,10,50,15000,0.85,50,191,silu_p100_rt10_rs50_n15000_eta0.85_seed191.npz,0.9999999988714262,1.1671942211374502,0.252183668462861,4.6283497589350935,6.3227709333918105e-06,0.903116163255726,0.9469546687807988,0.9706217242630346,504.0,5300.0,4.629242243048176,0.22063834925047843,0.9256769851242289,1580.0,0.0005921052631578948,0.23301726707600257,False
S13,silu,100,10,50,15000,0.85,50,193,silu_p100_rt10_rs50_n15000_eta0.85_seed193.npz,0.9999999986198989,1.1691378775625871,0.2294343497228973,5.095740367449907,0.0009354643707066071,0.8727461845917982,0.9500888540553757,0.9702901291114074,504.0,5780.0,5.109095071867417,0.23664267900118474,0.9376615675973321,2920.0,0.0004166666666666667,0.21176019448846145,False
S13,silu,100,10,50,15000,0.85,50,197,silu_p100_rt10_rs50_n15000_eta0.85_seed197.npz,0.9999999984244854,1.1597677237257713,0.2299281271519071,5.044044580763906,0.001813944790485969,0.8114912148828042,0.9454290846973233,0.9708515360952006,504.0,6040.0,4.9993947255262485,0.22617110774805904,0.830487064807356,2400.0,0.00020089285714285714,0.20556587188042255,False
S13,silu,100,10,50,15000,0.85,50,199,silu_p100_rt10_rs50_n15000_eta0.85_seed199.npz,0.9999999985437177,1.1547421867546759,0.25323877731939876,4.559894811442132,1.5764727556566527e-05,0.9033041699456176,0.9478133777291544,0.9712265410298822,504.0,4940.0,4.569780607250466,0.21178508938689788,0.8868581959053341,1100.0,0.0008333333333333334,0.18562808277201592,False
S13,silu,100,10,50,15000,0.85,50,211,silu_p100_rt10_rs50_n15000_eta0.85_seed211.npz,0.9999999986163097,1.152663999084195,0.24055145738271835,4.791756456708145,0.002270194672183746,0.8820533698483275,0.9499546252863581,0.9711591466984656,503.0,5700.0,4.796436147871757,0.18168999251946194,0.94092044182859,1640.0,0.0015,0.22235191534630377,False
S13,silu,100,10,50,15000,0.85,50,223,silu_p100_rt10_rs50_n15000_eta0.85_seed223.npz,0.999999998433965,1.1571006019234007,0.2349583358831669,4.924705469904117,0.0005790089586542755,0.8497401120077339,0.9446754759176195,0.9701782409489036,504.0,5840.0,4.926278211808199,0.22829265721785275,0.8055795547854381,2040.0,0.00025280898876404496,0.21598680800989947,False
S13,silu,100,10,50,15000,0.85,50,227,silu_p100_rt10_rs50_n15000_eta0.85_seed227.npz,0.9999999984744338,1.1591361262205369,0.23767775421313725,4.876923084610952,4.6213056039625597e-05,0.898841479198769,0.9523878738695654,0.9727635438420708,504.0,5000.0,4.898853962998948,0.13627698610767303,0.6076776460227657,860.0,0.0005625000000000001,0.21462760851658857,False
S13,silu,100,10,50,15000,0.85,50,229,silu_p100_rt10_rs50_n15000_eta0.85_seed229.npz,0.9999999984102295,1.145041190579781,0.22423248689269465,5.106491064016673,0.0001400613166284543,0.9138281636937282,0.9561819442535494,0.9747434569366572,504.0,5200.0,5.124427535755115,0.21204731107001895,0.7665177892963901,1220.0,0.0004090909090909091,0.18520827054021013,False
S13,silu,100,10,50,15000,0.85,50,233,silu_p100_rt10_rs50_n15000_eta0.85_seed233.npz,0.99999999860862,1.1560483122387926,0.24073767268472038,4.8021080346356895,0.0017505189437610816,0.9011473374752647,0.951173504751139,0.9712957952566652,503.0,5460.0,4.8037783150550935,0.19391010163782263,0.7065390730701105,1220.0,0.000375,0.193619649331253,False
S13,silu,100,10,50,15000,0.85,50,239,silu_p100_rt10_rs50_n15000_eta0.85_seed239.npz,0.9999999984474021,1.162945406054821,0.25186690477250007,4.617301376317213,6.948209570228671e-05,0.8999653760922351,0.9506589427037094,0.9697181637057699,505.0,5660.0,4.605109044147154,0.25554164748769326,0.9406433269954755,2160.0,0.00045,0.2112700025439362,False
S13,silu,100,10,50,15000,0.85,50,241,silu_p100_rt10_rs50_n15000_eta0.85_seed241.npz,0.9999999988016435,1.1568634020558368,0.2510460560436237,4.6081719836093,0.0009749121527545875,0.8348077537156677,0.9464786552078889,0.968074244318603,504.0,5940.0,4.599528690336973,0.23304749030721061,0.9372719031383261,1980.0,0.00045,0.18875059137289038,False
S13,silu,100,10,50,15000,0.85,50,251,silu_p100_rt10_rs50_n15000_eta0.85_seed251.npz,0.9999999987458608,1.175971371136672,0.24496498807650693,4.8005691767241245,0.0007490436667378459,0.8687585855068036,0.9410145679595882,0.9684956985896902,504.0,5520.0,4.798352005639998,0.22523206980945887,0.9221094836485282,2700.0,0.0003461538461538462,0.19918548397701405,False
S13,silu,100,10,50,15000,0.85,50,257,silu_p100_rt10_rs50_n15000_eta0.85_seed257.npz,0.9999999983441425,1.1676042873225259,0.2485508202464354,4.697648095326578,1.5609057593335112e-05,0.8699196577572893,0.9469341391699593,0.9696628660938323,504.0,6080.0,4.653815428099352,0.30283799252444765,0.8639065892538861,1220.0,0.0004326923076923077,0.19594110081307595,False
S13,silu,100,10,50,15000,0.85,50,263,silu_p100_rt10_rs50_n15000_eta0.85_seed263.npz,0.9999999983572998,1.1634361412152248,0.23444128208218257,4.962590764229767,0.0005886455554736494,0.8406256335276977,0.9526921899493452,0.9739413878459455,504.0,5900.0,4.970867301298383,0.26559021378653125,0.8611044035718759,1840.0,0.00027439024390243905,0.19280375417863901,False
S13,silu,100,10,50,15000,0.85,50,269,silu_p100_rt10_rs50_n15000_eta0.85_seed269.npz,0.9999999982673827,1.1462625098701642,0.23608039716889265,4.855390467045531,7.134678186368295e-05,0.9066499339505614,0.9481384184025203,0.971978974212705,506.0,4980.0,4.86038021057075,0.18494620804730488,0.6282121045948625,840.0,0.0006617647058823529,0.18488247371771788,False
S13,silu,100,10,50,15000,0.85,50,271,silu_p100_rt10_rs50_n15000_eta0.85_seed271.npz,0.9999999980805856,1.1407569270631848,0.22886116560054373,4.9844932147827645,0.00038736759037935793,0.8736529346542745,0.9486066642740906,0.9738167810541839,504.0,5060.0,5.003674660294209,0.24914353374561227,0.8904648124697422,2000.0,0.0002884615384615385,0.20868914778292197,False
S13,silu,100,10,50,15000,0.85,50,277,silu_p100_rt10_rs50_n15000_eta0.85_seed277.npz,0.9999999987060336,1.1569759407069617,0.24538144613528745,4.715009871076724,0.00010107559250532528,0.9231745231527274,0.951577065535084,0.9734708713196479,503.0,4840.0,4.755896436572245,0.16791640008981934,0.9022097338765169,920.0,0.0008333333333333334,0.20148999763900238,False
S13,silu,100,10,50,15000,0.85,50,281,silu_p100_rt10_rs50_n15000_eta0.85_seed281.npz,0.9999999983822776,1.1577286440773253,0.23562934542375735,4.913346603731631,5.37678975489038e-05,0.9150614593147679,0.9559368730170285,0.9734543567908048,504.0,5180.0,4.9445204063651325,0.1995680987915558,0.8750166634468974,1260.0,0.0005,0.19976866408295596,False
S13,silu,100,10,50,15000,0.85,50,283,silu_p100_rt10_rs50_n15000_eta0.85_seed283.npz,0.9999999982428012,1.1589556065738191,0.24655014174602521,4.700689273047248,0.00068739969326436,0.886564195377995,0.9556658937913101,0.973232624700983,504.0,5200.0,4.701649981883508,0.24727496705368068,0.8121205617366217,1720.0,0.0002848101265822785,0.21356526619407634,False
S13,silu,100,10,50,15000,0.85,50,293,silu_p100_rt10_rs50_n15000_eta0.85_seed293.npz,0.9999999983313753,1.1617130034034306,0.22609208019034963,5.1382295320798965,0.0033722290592692818,0.9054560015170063,0.9516117955025064,0.9730639243579267,504.0,5180.0,5.150887717475138,0.2414514916693402,0.9305109009145752,1620.0,0.0006617647058823529,0.17140174234987282,False
S13,silu,100,10,50,15000,0.85,50,307,silu_p100_rt10_rs50_n15000_eta0.85_seed307.npz,0.9999999987485676,1.1650474425693587,0.23045372687233706,5.055450646778875,0.0010100118947794447,0.9002137057507302,0.9449594355950904,0.9706054868534096,503.0,5420.0,5.071947579441089,0.20409482273188972,0.7951845516203543,1360.0,0.0003515625,0.2124831847292394,False
S13,silu,100,10,50,15000,0.85,50,311,silu_p100_rt10_rs50_n15000_eta0.85_seed311.npz,0.9999999982764797,1.152815860905339,0.2296258483522032,5.020409806552503,0.00046971247094820795,0.8543216674746488,0.9523096971028334,0.9730191470216194,504.0,5840.0,5.03157079590799,0.23211005790779693,0.7570727264567071,1780.0,0.0002710843373493976,0.21259924380093528,False
S13,silu,100,10,50,15000,0.85,50,313,silu_p100_rt10_rs50_n15000_eta0.85_seed313.npz,0.9999999983343315,1.1584264994526992,0.2334658217211373,4.961867612623739,0.0005271913185646573,0.8467238621884574,0.9438157991796473,0.972738911052095,504.0,5640.0,4.961089388441208,0.23976598559496587,0.8681977617558576,2080.0,0.00024725274725274725,0.19519330039289548,False
S5,silu,100,12,50,15000,0.85,50,5,silu_p100_rt12_rs50_n15000_eta0.85_seed5.npz,0.9999999993698225,1.2515928479992646,0.28875717792557515,4.334412938201844,0.0007578712297386252,0.5439022465286925,0.8561733212471676,0.9496813089780676,538.0,6860.0,4.3191059599281685,0.28147396691347515,0.8342831806905453,3760.0,0.00017578125,0.29622159226743583,False
S5,silu,100,12,50,15000,0.85,50,11,silu_p100_rt12_rs50_n15000_eta0.85_seed11.npz,0.9999999994647236,1.2446470443865867,0.28649964006320044,4.344323239331203,0.001128029821572058,0.7333409779081275,0.9065679516848858,0.954104746274481,534.0,6360.0,4.35005222020143,0.2544058014486519,0.8876996485416513,2760.0,0.00024193548387096774,0.25239143468549446,False
S5,silu,100,12,50,15000,0.85,50,23,silu_p100_rt12_rs50_n15000_eta0.85_seed23.npz,0.9999999993857416,1.2518744086169307,0.3034174544397229,4.125914281789049,5.143818384875122e-05,0.00021386948621763483,0.8890834277419275,0.9531411246625705,532.0,6820.0,4.135545673053695,0.32481862639040016,0.8887754696160624,4860.0,0.0018750000000000001,0.26947039185856286,False
S5,silu,100,12,50,15000,0.85,50,37,silu_p100_rt12_rs50_n15000_eta0.85_seed37.npz,0.9999999995084944,1.24659888525801,0.31263981286331766,3.9873324956313483,3.525940736560173e-06,0.2595598091667143,0.8746187710781339,0.9485757954035173,539.0,6760.0,4.044761188486244,0.30579966478651366,0.8743897580934867,4400.0,0.0003461538461538462,0.2592986400573387,False
S5,silu,100,12,50,15000,0.85,50,41,silu_p100_rt12_rs50_n15000_eta0.85_seed41.npz,0.9999999993816401,1.2399375235358654,0.3329950718090923,3.7235912135262095,0.0005676142349462905,0.7123564717851374,0.897028814853264,0.9518766529064854,534.0,6320.0,3.7281735606630866,0.3270767406409927,0.8890151462964685,3120.0,0.0005232558139534884,0.2847887009915078,False
S5,silu,100,12,50,15000,0.85,50,53,silu_p100_rt12_rs50_n15000_eta0.85_seed53.npz,0.999999999520068,1.252331644593478,0.29413499719062464,4.25767642937729,2.2077137866451514e-06,0.6916078317220745,0.8834837285435361,0.9500668024680099,532.0,6560.0,4.280388682172252,0.2921116898135605,0.8710005263068362,2860.0,0.00030000000000000003,0.2815825743404018,False
S5,silu,100,12,50,15000,0.85,50,67,silu_p100_rt12_rs50_n15000_eta0.85_seed67.npz,0.9999999993884874,1.2342924555179078,0.26947546070681416,4.580351963330725,0.0013133770568046189,0.5337546785088622,0.9163559466455692,0.9535715937617081,538.0,6560.0,4.561074510530867,0.27752294632619734,0.9163080812107423,4000.0,0.0022500000000000003,0.2639275799187031,False
S5,silu,100,12,50,15000,0.85,50,71,silu_p100_rt12_rs50_n15000_eta0.85_seed71.npz,0.9999999993956802,1.2483950118083071,0.29880230825898907,4.177996545884283,0.0007569714920529571,0.6366267952193946,0.8821639126508674,0.9484511889915357,538.0,6480.0,4.167487062448753,0.30055167490621926,0.8811448266248378,3560.0,0.0002616279069767442,0.281618903496605,False
S5,silu,100,12,50,15000,0.85,50,83,silu_p100_rt12_rs50_n15000_eta0.85_seed83.npz,0.9999999994702505,1.2423745906059926,0.2660315423597475,4.670027394443181,0.0003229067019660507,0.5516670542011719,0.8969519585613128,0.9549880787632975,546.0,6680.0,4.659487189243232,0.224113512293717,0.8635551515148552,3640.0,0.000151006711409396,0.27072788964470945,False
S5,silu,100,12,50,15000,0.85,50,97,silu_p100_rt12_rs50_n15000_eta0.85_seed97.npz,0.999999999449412,1.248715076821137,0.2878953451867649,4.33739238128725,0.0006662839987804485,0.7069954114629785,0.8903490951086795,0.9507977760749879,540.0,6800.0,4.337463118724485,0.24224850869261194,0.7948705234599491,2840.0,0.00016917293233082708,0.2858833924014167,False
S5,silu,100,12,50,15000,0.85,50,101,silu_p100_rt12_rs50_n15000_eta0.85_seed101.npz,0.9999999994791123,1.2576923795781394,0.30606656268735477,4.109211958781871,0.00021177298698758738,0.511920806639311,0.8731053294916491,0.9494052135160528,533.0,6720.0,4.112202256736577,0.27812100874682,0.835669554633151,3960.0,0.0001388888888888889,0.26260275105056535,False
S5,silu,100,12,50,15000,0.85,50,103,silu_p100_rt12_rs50_n15000_eta0.85_seed103.npz,0.9999999993092921,1.2220474383613316,0.2943358632961586,4.151880863840627,6.277497468008292e-07,0.8145889677668947,0.919463133104105,0.9580968629440285,546.0,5900.0,4.152814275919757,0.26082788760065667,0.9153309878930224,2640.0,0.0003879310344827586,0.2578323123524429,False
S5,silu,100,12,50,15000,0.85,50,107,silu_p100_rt12_rs50_n15000_eta0.85_seed107.npz,0.999999999471339,1.2439200998147335,0.31212041694531156,3.985385230446773,9.869523243505276e-05,0.7133308005424358,0.908289613764152,0.9521621051114587,534.0,6540.0,3.9954268176778767,0.27076656045751646,0.8510804859163652,3080.0,0.00016544117647058823,0.2804077511744026,False
S5,silu,100,12,50,15000,0.85,50,109,silu_p100_rt12_rs50_n15000_eta0.85_seed109.npz,0.9999999994423189,1.2454780947637294,0.28632255022382036,4.349912690391066,5.88427903415745e-05,0.6551691506559609,0.9071776181303084,0.95671314038034,537.0,6640.0,4.349273462409882,0.29528290364065113,0.8974079583657238,3340.0,0.0002586206896551724,0.249565421789003,False
S5,silu,100,12,50,15000,0.85,50,113,silu_p100_rt12_rs50_n15000_eta0.85_seed113.npz,0.9999999994109195,1.236760640245905,0.2912963960798133,4.245712123081128,0.0007527041018746815,0.7819828464323333,0.9111295652231844,0.9553084923735801,547.0,6500.0,4.239768289642937,0.27246415855571593,0.873758583230336,2260.0,0.00028125000000000003,0.2607524592840978,False
S5,silu,100,12,50,15000,0.85,50,127,silu_p100_rt12_rs50_n15000_eta0.85_seed127.npz,0.9999999994908061,1.2464383426468775,0.29808196661953384,4.1815288485324835,0.0002217533215165053,0.7443965634333294,0.883278517421377,0.9511522730787746,538.0,6620.0,4.189044039812006,0.2774291379548759,0.8625644762880298,2500.0,0.0005357142857142857,0.28674802153510076,False
S5,silu,100,12,50,15000,0.85,50,131,silu_p100_rt12_rs50_n15000_eta0.85_seed131.npz,0.9999999994634993,1.2574698039606291,0.27873473095618917,4.511349553200369,3.734902188840714e-06,0.68312122491596,0.8848672081536278,0.953439461017595,534.0,6660.0,4.49259212269712,0.2595528040665661,0.8067172803578266,2880.0,0.00017857142857142857,0.2426409071548789,False
S5,silu,100,12,50,15000,0.85,50,137,silu_p100_rt12_rs50_n15000_eta0.85_seed137.npz,0.9999999994765831,1.2395479479020282,0.29593874809882775,4.188528727194877,0.0018373706103894025,0.597179022977645,0.8811732018581407,0.9518948638286536,538.0,6480.0,4.15708308416437,0.28376301384608105,0.8809174744916304,3840.0,0.0006081081081081081,0.2756219917073742,False
S5,silu,100,12,50,15000,0.85,50,139,silu_p100_rt12_rs50_n15000_eta0.85_seed139.npz,0.9999999993794956,1.2313672813478482,0.2839889000006772,4.335969755666196,4.337384466693143e-05,0.6662083168879276,0.9069846253187169,0.9548538135243548,542.0,6360.0,4.316379024125017,0.26943771552330553,0.8068095721177702,3100.0,0.00015625,0.2637114043345189,False
S5,silu,100,12,50,15000,0.85,50,149,silu_p100_rt12_rs50_n15000_eta0.85_seed149.npz,0.9999999994371538,1.2439535858559296,0.30119360882309104,4.1300796212663915,0.0026058295227137105,0.7461146551206157,0.9123049062139645,0.9550560441318682,540.0,6240.0,4.18390786796264,0.27144677705207787,0.9120339706510241,3260.0,0.0011250000000000001,0.2672510131760386,False
S5,silu,100,12,50,15000,0.85,50,151,silu_p100_rt12_rs50_n15000_eta0.85_seed151.npz,0.9999999993607311,1.24027568756707,0.2905258990019083,4.269070991013174,0.0005176763717353764,0.37964010098926254,0.8718707364823531,0.9465629373419749,536.0,6960.0,4.2465419438194765,0.30521337738863985,0.8538324793167569,4580.0,0.00011658031088082901,0.25920381604226367,False
S5,silu,100,12,50,15000,0.85,50,157,silu_p100_rt12_rs50_n15000_eta0.85_seed157.npz,0.9999999994417025,1.23798196018907,0.27325672518688615,4.530472065572723,0.0002755821160433714,0.6837597272707978,0.8861552699619102,0.9512249987369978,540.0,6620.0,4.527352177562701,0.29062128364149575,0.8817962159629351,3100.0,0.00034090909090909094,0.2676470601714424,False
S5,silu,100,12,50,15000,0.85,50,163,silu_p100_rt12_rs50_n15000_eta0.85_seed163.npz,0.9999999993194691,1.2192589035407335,0.3155735252237339,3.86362861927758,0.0009583948754488809,0.7334458753491828,0.8949890159915471,0.9543629298392874,544.0,6260.0,3.8774114548384078,0.2345133249080461,0.8349949090258107,1960.0,0.00024456521739130437,0.25475252640667223,False
S5,silu,100,12,50,15000,0.85,50,167,silu_p100_rt12_rs50_n15000_eta0.85_seed167.npz,0.9999999993419509,1.224083855096893,0.2802978927979887,4.367081903034829,2.096772873259255e-05,0.7883104994954122,0.9168471274565456,0.9581814755403721,538.0,6480.0,4.351164838656471,0.2810624273916812,0.905858759253748,2420.0,0.00036885245901639344,0.2678366031822671,False
S5,silu,100,12,50,15000,0.85,50,173,silu_p100_rt12_rs50_n15000_eta0.85_seed173.npz,0.9999999993579406,1.2362879095175143,0.2844754892902448,4.345850366940239,0.0012350445575330985,0.7171619332441695,0.9092831441246033,0.9551942143566473,538.0,6360.0,4.336396679903174,0.2815981078392301,0.8872813054223891,3320.0,0.0002616279069767442,0.2548306132241939,False
S5,silu,100,12,50,15000,0.85,50,179,silu_p100_rt12_rs50_n15000_eta0.85_seed179.npz,0.9999999993634455,1.2352635177448752,0.32247334825687396,3.8305910377464625,5.2634409519421884e-05,0.723556065473068,0.8978957431150044,0.9519686719433039,538.0,6460.0,3.846052333582561,0.28335773158873523,0.8976233132854616,2980.0,0.00032608695652173916,0.3213196306377702,False
S5,silu,100,12,50,15000,0.85,50,181,silu_p100_rt12_rs50_n15000_eta0.85_seed181.npz,0.9999999994125517,1.2393265501425224,0.30722019952738316,4.0340008633841755,5.5025058719225455e-05,0.6641072156333122,0.8629149880878993,0.949016200853885,530.0,6660.0,4.063664737063464,0.23805679435494864,0.6971606325618092,2280.0,0.00022727272727272727,0.2565454918262215,False
S5,silu,100,12,50,15000,0.85,50,191,silu_p100_rt12_rs50_n15000_eta0.85_seed191.npz,0.9999999992682126,1.2285991963288214,0.2838444510802141,4.328424218452031,5.578293414976851e-05,0.8451798486376157,0.9186868957012295,0.9592072816332619,537.0,5880.0,4.315705460665646,0.2328287804732171,0.9133946371814469,2640.0,0.0005487804878048781,0.2683593984988489,False
S5,silu,100,12,50,15000,0.85,50,193,silu_p100_rt12_rs50_n15000_eta0.85_seed193.npz,0.9999999994488669,1.2521773321673422,0.3024783033994555,4.1397261162024765,3.601696223663094e-05,0.8110528213101488,0.9165689182647677,0.956983280427227,539.0,6280.0,4.154869374868274,0.25788049666190904,0.8417975213447991,2140.0,0.00022277227722772278,0.23589471396539868,False
S5,silu,100,12,50,15000,0.85,50,197,silu_p100_rt12_rs50_n15000_eta0.85_seed197.npz,0.9999999993763636,1.2524261597060984,0.28404363865851195,4.40927374969947,0.0010359309010791273,0.7741639358911715,0.9130185017792815,0.9541045052727445,544.0,6540.0,4.413310117364197,0.2825592996767109,0.8858902122215665,2580.0,0.00030405405405405404,0.2724250842449202,False
S5,silu,100,12,50,15000,0.85,50,199,silu_p100_rt12_rs50_n15000_eta0.85_seed199.npz,0.9999999993030028,1.240151213012766,0.29877753129731194,4.150751255049022,0.0021361052745024504,0.6296567212107503,0.8987738351257213,0.9571717935499525,540.0,6380.0,4.158895928189205,0.2698209807050229,0.896443810693247,3420.0,0.00039473684210526315,0.26482848647833096,False
S5,silu,100,12,50,15000,0.85,50,211,silu_p100_rt12_rs50_n15000_eta0.85_seed211.npz,0.9999999994317257,1.2410125557505869,0.29711739691327405,4.176842448955715,0.00036314684694125667,0.5579097724755742,0.8727103441475856,0.9460090809238121,546.0,6880.0,4.148533803325249,0.2866488900211338,0.8479298334482653,3800.0,0.0001939655172413793,0.2895080475831784,False
S5,silu,100,12,50,15000,0.85,50,223,silu_p100_rt12_rs50_n15000_eta0.85_seed223.npz,0.9999999994906433,1.2502624513003173,0.2723391054686121,4.590829690613101,9.003455335024259e-05,0.1841668437704512,0.8476468010929197,0.9493369185956353,540.0,7040.0,4.6059163172488224,0.298332921548493,0.8475794450079747,5100.0,0.00023195876288659793,0.30352444834248066,False
S5,silu,100,12,50,15000,0.85,50,227,silu_p100_rt12_rs50_n15000_eta0.85_seed227.npz,0.9999999993019082,1.2366501889938029,0.2856167575757244,4.329753616315509,0.00015387517343248223,0.7090224987403827,0.8844605904326034,0.955211730282084,550.0,6420.0,4.327839494501515,0.31934490233037005,0.8734774085036884,2940.0,0.00025,0.26455521623314965,False
S5,silu,100,12,50,15000,0.85,50,229,silu_p100_rt12_rs50_n15000_eta0.85_seed229.npz,0.999999999433115,1.2426470844190032,0.2926108597506472,4.246756547169657,0.0002563998562667544,0.7452890782404147,0.887728974322724,0.9541554994055693,536.0,6240.0,4.256353196113608,0.26289701089626183,0.7950427236229167,2700.0,0.00019911504424778762,0.26229361384845934,False
S5,silu,100,12,50,15000,0.85,50,233,silu_p100_rt12_rs50_n15000_eta0.85_seed233.npz,0.9999999994551095,1.255182885762606,0.2924119136849852,4.292516231451541,0.0016157245555133235,0.7316929392722715,0.9059822967222667,0.9544120476355741,554.0,6680.0,4.293402900209079,0.29259638774242247,0.8695899466551165,2980.0,0.0003125,0.2790238401322547,False
S5,silu,100,12,50,15000,0.85,50,239,silu_p100_rt12_rs50_n15000_eta0.85_seed239.npz,0.9999999994444217,1.2444677736505445,0.29021639078319317,4.288068534971986,0.0013205792053578504,0.6015182619097096,0.8846388847121807,0.9468348061576579,534.0,6960.0,4.253048695180862,0.309808181175949,0.8725078161033323,3500.0,0.00017716535433070867,0.26821973359082046,False
S5,silu,100,12,50,15000,0.85,50,241,silu_p100_rt12_rs50_n15000_eta0.85_seed241.npz,0.9999999994437091,1.2498297349873653,0.3019593154206156,4.13906665951474,1.939223426731257e-05,0.7608980730914613,0.9004141311061101,0.9528405885338255,536.0,6420.0,4.141785636602269,0.32801346206043447,0.8975843457544501,2800.0,0.0006428571428571428,0.27682494721726797,False
S5,silu,100,12,50,15000,0.85,50,251,silu_p100_rt12_rs50_n15000_eta0.85_seed251.npz,0.9999999994736244,1.249075694117086,0.30381062537161907,4.111362769452929,2.8210483386944665e-05,0.6257525160884764,0.8547766316290047,0.9474353929705172,534.0,6760.0,4.125721963064109,0.29109304006094516,0.8495281169382398,3440.0,0.00125,0.2601181054926819,False
S5,silu,100,12,50,15000,0.85,50,257,silu_p100_rt12_rs50_n15000_eta0.85_seed257.npz,0.9999999993984037,1.2412091299888977,0.3051398811780619,4.067672587394763,0.00043352869652672136,0.8117493619819977,0.9009960706143565,0.9569968480494949,542.0,6100.0,4.068693924588333,0.2365350702058343,0.7717085814463291,1680.0,0.00032608695652173916,0.2649098551774401,False
S5,silu,100,12,50,15000,0.85,50,263,silu_p100_rt12_rs50_n15000_eta0.85_seed263.npz,0.9999999994951828,1.254062961629695,0.31126482597590904,4.028926036527994,0.00021369399583050407,0.7197111290760445,0.8866768733813752,0.9519100480646802,535.0,6500.0,4.023925602823604,0.2555515070532465,0.8795024310212611,3040.0,0.0005357142857142857,0.253127371607389,False
S5,silu,100,12,50,15000,0.85,50,269,silu_p100_rt12_rs50_n15000_eta0.85_seed269.npz,0.9999999993616948,1.2460872362600044,0.27742527470963824,4.491613958260283,0.003114699299058512,0.48986352431512414,0.8777514736140087,0.9464017058493707,532.0,6900.0,4.474759238536058,0.2943524670582536,0.8712105685289893,4040.0,0.0002102803738317757,0.283462726225259,False
S5,silu,100,12,50,15000,0.85,50,271,silu_p100_rt12_rs50_n15000_eta0.85_seed271.npz,0.9999999994573585,1.2476567440410784,0.3188683294847453,3.912764701521624,0.00017997617715578935,0.6773083792795803,0.8771543894236966,0.9505054869614701,542.0,6760.0,3.930494211990877,0.29435050992275,0.8771124594813031,2500.0,0.0007258064516129033,0.2684553256266533,False
S5,silu,100,12,50,15000,0.85,50,277,silu_p100_rt12_rs50_n15000_eta0.85_seed277.npz,0.9999999993964727,1.2281568123411035,0.29913544989052004,4.1056879510288535,0.0003528475045899951,0.6364034818100246,0.8915642592622699,0.9529269826363252,536.0,6800.0,4.103427007936646,0.34689080377910664,0.8577505512005232,3520.0,0.0001717557251908397,0.2557074763921963,False
S5,silu,100,12,50,15000,0.85,50,281,silu_p100_rt12_rs50_n15000_eta0.85_seed281.npz,0.9999999994916818,1.2415540226587836,0.277727160231763,4.470409093668433,0.003560165928312374,0.53409731087249,0.8332912481543343,0.945048527769739,532.0,6980.0,4.477156200564297,0.2859458668819146,0.8224299000973969,3740.0,0.00017578125,0.300839153814175,False
S5,silu,100,12,50,15000,0.85,50,283,silu_p100_rt12_rs50_n15000_eta0.85_seed283.npz,0.9999999993966736,1.2488739453425084,0.29365484894682664,4.2528633524067825,0.0066467122555084615,0.7192535206867056,0.9076740811619002,0.9507088363949947,535.0,6640.0,4.259457378544898,0.2914096468969507,0.8643745099324391,2900.0,0.00020270270270270272,0.2711082234574821,False
S5,silu,100,12,50,15000,0.85,50,293,silu_p100_rt12_rs50_n15000_eta0.85_seed293.npz,0.9999999994876408,1.2568865636249305,0.29449159117278684,4.2679879538138605,2.2057858854290743e-07,0.39023277547891144,0.9083615153611029,0.9540507203476639,536.0,6660.0,4.2713773488592555,0.28008125352103075,0.895866355287062,4300.0,0.00015000000000000001,0.2649752736588926,False
S5,silu,100,12,50,15000,0.85,50,307,silu_p100_rt12_rs50_n15000_eta0.85_seed307.npz,0.9999999995042613,1.2414618939266282,0.28340693517568016,4.380492288084138,0.0004811536739206424,0.41836550619739205,0.884654357518235,0.9490010345890044,532.0,6740.0,4.37278209896441,0.33944492428198414,0.8844621352754442,4160.0,0.00024456521739130437,0.2820840852176733,False
S5,silu,100,12,50,15000,0.85,50,311,silu_p100_rt12_rs50_n15000_eta0.85_seed311.npz,0.9999999993737114,1.2255154973609883,0.3016755336657898,4.062362905169072,1.222976274836933e-06,0.6187109537239983,0.9055774144895694,0.9542412926494271,540.0,6560.0,4.0701383157093245,0.27124533784935156,0.820022508105718,3420.0,0.00014062500000000002,0.2502296052217698,False
S5,silu,100,12,50,15000,0.85,50,313,silu_p100_rt12_rs50_n15000_eta0.85_seed313.npz,0.9999999994723302,1.2427922456727092,0.2760010263126344,4.502853711366139,0.00028476622765341797,0.6544444105225227,0.8741330843660504,0.9515400686563624,532.0,6740.0,4.492512433874516,0.3005417299339388,0.8700043867175746,2800.0,0.0009,0.26561510977296127,False
S8,silu,100,12,50,15000,1.0,50,5,silu_p100_rt12_rs50_n15000_eta1.0_seed5.npz,0.9999999993393737,1.6026959057272665,0.28966210802275305,5.532984333599389,0.0007578712297386252,0.7400132661710201,0.915669265176564,0.9587929586407337,516.0,6420.0,5.553242417660772,0.29222871238954684,0.8743658259491951,2700.0,0.00025,0.2678260836277332,False
S8,silu,100,12,50,15000,1.0,50,11,silu_p100_rt12_rs50_n15000_eta1.0_seed11.npz,0.9999999992852143,1.6015618975180494,0.29352060437445593,5.456386616984725,0.001128029821572058,0.8389433911464733,0.9294905273961439,0.961830982446047,516.0,6180.0,5.443180927684155,0.2854314942201027,0.9128307847341657,2260.0,0.0003214285714285714,0.2556832696258861,False
S8,silu,100,12,50,15000,1.0,50,23,silu_p100_rt12_rs50_n15000_eta1.0_seed23.npz,0.9999999993489306,1.6209514567823222,0.3117588058924257,5.199376653186314,5.143818384875122e-05,0.5826706641141522,0.9023842248336421,0.9598008048413594,516.0,6580.0,5.200474282844313,0.3315187629478963,0.9021074258205971,3900.0,0.0009782608695652175,0.2770239348112351,False
S8,silu,100,12,50,15000,1.0,50,37,silu_p100_rt12_rs50_n15000_eta1.0_seed37.npz,0.9999999993683044,1.599482595900039,0.338545281167878,4.724575071264652,3.525940736560173e-06,0.7981992205848243,0.9207752840871442,0.9607271061920732,520.0,6160.0,4.799423753294219,0.29615179063203645,0.9201658703083887,2780.0,0.0004787234042553192,0.270258340320176,False
S8,silu,100,12,50,15000,1.0,50,41,silu_p100_rt12_rs50_n15000_eta1.0_seed41.npz,0.9999999992875669,1.5929003672197595,0.3052192929404506,5.21887182122049,0.0005676142349462905,0.715108688976792,0.9135831690564788,0.9606928750255482,520.0,6460.0,5.21427779979218,0.3380499862994125,0.9023197377960914,2960.0,0.0003214285714285714,0.2928219768205525,False
S8,silu,100,12,50,15000,1.0,50,53,silu_p100_rt12_rs50_n15000_eta1.0_seed53.npz,0.9999999994164445,1.5967016447293017,0.2847974189259222,5.606447034355375,2.2077137866451514e-06,0.797869402692627,0.9294839820328006,0.9658601659992333,518.0,6100.0,5.609816635336551,0.26603948124826715,0.929479640202269,2020.0,0.00140625,0.2780081915174116,False
S8,silu,100,12,50,15000,1.0,50,67,silu_p100_rt12_rs50_n15000_eta1.0_seed67.npz,0.9999999992912025,1.5804694516545814,0.27318224512625205,5.785403260465051,0.0013133770568046189,0.8136039274266487,0.9267220884999656,0.9618504305594128,521.0,5820.0,5.771501960269311,0.2622899369318493,0.9245551404658812,2840.0,0.00024456521739130437,0.2691271978825181,False
S8,silu,100,12,50,15000,1.0,50,71,silu_p100_rt12_rs50_n15000_eta1.0_seed71.npz,0.9999999993596157,1.6015275589556415,0.329769492551467,4.856506120576608,0.0007569714920529571,0.7601075173063543,0.9127815964949119,0.9604594375578334,520.0,6260.0,4.8849467445552595,0.28638171595150386,0.8890057825176398,2500.0,0.0002647058823529412,0.264589175265891,False
S8,silu,100,12,50,15000,1.0,50,83,silu_p100_rt12_rs50_n15000_eta1.0_seed83.npz,0.9999999994621875,1.607261273396164,0.30104853110928953,5.338877646982043,0.0003229067019660507,0.722991532864031,0.9155937886156332,0.9607175584683078,521.0,6000.0,5.308320979416183,0.23444032386034475,0.878492993793969,2940.0,0.00019736842105263157,0.2574831664233339,False
S8,silu,100,12,50,15000,1.0,50,97,silu_p100_rt12_rs50_n15000_eta1.0_seed97.npz,0.9999999993848947,1.5996334275126625,0.31656758730141676,5.053054992612326,0.0006662839987804485,0.8003093767510977,0.9296248482068142,0.9607278291814626,520.0,6220.0,5.048690739633387,0.26829273547045096,0.8031713890645384,2240.0,0.00021226415094339622,0.2989504756748218,False
S8,silu,100,12,50,15000,1.0,50,101,silu_p100_rt12_rs50_n15000_eta1.0_seed101.npz,0.9999999994535222,1.6073626151629445,0.24856918744033682,6.466459627256714,0.00021177298698758738,0.5939791275766421,0.9124151056446923,0.9599904932383536,516.0,6280.0,6.456386450597761,0.2623941714891217,0.9115931548239282,3860.0,0.0004090909090909091,0.2456944027262187,False
S8,silu,100,12,50,15000,1.0,50,103,silu_p100_rt12_rs50_n15000_eta1.0_seed103.npz,0.9999999993598491,1.567127696292775,0.2887943894532085,5.426447858837945,6.277497468008292e-07,0.8290451089117264,0.9339239173482173,0.9636555524198412,522.0,5780.0,5.43127759987764,0.28213046444931034,0.9157930146066103,2020.0,0.0017307692307692308,0.24888173815882023,False
S8,silu,100,12,50,15000,1.0,50,107,silu_p100_rt12_rs50_n15000_eta1.0_seed107.npz,0.999999999274415,1.5913331693594126,0.3021004005601361,5.2675639171906425,9.869523243505276e-05,0.784840457727269,0.9286516232391964,0.9598566590225522,518.0,6400.0,5.268480092217139,0.24615970605026882,0.7090331813017178,1920.0,0.00024456521739130437,0.2662525671853729,False
S8,silu,100,12,50,15000,1.0,50,109,silu_p100_rt12_rs50_n15000_eta1.0_seed109.npz,0.9999999994600132,1.609201551481816,0.30905586398417834,5.206830670471267,5.88427903415745e-05,0.8327141218239289,0.934453989742697,0.9653663544714856,519.0,6060.0,5.212244389930515,0.2808949736099381,0.9054149872962214,2320.0,0.0002777777777777778,0.24232038981996853,False
S8,silu,100,12,50,15000,1.0,50,113,silu_p100_rt12_rs50_n15000_eta1.0_seed113.npz,0.9999999992323382,1.5811101712076643,0.28124531814174375,5.621818637389038,0.0007527041018746815,0.8553575738080814,0.9346544195833141,0.9654475166701154,526.0,6080.0,5.637198836856783,0.2521413099056401,0.9234956656594723,2140.0,0.0003461538461538462,0.255095658196689,False
S8,silu,100,12,50,15000,1.0,50,127,silu_p100_rt12_rs50_n15000_eta1.0_seed127.npz,0.9999999993127598,1.6019930979547565,0.28605791474746667,5.600240424632207,0.0002217533215165053,0.8105380227557023,0.9167914323453537,0.9609569244328465,518.0,6480.0,5.597833071193655,0.3023712270986698,0.9067835295836557,2420.0,0.0008333333333333334,0.2594855563111444,False
S8,silu,100,12,50,15000,1.0,50,131,silu_p100_rt12_rs50_n15000_eta1.0_seed131.npz,0.9999999993942951,1.6143044563884417,0.2825457318618731,5.713427153016134,3.734902188840714e-06,0.7332372204948582,0.9090171263791054,0.9626085785152675,518.0,6400.0,5.711889291854793,0.2596343162916158,0.8641188500292876,2060.0,0.0003125,0.23208197783630358,False
S8,silu,100,12,50,15000,1.0,50,137,silu_p100_rt12_rs50_n15000_eta1.0_seed137.npz,0.999999999328338,1.6042554891648055,0.3020651571556915,5.310958417948001,0.0018373706103894025,0.7223322344122124,0.9151420602966428,0.9604275721103012,518.0,6300.0,5.337519561592649,0.2966349273788321,0.9151355513603302,2800.0,0.0003214285714285714,0.26635920895004106,False
S8,silu,100,12,50,15000,1.0,50,139,silu_p100_rt12_rs50_n15000_eta1.0_seed139.npz,0.9999999994259606,1.5864024743303746,0.2968508843044968,5.344105603886669,4.337384466693143e-05,0.8162634653489298,0.9323152255917755,0.96324683963334,520.0,6300.0,5.351172977628391,0.29007881562841653,0.8884917940319563,2620.0,0.00021844660194174757,0.276180718736259,False
S8,silu,100,12,50,15000,1.0,50,149,silu_p100_rt12_rs50_n15000_eta1.0_seed149.npz,0.9999999993543373,1.6148305646794785,0.3002558991619769,5.378180975582889,0.0026058295227137105,0.7290097960450652,0.9278958963993027,0.9616275292433603,518.0,6440.0,5.375446740529647,0.2813918006115873,0.9237681745275602,3040.0,0.00024725274725274725,0.27488259067991794,False
S8,silu,100,12,50,15000,1.0,50,151,silu_p100_rt12_rs50_n15000_eta1.0_seed151.npz,0.9999999993051243,1.5914064670959358,0.3068859725145258,5.185660504637793,0.0005176763717353764,0.5883114132839267,0.8958006245667779,0.960596856062551,516.0,6680.0,5.143924350822355,0.3135539296952502,0.8235343742913219,3500.0,0.0001480263157894737,0.2549434322623484,False
S8,silu,100,12,50,15000,1.0,50,157,silu_p100_rt12_rs50_n15000_eta1.0_seed157.npz,0.9999999993759571,1.5937751104062536,0.31134332489758487,5.119027719417205,0.0002755821160433714,0.7706947533888459,0.9190845330035775,0.9596577610920258,519.0,6220.0,5.140405557936085,0.3024120193144113,0.8996265858172046,2580.0,0.0004411764705882353,0.27699773427986407,False
S8,silu,100,12,50,15000,1.0,50,163,silu_p100_rt12_rs50_n15000_eta1.0_seed163.npz,0.9999999991713988,1.581252161066664,0.2938808131159927,5.380589989189104,0.0009583948754488809,0.7927187693921506,0.9110759179758825,0.9613438832374253,519.0,6060.0,5.386087849967435,0.25491790792757674,0.7686648359743826,1560.0,0.00036290322580645164,0.25557400147763487,False
S8,silu,100,12,50,15000,1.0,50,167,silu_p100_rt12_rs50_n15000_eta1.0_seed167.npz,0.9999999993136913,1.5822945542059141,0.29920435742187557,5.288340610544292,2.096772873259255e-05,0.7990885133915807,0.9321462207651551,0.9667402914539839,518.0,6220.0,5.279886908129095,0.2888722312529697,0.9183342883751162,2600.0,0.0004166666666666667,0.264087031735014,False
S8,silu,100,12,50,15000,1.0,50,173,silu_p100_rt12_rs50_n15000_eta1.0_seed173.npz,0.9999999993703136,1.5860035643438246,0.31276986516127503,5.070832394693862,0.0012350445575330985,0.8353860075826137,0.9355635907129665,0.9656104521042724,520.0,6000.0,5.080811362183319,0.273749629169995,0.834435932103899,2280.0,0.00021634615384615385,0.26326572983621804,False
S8,silu,100,12,50,15000,1.0,50,179,silu_p100_rt12_rs50_n15000_eta1.0_seed179.npz,0.9999999994702822,1.5960858959261497,0.30971177261542626,5.153455687033355,5.2634409519421884e-05,0.8152230217382447,0.9238189547360349,0.9600990266448695,518.0,6020.0,5.149726636835882,0.27030344746950674,0.9215759135910148,2780.0,0.0004090909090909091,0.2869408626186416,False
S8,silu,100,12,50,15000,1.0,50,181,silu_p100_rt12_rs50_n15000_eta1.0_seed181.npz,0.9999999994067689,1.5991848708134633,0.3016119555763919,5.302126925828786,5.5025058719225455e-05,0.7501397761452065,0.9281961896647433,0.9636166027215541,516.0,6060.0,5.299520493459496,0.25260612353125234,0.8348106955295229,2760.0,0.00017578125,0.23264422005358465,False
S8,silu,100,12,50,15000,1.0,50,191,silu_p100_rt12_rs50_n15000_eta1.0_seed191.npz,0.9999999991731836,1.5814108408796117,0.26785021194404096,5.904086576604982,5.578293414976851e-05,0.8793720353841762,0.9361558829684539,0.9647798250107787,518.0,5800.0,5.916929737387458,0.24819962162555798,0.9305228427433754,2280.0,0.000703125,0.2699279452067592,False
S8,silu,100,12,50,15000,1.0,50,193,silu_p100_rt12_rs50_n15000_eta1.0_seed193.npz,0.9999999993835563,1.6038939276406514,0.28398046547459616,5.647902312436099,3.601696223663094e-05,0.8609358358583366,0.9378071044322982,0.96667829707995,520.0,6140.0,5.642291708267729,0.257937029518684,0.8161813389628055,1480.0,0.0003461538461538462,0.2539237288145775,False
S8,silu,100,12,50,15000,1.0,50,197,silu_p100_rt12_rs50_n15000_eta1.0_seed197.npz,0.999999999336968,1.6093112118718993,0.2859278865821224,5.628381446486448,0.0010359309010791273,0.8422464615414963,0.9219442563636312,0.9601520584461878,522.0,6000.0,5.623688396318971,0.26731682526385725,0.9073102398884313,2200.0,0.0003879310344827586,0.25190743731285875,False
S8,silu,100,12,50,15000,1.0,50,199,silu_p100_rt12_rs50_n15000_eta1.0_seed199.npz,0.9999999993881644,1.5954742456307331,0.29323956261720774,5.440856040675012,0.0021361052745024504,0.8328878947561876,0.93746904811201,0.9665646719446346,520.0,6020.0,5.431319229086123,0.28269388037933796,0.927933088282068,2500.0,0.00038135593220338984,0.2508444025495511,False
S8,silu,100,12,50,15000,1.0,50,211,silu_p100_rt12_rs50_n15000_eta1.0_seed211.npz,0.9999999993601743,1.5974710424742171,0.3156964368399539,5.060149105465116,0.00036314684694125667,0.4597023214961217,0.9021560031127082,0.9568653825055983,522.0,6840.0,5.057757883733497,0.29711675367401746,0.8641521883517103,4160.0,0.0001308139534883721,0.25569785951567087,False
S8,silu,100,12,50,15000,1.0,50,223,silu_p100_rt12_rs50_n15000_eta1.0_seed223.npz,0.9999999993864148,1.6030745154307984,0.27409999571278953,5.8485025191702285,9.003455335024259e-05,0.5407859619036798,0.8973359260751281,0.9574800398799727,520.0,6640.0,5.7964132928577135,0.3099747111256659,0.8570576278317381,3800.0,0.00014516129032258066,0.27096463518238145,False
S8,silu,100,12,50,15000,1.0,50,227,silu_p100_rt12_rs50_n15000_eta1.0_seed227.npz,0.9999999992861346,1.5942997670807861,0.30020036627263985,5.310785549251643,0.00015387517343248223,0.7578738584146407,0.922102837684426,0.961202483757225,522.0,6160.0,5.305361053029251,0.335617205576039,0.9220859041461275,2460.0,0.0005625000000000001,0.27585159467842685,False
S8,silu,100,12,50,15000,1.0,50,229,silu_p100_rt12_rs50_n15000_eta1.0_seed229.npz,0.9999999994111739,1.6166934977039356,0.3101811350725098,5.212094853305659,0.0002563998562667544,0.78444279133202,0.9212993641955334,0.9605512719610635,518.0,6060.0,5.244106482720474,0.2834941230741561,0.917224036001057,2540.0,0.00030405405405405404,0.2612598691103878,False
S8,silu,100,12,50,15000,1.0,50,233,silu_p100_rt12_rs50_n15000_eta1.0_seed233.npz,0.9999999993726709,1.6043726928081121,0.3069861041828476,5.226206238483397,0.0016157245555133235,0.8294580740996899,0.9339327629997454,0.9618813436078234,522.0,6340.0,5.221120342975805,0.29612746197497875,0.918472129089987,2240.0,0.0005113636363636364,0.2607035436666806,False
S8,silu,100,12,50,15000,1.0,50,239,silu_p100_rt12_rs50_n15000_eta1.0_seed239.npz,0.9999999994603307,1.6197242251668316,0.29318935666452456,5.524498718485765,0.0013205792053578504,0.7381980648800339,0.9074317788059623,0.9547219418318945,516.0,6660.0,5.545836012960882,0.3153323772469875,0.8765878052938922,2220.0,0.0003214285714285714,0.2744205530415934,False
S8,silu,100,12,50,15000,1.0,50,241,silu_p100_rt12_rs50_n15000_eta1.0_seed241.npz,0.9999999994408245,1.6096670437654022,0.31751958382832957,5.069504766785302,1.939223426731257e-05,0.8175864235178644,0.9175198829817204,0.9592636264481272,518.0,6480.0,5.086398921686034,0.33020150935121784,0.9174630744518856,2080.0,0.00036885245901639344,0.2605629902098296,False
S8,silu,100,12,50,15000,1.0,50,251,silu_p100_rt12_rs50_n15000_eta1.0_seed251.npz,0.9999999993882774,1.59884933748022,0.33068245965234305,4.834998926647458,2.8210483386944665e-05,0.7555075518809935,0.9262466062069444,0.9621955156027536,516.0,6280.0,4.859842912432388,0.2871154263640304,0.878306664241056,2900.0,0.00022058823529411765,0.24048534941045757,False
S8,silu,100,12,50,15000,1.0,50,257,silu_p100_rt12_rs50_n15000_eta1.0_seed257.npz,0.999999999303975,1.5933558194949229,0.30323025628175587,5.254606974359467,0.00043352869652672136,0.8474095509312445,0.9289162148192678,0.9630446097971465,519.0,6060.0,5.258197272262872,0.2678529040141062,0.9270801034076356,1560.0,0.0010714285714285715,0.2762840011720181,False
S8,silu,100,12,50,15000,1.0,50,263,silu_p100_rt12_rs50_n15000_eta1.0_seed263.npz,0.9999999993658157,1.6152785863957868,0.325517856789213,4.962181191312494,0.00021369399583050407,0.7835949396183807,0.9201253086481384,0.9632390034854571,517.0,5980.0,4.9734830904625875,0.2602777772030348,0.9189187424672759,2260.0,0.00075,0.2391024654376999,False
S8,silu,100,12,50,15000,1.0,50,269,silu_p100_rt12_rs50_n15000_eta1.0_seed269.npz,0.9999999993926499,1.6138441203986054,0.293564473457832,5.497409483475596,0.003114699299058512,0.6275467878234303,0.889054619259161,0.9528210728391576,516.0,6660.0,5.524196623350388,0.293159696436471,0.8817590324055353,3380.0,0.00023437500000000002,0.27579331830059495,False
S8,silu,100,12,50,15000,1.0,50,271,silu_p100_rt12_rs50_n15000_eta1.0_seed271.npz,0.9999999994412306,1.598568930297786,0.3161270522883291,5.056729307809392,0.00017997617715578935,0.7305478500328131,0.9095676285926367,0.9589264434274777,522.0,6060.0,5.024347652428027,0.2604537672427397,0.8732529538564483,2760.0,0.00022058823529411765,0.24478518976164698,False
S8,silu,100,12,50,15000,1.0,50,277,silu_p100_rt12_rs50_n15000_eta1.0_seed277.npz,0.9999999993296877,1.580137958810426,0.3082570756787038,5.126039541286647,0.0003528475045899951,0.8729426430764946,0.9356955268382722,0.9671946208592969,519.0,5620.0,5.1269454444733045,0.3033512639694872,0.9320496496034372,2540.0,0.0005232558139534884,0.25791296948071496,False
S8,silu,100,12,50,15000,1.0,50,281,silu_p100_rt12_rs50_n15000_eta1.0_seed281.npz,0.9999999994495478,1.6034122468054526,0.29189068529213436,5.4931942936126985,0.003560165928312374,0.6067391735284849,0.9186133328649273,0.955955377102557,517.0,6480.0,5.509568061106496,0.2753995818841374,0.8733077016815446,3500.0,0.00015625,0.28493980762692644,False
S8,silu,100,12,50,15000,1.0,50,283,silu_p100_rt12_rs50_n15000_eta1.0_seed283.npz,0.9999999994063128,1.6105275692668783,0.3081840588365389,5.2258626722841095,0.0066467122555084615,0.8161968825295898,0.929677468492344,0.9625039708522308,516.0,6040.0,5.2339765147893935,0.29998026847145876,0.8376852817990881,2100.0,0.0002393617021276596,0.25125496536656144,False
S8,silu,100,12,50,15000,1.0,50,293,silu_p100_rt12_rs50_n15000_eta1.0_seed293.npz,0.9999999994646167,1.6195278942085085,0.30703584139287016,5.274719351530783,2.2057858854290743e-07,0.7712146496487122,0.93066609327028,0.9611812264406927,520.0,6340.0,5.251362228008007,0.27104861014800774,0.8687402804292009,2280.0,0.00023437500000000002,0.2492289402315825,False
S8,silu,100,12,50,15000,1.0,50,307,silu_p100_rt12_rs50_n15000_eta1.0_seed307.npz,0.9999999993821651,1.601776672203989,0.27818190578250035,5.7580189038476,0.0004811536739206424,0.8245942999554099,0.91872647726584,0.9582259735693489,516.0,6260.0,5.782602563717021,0.3039539417551398,0.9082916407677054,2660.0,0.0006818181818181819,0.27770052715659976,False
S8,silu,100,12,50,15000,1.0,50,311,silu_p100_rt12_rs50_n15000_eta1.0_seed311.npz,0.9999999993231852,1.6014322568101806,0.30162767007477825,5.30930155185418,1.222976274836933e-06,0.64330983717913,0.9093306152540687,0.959551906817453,520.0,6160.0,5.320803882792565,0.2964706084648844,0.8568102539583788,3360.0,0.00015517241379310346,0.25806261238840267,False
S8,silu,100,12,50,15000,1.0,50,313,silu_p100_rt12_rs50_n15000_eta1.0_seed313.npz,0.9999999993771057,1.6004238273338103,0.2835772886899215,5.643695356308307,0.00028476622765341797,0.8213187031244094,0.9312383071806294,0.9620244814287529,516.0,6040.0,5.649757498127362,0.30716663790183096,0.8998968174117837,2340.0,0.0002960526315789474,0.3025656605242544,False
S10,silu,100,16,50,15000,1.0,50,5,silu_p100_rt16_rs50_n15000_eta1.0_seed5.npz,0.9999999998553276,1.7810457072147892,0.47209023297231284,3.7726806928438275,0.0004040414002474585,0.3898786665144859,0.7926845971736883,0.9160625214356847,510.0,7060.0,3.814851889750744,0.24547904057408332,0.750322955279786,4440.0,0.00011658031088082901,0.4566321921536321,False
S10,silu,100,16,50,15000,1.0,50,11,silu_p100_rt16_rs50_n15000_eta1.0_seed11.npz,0.9999999998679869,1.7780061917531143,0.46606499254642536,3.814931866130247,0.0002518393981689099,0.3905324999923089,0.788655232669644,0.9209362114873052,510.0,7020.0,3.861761497505523,0.22473369120760833,0.7790987425851832,4360.0,0.0001939655172413793,0.44397390446770063,False
S10,silu,100,16,50,15000,1.0,50,23,silu_p100_rt16_rs50_n15000_eta1.0_seed23.npz,0.9999999998440021,1.7655304505259688,0.4516921474333039,3.908702997292341,0.00035568561321010407,0.43098540685382264,0.8066587979145502,0.9209597003957524,513.0,7160.0,3.9407730154296057,0.21122837896543256,0.7419818997159034,4320.0,0.00011597938144329897,0.43335272259056434,False
S10,silu,100,16,50,15000,1.0,50,37,silu_p100_rt16_rs50_n15000_eta1.0_seed37.npz,0.9999999998701496,1.76170168910486,0.4351025089196526,4.048934798098766,0.0002735190599747674,0.5890835076473125,0.7988112207770511,0.9240823865292115,510.0,7020.0,4.067638407300974,0.23471068982173093,0.7977800091479147,3400.0,0.00018,0.4351363046715573,False
S10,silu,100,16,50,15000,1.0,50,41,silu_p100_rt16_rs50_n15000_eta1.0_seed41.npz,0.9999999998672643,1.7758431966138588,0.44128767752463505,4.024230195085657,0.0003833842849906509,0.5007276969579327,0.7750267693155912,0.9186553487357608,511.0,7080.0,4.05856613576081,0.23498751690484943,0.7747041639457749,4000.0,0.0005625000000000001,0.41741908354189633,False
S10,silu,100,16,50,15000,1.0,50,53,silu_p100_rt16_rs50_n15000_eta1.0_seed53.npz,0.9999999998633466,1.7697021672772875,0.4992944359880843,3.5444059451115564,7.679743429611735e-07,0.03688444855706762,0.8228980553118627,0.9283452361712967,511.0,6820.0,3.6059141430068093,0.22455898122458295,0.8170772550748368,4740.0,0.0006818181818181819,0.4855050850148275,False
S10,silu,100,16,50,15000,1.0,50,67,silu_p100_rt16_rs50_n15000_eta1.0_seed67.npz,0.9999999998707253,1.7653091922625466,0.4506189535694217,3.9175209526347308,0.0002859995299826107,0.056233663876438515,0.7920068049829841,0.9227176068957472,511.0,7180.0,3.960238219707977,0.22575676081473395,0.781163388075439,5640.0,0.00027439024390243905,0.4436228217848952,False
S10,silu,100,16,50,15000,1.0,50,71,silu_p100_rt16_rs50_n15000_eta1.0_seed71.npz,0.9999999998590743,1.7779997845873796,0.48287158118800144,3.6821379717832934,8.554984457673777e-05,0.38448416236868355,0.7623260906477015,0.919226030207587,511.0,6960.0,3.723261812036879,0.2224306400527052,0.7542226491415662,4860.0,0.0001347305389221557,0.46085040858265647,False
S10,silu,100,16,50,15000,1.0,50,83,silu_p100_rt16_rs50_n15000_eta1.0_seed83.npz,0.9999999998552487,1.7589310982497846,0.41434338259147035,4.245104838524803,2.991685894949157e-05,0.42265239431215956,0.708387481471476,0.9140735125021356,511.0,7160.0,4.271135614208041,0.2209572430093273,0.6790862692022419,4900.0,0.00010817307692307693,0.429198201402411,False
S10,silu,100,16,50,15000,1.0,50,97,silu_p100_rt16_rs50_n15000_eta1.0_seed97.npz,0.9999999998764882,1.7689025401005938,0.4635481917959869,3.8160056956475175,0.0001318927245365247,0.0006591146337799931,0.7729658588208168,0.9205985489050853,512.0,7060.0,3.843336260511411,0.2691118857208613,0.772832687726997,4920.0,0.0015,0.4557736373142857,False
S10,silu,100,16,50,15000,1.0,50,101,silu_p100_rt16_rs50_n15000_eta1.0_seed101.npz,0.9999999998851486,1.7724884037061337,0.4731403275769948,3.74622136477617,0.0007795651189811446,0.521304676146768,0.8171096993146202,0.9145772691813333,511.0,7060.0,3.791565132275254,0.25900693343482095,0.7892286823370932,3900.0,0.0003461538461538462,0.44931719992227703,False
S10,silu,100,16,50,15000,1.0,50,103,silu_p100_rt16_rs50_n15000_eta1.0_seed103.npz,0.9999999998566856,1.776867721486652,0.4483010965643143,3.9635587222609847,2.2415864077449628e-05,0.6450425316374009,0.7957857509906319,0.9256129686973424,511.0,6780.0,3.9968961972348294,0.21290514847228592,0.7956860566845811,3220.0,0.0008333333333333334,0.4023758150270306,False
S10,silu,100,16,50,15000,1.0,50,107,silu_p100_rt16_rs50_n15000_eta1.0_seed107.npz,0.9999999998745195,1.764606722756884,0.4666443976538792,3.7814805698486773,7.917157122262294e-08,0.4302245295191694,0.7624837533784131,0.9161470270661805,512.0,7060.0,3.8514683579240754,0.23910353351830693,0.7576287580253664,4380.0,0.00024193548387096774,0.46000412655215667,False
S10,silu,100,16,50,15000,1.0,50,109,silu_p100_rt16_rs50_n15000_eta1.0_seed109.npz,0.9999999998579135,1.781627705429467,0.4821894225407256,3.694870982531748,3.6218532442503625e-05,0.48899330635871735,0.7784229151467148,0.914570870319583,511.0,7100.0,3.7576465272698205,0.26472058320198166,0.7681244843796788,4060.0,0.00021226415094339622,0.4585416101116386,False
S10,silu,100,16,50,15000,1.0,50,113,silu_p100_rt16_rs50_n15000_eta1.0_seed113.npz,0.9999999998301798,1.7653473558341848,0.44385870386430554,3.9772732639121093,2.2654468683786304e-05,0.461743278602918,0.8292625329732232,0.9225972247215113,510.0,7080.0,3.9611278164085975,0.2619131761031539,0.8119064256069343,4220.0,0.00014516129032258066,0.43439850169494926,False
S10,silu,100,16,50,15000,1.0,50,127,silu_p100_rt16_rs50_n15000_eta1.0_seed127.npz,0.9999999998573132,1.7572744346198776,0.42905151021415877,4.09571902856779,0.0003540939245600818,0.5768875673137175,0.7889024463312226,0.9276274428704552,510.0,7040.0,4.081895050649238,0.21960659262361215,0.7516464278080662,3320.0,0.00024725274725274725,0.5031084341457003,False
S10,silu,100,16,50,15000,1.0,50,131,silu_p100_rt16_rs50_n15000_eta1.0_seed131.npz,0.9999999998511186,1.7771662890307243,0.4450783216901355,3.9929293394522847,0.00019390283127316643,0.5516287017583497,0.785328710351768,0.9212261831039475,511.0,6880.0,4.0167390687578415,0.22448580195266055,0.7107469929402883,3680.0,0.0001308139534883721,0.44310023751938815,False
S10,silu,100,16,50,15000,1.0,50,137,silu_p100_rt16_rs50_n15000_eta1.0_seed137.npz,0.9999999998563774,1.7722774771886756,0.4612317177506456,3.8424882959736455,1.6385878467726516e-05,0.3222240569666499,0.7781232295913917,0.9198874153143921,510.0,7120.0,3.89220465978105,0.2254479828542817,0.7739197503860009,5040.0,0.00014240506329113925,0.4535487379563558,False
S10,silu,100,16,50,15000,1.0,50,139,silu_p100_rt16_rs50_n15000_eta1.0_seed139.npz,0.9999999998398996,1.7706830886577432,0.4434035007000861,3.993389961653497,2.2402628760886215e-05,0.20661966598421666,0.6624506583326166,0.905051564342012,511.0,7340.0,4.048245066166689,0.2723718418765183,0.6322352184222557,6340.0,0.0001331360946745562,0.4511386962709611,False
S10,silu,100,16,50,15000,1.0,50,149,silu_p100_rt16_rs50_n15000_eta1.0_seed149.npz,0.9999999998694953,1.7906858192095962,0.48378971479379956,3.7013722376731817,0.00043395081437507714,0.22197136930059316,0.7589581844928938,0.9147526965817263,510.0,7140.0,3.7158031341306557,0.2677321689187908,0.7478674340273831,5320.0,0.00015625,0.42805372607710473,False
S10,silu,100,16,50,15000,1.0,50,151,silu_p100_rt16_rs50_n15000_eta1.0_seed151.npz,0.999999999872816,1.7600519808295232,0.44992459361825266,3.9118821371273467,4.740522861096172e-05,0.5156823072815228,0.779920573343469,0.9164460199018213,510.0,6980.0,3.940983718746712,0.24392756971351626,0.744788150461047,3940.0,0.0003879310344827586,0.46110564297151213,False
S10,silu,100,16,50,15000,1.0,50,157,silu_p100_rt16_rs50_n15000_eta1.0_seed157.npz,0.9999999998792264,1.7621004421288617,0.4530926241069477,3.889051263198089,1.0387122491315306e-06,0.2628909437773903,0.7789850089682724,0.9187539934146872,510.0,7020.0,3.891713316444829,0.2301276666413764,0.7462401063002483,5160.0,0.000125,0.4490301509574708,False
S10,silu,100,16,50,15000,1.0,50,163,silu_p100_rt16_rs50_n15000_eta1.0_seed163.npz,0.9999999998709863,1.7721309144292703,0.44781965322520567,3.957242389132209,0.0009837212946638438,0.3031362498823787,0.7772638456782599,0.9169143817488561,510.0,7080.0,4.0075862073633415,0.22073586692723546,0.744463378185213,4860.0,0.00011718750000000001,0.4120549274023526,False
S10,silu,100,16,50,15000,1.0,50,167,silu_p100_rt16_rs50_n15000_eta1.0_seed167.npz,0.9999999998594505,1.7703099734187344,0.4454202113377849,3.9744715851616754,0.0001378243869083875,0.3501759651487734,0.7888575779924485,0.9215935487009551,510.0,7060.0,4.001243029272323,0.24868622425972775,0.7886950881984213,5000.0,0.00019067796610169492,0.45094550221660173,False
S10,silu,100,16,50,15000,1.0,50,173,silu_p100_rt16_rs50_n15000_eta1.0_seed173.npz,0.9999999998477824,1.7619029225058311,0.4688800117819258,3.75768400919868,3.939227388343171e-05,0.6704939472230554,0.8615976751345196,0.9349693060776808,510.0,6700.0,3.7987279226018953,0.20496114980441604,0.7902167357069726,3080.0,0.0001717557251908397,0.4062127109511112,False
S10,silu,100,16,50,15000,1.0,50,179,silu_p100_rt16_rs50_n15000_eta1.0_seed179.npz,0.9999999998775384,1.7689004274540063,0.46607801129907095,3.7952883091902523,0.0014630239361470212,0.21388527138614327,0.8042144235353605,0.9234427862112234,510.0,7100.0,3.838705562496859,0.21796487100475115,0.8021886255224239,4960.0,0.00025280898876404496,0.44824965102427516,False
S10,silu,100,16,50,15000,1.0,50,181,silu_p100_rt16_rs50_n15000_eta1.0_seed181.npz,0.9999999998442043,1.7781666047238647,0.4862164964303578,3.657149886477693,0.0004046985994314372,0.6109529116084522,0.8302724519938018,0.9268352614062659,511.0,6660.0,3.70934647864712,0.2242787563958426,0.7558390486977566,3360.0,0.00014240506329113925,0.45246765971722225,False
S10,silu,100,16,50,15000,1.0,50,191,silu_p100_rt16_rs50_n15000_eta1.0_seed191.npz,0.9999999998693418,1.7679851699010676,0.4169778100372098,4.239998214157483,1.4381360316627412e-06,0.6919678013562577,0.839974704502413,0.9279742510324287,510.0,6700.0,4.233618546078467,0.23073548238863173,0.8359282479757465,3020.0,0.0002616279069767442,0.47031084582624044,False
S10,silu,100,16,50,15000,1.0,50,193,silu_p100_rt16_rs50_n15000_eta1.0_seed193.npz,0.9999999998591313,1.7861770191423088,0.4447660021046005,4.0159927033321985,4.827565131370079e-05,0.5194867483974844,0.7585837886797766,0.9193638387943694,510.0,6900.0,4.029900305263696,0.22140748808273403,0.7567613444727166,3820.0,0.00024193548387096774,0.48349061900930945,False
S10,silu,100,16,50,15000,1.0,50,197,silu_p100_rt16_rs50_n15000_eta1.0_seed197.npz,0.9999999998548609,1.7575946357855756,0.4579915380791331,3.8376137759162994,1.6419738662071992e-05,0.07954029739859239,0.7947966552768568,0.9176839586084853,511.0,7180.0,3.876821961930346,0.2449487571615171,0.7906121064693434,5420.0,0.00020833333333333335,0.4320557358122659,False
S10,silu,100,16,50,15000,1.0,50,199,silu_p100_rt16_rs50_n15000_eta1.0_seed199.npz,0.9999999998817938,1.7552809352004233,0.47385736870069767,3.7042389780987253,8.083188435290894e-06,0.24653585094335795,0.7656601167580662,0.9137454718626008,510.0,7200.0,3.7884817273888047,0.25947605405573904,0.7649298535042282,4660.0,0.00025280898876404496,0.4764410978169102,False
S10,silu,100,16,50,15000,1.0,50,211,silu_p100_rt16_rs50_n15000_eta1.0_seed211.npz,0.9999999998603599,1.7744112872430633,0.4525269819894612,3.921117099895686,0.0027483114493446776,0.29812018336130985,0.7521244698680811,0.9146306100589996,511.0,7160.0,3.962335898063497,0.23375321743260413,0.7515089733184303,5000.0,0.00012162162162162163,0.4717555749076067,False
S10,silu,100,16,50,15000,1.0,50,223,silu_p100_rt16_rs50_n15000_eta1.0_seed223.npz,0.9999999998577479,1.766876447923852,0.4672046926323016,3.7818037271179876,0.000197684536895928,0.17058558272406946,0.7617774934871707,0.9203115491739691,511.0,7200.0,3.8427467852300867,0.23106024648200496,0.7256380550331298,5420.0,0.00018907563025210084,0.477171928752931,False
S10,silu,100,16,50,15000,1.0,50,227,silu_p100_rt16_rs50_n15000_eta1.0_seed227.npz,0.9999999998703746,1.767719310342743,0.39030291590313965,4.529095833814967,6.110809431534537e-05,0.07784368519649604,0.7813598377787704,0.9216949912869133,512.0,7040.0,4.545867177976398,0.23843710670194718,0.7805304112004805,5540.0,0.00020642201834862386,0.4635048288340206,False
S10,silu,100,16,50,15000,1.0,50,229,silu_p100_rt16_rs50_n15000_eta1.0_seed229.npz,0.9999999998407506,1.7711956625632903,0.4736174167598771,3.7397181773433013,8.788209893341755e-05,0.47099076025688225,0.8355647749185476,0.9247590147980295,511.0,6980.0,3.7952493758617947,0.22820878215173734,0.8348029498580462,4240.0,0.0004166666666666667,0.405724107911516,False
S10,silu,100,16,50,15000,1.0,50,233,silu_p100_rt16_rs50_n15000_eta1.0_seed233.npz,0.9999999998474429,1.7778764914226675,0.4717583588793911,3.7686168309678987,0.00023085072957799716,0.30152613253672456,0.7739189082318215,0.921351259207374,511.0,7160.0,3.820900720474253,0.23290832145652807,0.7488917448092685,4620.0,0.00015410958904109589,0.4834338955362367,False
S10,silu,100,16,50,15000,1.0,50,239,silu_p100_rt16_rs50_n15000_eta1.0_seed239.npz,0.9999999998132009,1.7699039297075425,0.4605235303378768,3.843243207158166,0.00018174556410160286,0.6550702699495446,0.8240702448520533,0.9241624088154441,509.0,6580.0,3.875804519794226,0.19170640560509045,0.7850393190423165,3080.0,0.00018,0.4795048589920308,False
S10,silu,100,16,50,15000,1.0,50,241,silu_p100_rt16_rs50_n15000_eta1.0_seed241.npz,0.9999999998684582,1.7783624506564335,0.43574885273429703,4.081163816031458,2.858256127073108e-05,0.52114340677954,0.8244539016526446,0.9222326350893707,511.0,6920.0,4.08235518193613,0.21861445867936213,0.8022408615004867,3920.0,0.0001584507042253521,0.49142289955334467,False
S10,silu,100,16,50,15000,1.0,50,251,silu_p100_rt16_rs50_n15000_eta1.0_seed251.npz,0.9999999998699242,1.7714642717381621,0.41842014224065016,4.233697408188639,0.0005979663197032871,0.2797397545580594,0.7413433207976587,0.9091886964994581,510.0,7120.0,4.237304521931847,0.22561480955455082,0.7387972369023023,4940.0,0.0001744186046511628,0.4602963087119754,False
S10,silu,100,16,50,15000,1.0,50,257,silu_p100_rt16_rs50_n15000_eta1.0_seed257.npz,0.9999999998666073,1.7654130694144954,0.5019076896930608,3.5174059008622187,9.981576972135514e-06,0.5969934701449455,0.818297590090145,0.923651158429424,509.0,7020.0,3.544493693173584,0.2206309900105402,0.8019884462364877,3160.0,0.00019736842105263157,0.4767870002306721,False
S10,silu,100,16,50,15000,1.0,50,263,silu_p100_rt16_rs50_n15000_eta1.0_seed263.npz,0.9999999998585907,1.779285177663658,0.4208038092168638,4.2283010245914685,0.0008686132225749838,0.43637033337013065,0.8006810868901675,0.9261282493841236,510.0,6860.0,4.229796560690075,0.2551430390603556,0.7967173423678616,4340.0,0.00012857142857142858,0.4275081580990799,False
S10,silu,100,16,50,15000,1.0,50,269,silu_p100_rt16_rs50_n15000_eta1.0_seed269.npz,0.9999999998713025,1.762764961901793,0.4624262726666494,3.8119913726712555,2.0974276290672947e-05,0.37285318233160225,0.8195093547139287,0.9325788613867295,510.0,6940.0,3.8643948876044716,0.24323876749015916,0.8190698022461718,4440.0,0.00014423076923076924,0.39802885655987646,False
S10,silu,100,16,50,15000,1.0,50,271,silu_p100_rt16_rs50_n15000_eta1.0_seed271.npz,0.9999999998832233,1.7672856668259949,0.466934047106662,3.7848721415302853,0.0005621369168388509,0.46132725169105254,0.7920154833762691,0.9171024785578671,512.0,7140.0,3.844568232393986,0.23911581952117078,0.7679952823389988,4140.0,0.000151006711409396,0.49323194378771035,False
S10,silu,100,16,50,15000,1.0,50,277,silu_p100_rt16_rs50_n15000_eta1.0_seed277.npz,0.999999999858836,1.7666396647952396,0.47018523997104056,3.7573269311985413,0.00018396508868493336,0.5075122366359074,0.8011951940099336,0.9232368432105553,510.0,6940.0,3.773924225922889,0.2298704314488058,0.76088299098311,3980.0,0.00016423357664233578,0.4846314851637962,False
S10,silu,100,16,50,15000,1.0,50,281,silu_p100_rt16_rs50_n15000_eta1.0_seed281.npz,0.9999999998660634,1.7664969561062227,0.49114229208281773,3.596711145796321,6.270328110679791e-05,0.0839397922285093,0.7686215901198994,0.9196651679840824,511.0,7000.0,3.6567191419325855,0.23450137072936128,0.7665370231204203,5520.0,0.00023437500000000002,0.4765081896967056,False
S10,silu,100,16,50,15000,1.0,50,283,silu_p100_rt16_rs50_n15000_eta1.0_seed283.npz,0.9999999998784358,1.784711481459716,0.44088920214682553,4.047981834822457,0.002044488468920561,0.09732401715921708,0.7844036654901079,0.9146868332956228,510.0,7160.0,4.100765015071845,0.25780018782547565,0.7795374649194955,5380.0,0.00028125000000000003,0.46887627542417,False
S10,silu,100,16,50,15000,1.0,50,293,silu_p100_rt16_rs50_n15000_eta1.0_seed293.npz,0.9999999998776993,1.7747594936978695,0.4301872593242491,4.12555103674087,0.00024660449148889314,0.5835487352572449,0.7805678649265684,0.9192044913506563,512.0,7120.0,4.164304475955514,0.23784470370316357,0.7761914857852811,3660.0,0.00015957446808510637,0.42880036544598676,False
S10,silu,100,16,50,15000,1.0,50,307,silu_p100_rt16_rs50_n15000_eta1.0_seed307.npz,0.999999999871789,1.7803027637882727,0.4359547455975031,4.083687083961563,0.0001890428744516785,0.3599799341124329,0.7341041980368713,0.9154105519192107,509.0,7160.0,4.098599326911572,0.28094756552663047,0.716910183591076,5240.0,0.00014150943396226416,0.48692596220809103,False
S10,silu,100,16,50,15000,1.0,50,311,silu_p100_rt16_rs50_n15000_eta1.0_seed311.npz,0.9999999998637505,1.7728740464264001,0.46727114037783657,3.7941013112704756,0.002217765607874879,0.06068416228652378,0.7648511191452011,0.9144728440454912,510.0,7060.0,3.8394607329486887,0.2545567629566108,0.7548541540862641,6080.0,0.00020089285714285714,0.44105340372932933,False
S10,silu,100,16,50,15000,1.0,50,313,silu_p100_rt16_rs50_n15000_eta1.0_seed313.npz,0.9999999998579557,1.7712372199469806,0.4777625882567395,3.7073585573325705,0.00022901233957668912,0.3287130240981116,0.8145248986879363,0.924398971947012,510.0,7040.0,3.753081259371387,0.23004003817603813,0.8075646654082814,4540.0,0.0001923076923076923,0.43414354708944874,False
S11,silu,100,20,50,15000,0.85,50,5,silu_p100_rt20_rs50_n15000_eta0.85_seed5.npz,0.9999999999098181,1.3909592069765921,0.42628782940541887,3.2629578210494192,0.0026010497456514046,0.06893591818220644,0.49595571133725697,0.8707223353462027,673.0,7500.0,3.283963713253332,0.21667307755367216,0.4852259136851936,nan,nan,0.6014854875059374,False
S11,silu,100,20,50,15000,0.85,50,11,silu_p100_rt20_rs50_n15000_eta0.85_seed11.npz,0.9999999998930724,1.4045631868732031,0.39375921886462195,3.567061086018928,1.0631398906977194e-05,0.010137098890602943,0.10854979678981062,0.8408360478314199,641.0,7580.0,3.574245491757854,0.19018543895791074,0.10586237402189706,nan,nan,0.6028610268338898,False
S11,silu,100,20,50,15000,0.85,50,23,silu_p100_rt20_rs50_n15000_eta0.85_seed23.npz,0.9999999999011634,1.3967124838137468,0.42010806974419135,3.324650451642648,8.055425487164403e-05,0.03783802804558072,0.45878220594311375,0.8465695837793422,673.0,7640.0,3.345360170984324,0.2102551791319952,0.4516291077601487,nan,nan,0.6369201928972357,False
S11,silu,100,20,50,15000,0.85,50,37,silu_p100_rt20_rs50_n15000_eta0.85_seed37.npz,0.9999999998970864,1.3881976785303114,0.416718995938101,3.3312560551871573,0.00034909662931643633,0.031119307319751724,0.4147619906332422,0.8576742318708366,681.0,7580.0,3.326677494707151,0.20045189534824914,0.41466872815770806,nan,nan,0.5935616203951155,False
S11,silu,100,20,50,15000,0.85,50,41,silu_p100_rt20_rs50_n15000_eta0.85_seed41.npz,0.9999999998999468,1.3956178467542424,0.41263807000790415,3.382183923862161,0.00031462883091942296,0.025918538023708804,0.15072626522992555,0.824831194593512,640.0,7640.0,3.3986771887326395,0.21164034288379086,0.1460917747061419,nan,nan,0.629078522939381,False
S11,silu,100,20,50,15000,0.85,50,53,silu_p100_rt20_rs50_n15000_eta0.85_seed53.npz,0.999999999884304,1.3851753038683041,0.4093219591408304,3.3840727889991453,0.002735000173474318,0.000982483171307861,0.0018241490437282948,0.8149579620100689,633.0,7500.0,3.3979191776690008,0.18355216954336684,-0.002742484826918616,nan,nan,0.6313709632540038,False
S11,silu,100,20,50,15000,0.85,50,67,silu_p100_rt20_rs50_n15000_eta0.85_seed67.npz,0.9999999998726492,1.4034912664537949,0.4098523738318784,3.4243824266088247,6.899753485774397e-06,0.22765031979347908,0.48547796626339024,0.852449545797534,632.0,7480.0,3.445887151168974,0.21488757371685052,0.43586606481561785,nan,nan,0.6404606452636059,False
S11,silu,100,20,50,15000,0.85,50,71,silu_p100_rt20_rs50_n15000_eta0.85_seed71.npz,0.9999999998526852,1.4054442400001153,0.41660421336282893,3.3735718336964724,0.00030130342723159114,0.01557361508203,0.037494662290879416,0.8365457894469452,674.0,7440.0,3.3847316619965477,0.20729264680476844,0.03747007688470085,nan,nan,0.608312398957932,False
S11,silu,100,20,50,15000,0.85,50,83,silu_p100_rt20_rs50_n15000_eta0.85_seed83.npz,0.9999999998795293,1.393979627163588,0.41754770355203785,3.3384919023745994,5.926102638620461e-06,0.006313372450936524,0.03315442389691234,0.8504150940156776,685.0,7180.0,3.354004845691305,0.18367886938078193,0.032278706374946425,nan,nan,0.6259498915027842,False
S11,silu,100,20,50,15000,0.85,50,97,silu_p100_rt20_rs50_n15000_eta0.85_seed97.npz,0.9999999998887893,1.4001470276771608,0.421262906703798,3.3236893289103286,0.0001612897567340517,0.06891580824588224,0.37787708925027597,0.8622763075898755,679.0,7520.0,3.33330999273451,0.19075166806136024,0.37461454912794534,nan,nan,0.6183841046159989,False
S11,silu,100,20,50,15000,0.85,50,101,silu_p100_rt20_rs50_n15000_eta0.85_seed101.npz,0.9999999999030602,1.3963557087471339,0.422133409696223,3.3078540496284905,1.0671266275114385e-05,0.12443570778337265,0.39226596581881723,0.8346183410309997,647.0,7540.0,3.3228602247106465,0.18735798804388537,0.37550645151235307,nan,nan,0.6083835501454637,False
S11,silu,100,20,50,15000,0.85,50,103,silu_p100_rt20_rs50_n15000_eta0.85_seed103.npz,0.9999999998861593,1.3989531999829041,0.41680609676697306,3.3563645321748434,1.0194710421648844e-05,0.03222376851255911,0.5359303154846187,0.8634559947311276,657.0,7400.0,3.364829719567877,0.21715479456741094,0.5149492346182495,7540.0,0.0001347305389221557,0.6202274094509825,False
S11,silu,100,20,50,15000,0.85,50,107,silu_p100_rt20_rs50_n15000_eta0.85_seed107.npz,0.9999999998890219,1.404046428439782,0.407356575186291,3.44672582686971,2.074212562640305e-05,0.01750649328058325,0.1142677277056111,0.8221565376413545,635.0,7680.0,3.4641074723757366,0.18444895057454136,0.11255890411067467,nan,nan,0.6678325136952805,False
S11,silu,100,20,50,15000,0.85,50,109,silu_p100_rt20_rs50_n15000_eta0.85_seed109.npz,0.9999999998944484,1.3952514089627401,0.4259792368506145,3.2753976913950784,0.0009811684905017986,0.02146065497842485,0.458364453564089,0.8645686637776487,667.0,7600.0,3.2911053682060163,0.2206982802533063,0.4512500089869523,nan,nan,0.5788242987217905,False
S11,silu,100,20,50,15000,0.85,50,113,silu_p100_rt20_rs50_n15000_eta0.85_seed113.npz,0.9999999998815886,1.4005206853220222,0.41945846349466626,3.3388781183570777,0.00015742588090745803,0.07994934646043617,0.320471193711292,0.8568330988999714,644.0,7460.0,3.351177083435171,0.19206445280647066,0.3128625050736838,nan,nan,0.6171271861791657,False
S11,silu,100,20,50,15000,0.85,50,127,silu_p100_rt20_rs50_n15000_eta0.85_seed127.npz,0.9999999998814201,1.4029823061668112,0.41895005315631667,3.3488056525996837,0.00046030273338328455,0.06337366623352321,0.4786856760333765,0.8582042334649798,643.0,7520.0,3.3673958786211498,0.1826363038483848,0.4692822486446036,nan,nan,0.6299510567350364,False
S11,silu,100,20,50,15000,0.85,50,131,silu_p100_rt20_rs50_n15000_eta0.85_seed131.npz,0.9999999998862028,1.4075672872674256,0.41081507924272204,3.4262795072227425,6.223987937607787e-05,0.01307520911020412,0.16655506524027652,0.8364395055923293,644.0,7540.0,3.4410735118088085,0.20208201654399416,0.1655003525360602,nan,nan,0.619305437113051,False
S11,silu,100,20,50,15000,0.85,50,137,silu_p100_rt20_rs50_n15000_eta0.85_seed137.npz,0.9999999998563491,1.405641814963426,0.4279625020425929,3.284497609614241,0.0021274427565996235,0.01608760399002267,0.22019783752384145,0.8387495841544592,688.0,7740.0,3.2916650975647817,0.19359022346090926,0.21588175952528052,nan,nan,0.6426969191730566,False
S11,silu,100,20,50,15000,0.85,50,139,silu_p100_rt20_rs50_n15000_eta0.85_seed139.npz,0.9999999998844892,1.401016416577178,0.4265555991132384,3.2844872262601523,0.00019655622559217858,0.09193247917926889,0.20672040125326224,0.8253768405029677,679.0,7500.0,3.3037544962255576,0.18388602961864098,0.2054987122986137,nan,nan,0.6617705872398574,False
S11,silu,100,20,50,15000,0.85,50,149,silu_p100_rt20_rs50_n15000_eta0.85_seed149.npz,0.9999999998843148,1.4054802674281248,0.4033458334538132,3.4845538266581975,0.0001923992286232765,0.00792170135617941,0.3325439070351741,0.8653182452448187,673.0,7540.0,3.4967212846005626,0.2020407219841036,0.3306990254854397,nan,nan,0.6206890327921074,False
S11,silu,100,20,50,15000,0.85,50,151,silu_p100_rt20_rs50_n15000_eta0.85_seed151.npz,0.9999999998890988,1.381738491374154,0.4149947339945229,3.3295325896650776,3.6286534370635345e-05,0.2164558419063553,0.46066165541138393,0.8721202240607939,652.0,7360.0,3.344438547502028,0.2036379301822524,0.4580576475024872,nan,nan,0.6146545304075416,False
S11,silu,100,20,50,15000,0.85,50,157,silu_p100_rt20_rs50_n15000_eta0.85_seed157.npz,0.9999999998892464,1.3923062615515633,0.4164789745688978,3.343040937403276,0.0001913988542257068,0.012301783843643603,0.061716124083687325,0.830227356878306,651.0,7560.0,3.3527358052208194,0.18145635104612923,0.059965122275946886,nan,nan,0.5790169336012732,False
S11,silu,100,20,50,15000,0.85,50,163,silu_p100_rt20_rs50_n15000_eta0.85_seed163.npz,0.9999999999115506,1.385347930925639,0.41462344475109864,3.341219481105978,1.1911722508400784e-05,0.11290818504840411,0.4413676858677398,0.8575637683858576,647.0,7560.0,3.35938047762224,0.18984592512890752,0.4254756965648432,nan,nan,0.6162234104297148,False
S11,silu,100,20,50,15000,0.85,50,167,silu_p100_rt20_rs50_n15000_eta0.85_seed167.npz,0.9999999998951308,1.3966221465958477,0.4015522557581394,3.4780582765224284,5.4672410466394815e-05,0.027836078307552574,0.3585618264469369,0.8432434706220837,627.0,7660.0,3.488475498920223,0.2051645503361864,0.34324647227801675,nan,nan,0.6133516558454668,False
S11,silu,100,20,50,15000,0.85,50,173,silu_p100_rt20_rs50_n15000_eta0.85_seed173.npz,0.9999999998560083,1.4093050259233408,0.40499175749893,3.4798363172294047,0.0005218407702649474,0.024687591697652073,0.10528173865883815,0.8431690655895278,645.0,7500.0,3.4788126778941844,0.18346437683356298,0.10096384979351623,nan,nan,0.5942438025987973,False
S11,silu,100,20,50,15000,0.85,50,179,silu_p100_rt20_rs50_n15000_eta0.85_seed179.npz,0.9999999999043153,1.3959632514201266,0.42518221826581437,3.283211741812311,0.0010228379801438068,0.05260894141798029,0.4620039905453709,0.859158030950179,639.0,7680.0,3.2956964932736463,0.1975791704007296,0.44891797375147485,nan,nan,0.6003046209858035,False
S11,silu,100,20,50,15000,0.85,50,181,silu_p100_rt20_rs50_n15000_eta0.85_seed181.npz,0.9999999999169529,1.3960839212800455,0.4134018135329246,3.377062885499067,0.0009065151319783939,0.02274795385689086,0.32652793085752746,0.8532149237210357,678.0,7680.0,3.39804964154334,0.19946677831472492,0.3251707139108942,nan,nan,0.630408699851288,False
S11,silu,100,20,50,15000,0.85,50,191,silu_p100_rt20_rs50_n15000_eta0.85_seed191.npz,0.9999999998813317,1.402977897397245,0.409218353667494,3.428433463024046,6.40643505347399e-05,0.01449017051727368,0.4756831515199428,0.8537461326489402,637.0,7540.0,3.450009248455526,0.21873803666137115,0.47392054148521373,nan,nan,0.6363223458106644,False
S11,silu,100,20,50,15000,0.85,50,193,silu_p100_rt20_rs50_n15000_eta0.85_seed193.npz,0.9999999998930689,1.414648650466991,0.43477172240411815,3.253773365582599,1.2555076223192914e-06,0.06061494565351737,0.15081313479555572,0.8362949286225095,641.0,7440.0,3.278936993568909,0.22105908537219165,0.15073826526652084,nan,nan,0.6290239077840779,False
S11,silu,100,20,50,15000,0.85,50,197,silu_p100_rt20_rs50_n15000_eta0.85_seed197.npz,0.9999999998846828,1.393564820196012,0.42927887360676364,3.246292575470584,0.0007002575387406104,0.0004206851942507356,0.35338924273729083,0.8537195683564157,685.0,7420.0,3.2623889949457916,0.18271123835901593,0.35049178192211106,nan,nan,0.6166430395844381,False
S11,silu,100,20,50,15000,0.85,50,199,silu_p100_rt20_rs50_n15000_eta0.85_seed199.npz,0.9999999998939656,1.3951977909463074,0.4224168809084066,3.302893075546454,3.9811799438571726e-05,0.033407547155530265,0.4223150234377933,0.8609625933564748,670.0,7460.0,3.3245934752612065,0.20129564980469605,0.42112827011905607,nan,nan,0.5938432596830175,False
S11,silu,100,20,50,15000,0.85,50,211,silu_p100_rt20_rs50_n15000_eta0.85_seed211.npz,0.9999999998909834,1.3915821274506615,0.4190409146372659,3.3208741171616993,6.717765738285575e-05,0.01328282998930658,0.14622942579455922,0.8297884813341007,687.0,7520.0,3.330981257178118,0.17536856482172025,0.14506856030901288,nan,nan,0.6353283959095263,False
S11,silu,100,20,50,15000,0.85,50,223,silu_p100_rt20_rs50_n15000_eta0.85_seed223.npz,0.999999999886804,1.3859563977661533,0.41562730724752306,3.334613423128042,0.0002446265277437058,0.02966343466459481,0.3675526825129788,0.8406069159810142,648.0,7660.0,3.3484187700040233,0.19981129760456173,0.3644719907815818,nan,nan,0.6820495951609781,False
S11,silu,100,20,50,15000,0.85,50,227,silu_p100_rt20_rs50_n15000_eta0.85_seed227.npz,0.9999999998955823,1.3991715897794441,0.39831741021078293,3.5127050786934615,1.2960478824981945e-06,2.6769345656521588e-05,0.001003926777057322,0.7978555429112146,663.0,7740.0,3.5267357678052558,0.18722742416199278,0.00014637679445544689,nan,nan,0.6204306228564043,False
S11,silu,100,20,50,15000,0.85,50,229,silu_p100_rt20_rs50_n15000_eta0.85_seed229.npz,0.9999999999002692,1.392627738554764,0.42428748745753975,3.282273882031768,1.1757183421882496e-05,0.16109735959238566,0.47862030107962394,0.858157293332218,649.0,7560.0,3.3115363952136216,0.22016011327531804,0.45914984898237726,nan,nan,0.5763428937440955,False
S11,silu,100,20,50,15000,0.85,50,233,silu_p100_rt20_rs50_n15000_eta0.85_seed233.npz,0.9999999998811828,1.3999820452042298,0.42443363791282807,3.2984709979366995,0.0001324071758075244,0.0003874712808358149,0.01811773266003209,0.8249983076028673,681.0,7460.0,3.3144318998860345,0.19130061143380517,0.008644933936925746,nan,nan,0.6617310579272675,False
S11,silu,100,20,50,15000,0.85,50,239,silu_p100_rt20_rs50_n15000_eta0.85_seed239.npz,0.9999999998864172,1.4075088423366469,0.4280057665896991,3.2885277540803157,0.00118925537282525,0.05177256838449092,0.5076438522190142,0.8619814674515759,633.0,7540.0,3.3054645378521292,0.21207371621400006,0.49666588009751145,7900.0,0.00011718750000000001,0.6075524477164314,False
S11,silu,100,20,50,15000,0.85,50,241,silu_p100_rt20_rs50_n15000_eta0.85_seed241.npz,0.9999999998815469,1.394142012066925,0.42078593709981077,3.3131858485475796,8.451089208183267e-05,0.0018270266631468166,0.0021074090954080315,0.8354821349994761,655.0,7300.0,3.326793744269654,0.17117676574528273,0.0006846563633873604,nan,nan,0.5612041611422715,False
S11,silu,100,20,50,15000,0.85,50,251,silu_p100_rt20_rs50_n15000_eta0.85_seed251.npz,0.9999999998970543,1.3933086993690664,0.4234190706825828,3.2906139468941493,0.0002055500283276822,0.0019144497971610237,0.35895233249377306,0.86309603461459,673.0,7480.0,3.304187154862923,0.24214349146693992,0.35422309112917677,nan,nan,0.607439886572225,False
S11,silu,100,20,50,15000,0.85,50,257,silu_p100_rt20_rs50_n15000_eta0.85_seed257.npz,0.999999999878767,1.39503763006342,0.41600445535384567,3.353419926420804,0.0001761644950739234,0.005243518014715216,0.3321578303760721,0.8475608575439979,639.0,7760.0,3.370346619068397,0.20968625241890626,0.3233699477747115,nan,nan,0.6404872990288911,False
S11,silu,100,20,50,15000,0.85,50,263,silu_p100_rt20_rs50_n15000_eta0.85_seed263.npz,0.9999999998806165,1.4061692814587732,0.42098385196502475,3.340197670041742,0.0004145093941372789,0.0024970457653006855,0.011819727708001706,0.832574129142521,637.0,7700.0,3.3511372811672353,0.21108760561067264,0.011755899870430318,nan,nan,0.5806499576419077,False
S11,silu,100,20,50,15000,0.85,50,269,silu_p100_rt20_rs50_n15000_eta0.85_seed269.npz,0.999999999906393,1.3958246755097523,0.42398996979609693,3.292117207822216,1.5062409225755806e-06,0.1621845774138089,0.5005151372074629,0.8647240861088028,655.0,7540.0,3.3040344906300034,0.19449157112131554,0.4603601166036436,nan,nan,0.6131172003619049,False
S11,silu,100,20,50,15000,0.85,50,271,silu_p100_rt20_rs50_n15000_eta0.85_seed271.npz,0.999999999893776,1.400817870201967,0.4061429436741453,3.4490759768705095,0.0007351277171803574,0.07295765854437639,0.3285482287637128,0.8619418168978521,645.0,7600.0,3.460079044192551,0.19652361492763448,0.30573377919882466,nan,nan,0.6057427887530488,False
S11,silu,100,20,50,15000,0.85,50,277,silu_p100_rt20_rs50_n15000_eta0.85_seed277.npz,0.9999999999049841,1.398861219982451,0.41904043389605167,3.338248786582386,0.00046237241329461897,0.0031058295794734255,0.010716911095566172,0.840868806510669,669.0,7460.0,3.337056385429217,0.17772386335481327,0.010682735304177607,nan,nan,0.6233178362571328,False
S11,silu,100,20,50,15000,0.85,50,281,silu_p100_rt20_rs50_n15000_eta0.85_seed281.npz,0.9999999999055877,1.4010190710214971,0.4307196998444332,3.252739708742171,0.0003100284418096029,0.05524681457840518,0.22283764556720775,0.8563350928475103,667.0,7260.0,3.2699136043309123,0.1860105512197343,0.22260179913729577,nan,nan,0.5953901169463843,False
S11,silu,100,20,50,15000,0.85,50,283,silu_p100_rt20_rs50_n15000_eta0.85_seed283.npz,0.9999999999008253,1.3949107606825022,0.41506767666636146,3.360682700917122,2.1141683315204022e-06,0.021970709248936716,0.09371679307337902,0.8381006233970808,673.0,7380.0,3.3770810088862198,0.2001927089577158,0.0932457720956016,nan,nan,0.631752029540285,False
S11,silu,100,20,50,15000,0.85,50,293,silu_p100_rt20_rs50_n15000_eta0.85_seed293.npz,0.999999999879471,1.3960091590777737,0.41629904734684225,3.3533806237963346,0.000861249760502355,0.03537515847031942,0.27417149046303746,0.8474835589972658,663.0,7500.0,3.3620042363993914,0.1912703018550278,0.2558977426062259,nan,nan,0.6257045633807121,False
S11,silu,100,20,50,15000,0.85,50,307,silu_p100_rt20_rs50_n15000_eta0.85_seed307.npz,0.9999999999034436,1.3851741831726818,0.4116294204458091,3.3651000496332104,4.2856310606858956e-05,0.23092701425540554,0.6041913830185226,0.8838335827277264,656.0,7420.0,3.3752383969633004,0.2017706654386615,0.5343981188810802,6720.0,7.281553398058253e-05,0.6226608451852725,False
S11,silu,100,20,50,15000,0.85,50,311,silu_p100_rt20_rs50_n15000_eta0.85_seed311.npz,0.9999999999107169,1.3924750376210897,0.4242625900723189,3.28210657787134,7.375656632688168e-06,0.08375635907205502,0.30301625868910204,0.831242033284217,654.0,7540.0,3.306006931627569,0.19921172950282395,0.29735200162776393,nan,nan,0.6558003952842174,False
S11,silu,100,20,50,15000,0.85,50,313,silu_p100_rt20_rs50_n15000_eta0.85_seed313.npz,0.9999999998909181,1.3923062808069817,0.4099222964434288,3.39651268761646,1.4312531127680136e-05,0.019602898389605414,0.2695166172731385,0.8464176423694608,662.0,7420.0,3.4115323048131176,0.18783998414640357,0.26674461464677596,nan,nan,0.6546396963933536,False
S3,silu,100,8,50,15000,0.85,50,5,silu_p100_rt8_rs50_n15000_eta0.85_seed5.npz,0.9999999895820364,1.05382071855187,0.18873589921776826,5.583573251933089,0.0012860386216266455,0.966162878168818,0.9747196979096496,0.98609348679316,0.0,3700.0,5.819819806708287,0.9301568590268551,0.973433659288023,120.0,0.0037500000000000003,0.17137102435184962,False
S3,silu,100,8,50,15000,0.85,50,11,silu_p100_rt8_rs50_n15000_eta0.85_seed11.npz,0.9999999858996813,1.0533968588555744,0.19289235040249159,5.461060828267909,0.0008869354050379489,0.9539348895752182,0.9696895361696455,0.9839366155160405,0.0,3880.0,5.667284057191967,0.9338806932219134,0.9688026007646076,440.0,0.0010714285714285715,0.14405486566601353,False
S3,silu,100,8,50,15000,0.85,50,23,silu_p100_rt8_rs50_n15000_eta0.85_seed23.npz,0.9999999874700154,1.036321886486786,0.18496769091180232,5.602718406540161,1.8325892238138863e-05,0.9599271998917964,0.9805935039215489,0.9874611482564125,0.0,4140.0,5.792152422313285,0.8990545318137624,0.9805751780293107,300.0,0.0015,0.151535701557349,False
S3,silu,100,8,50,15000,0.85,50,37,silu_p100_rt8_rs50_n15000_eta0.85_seed37.npz,0.9999999808912052,1.00649026280365,0.18933597081201217,5.315895645645559,0.0009076653937171213,0.9637086798099411,0.9792148723607494,0.9872203796982948,0.0,3300.0,5.6107829133585225,0.9044616599954425,0.9783072069670323,60.0,0.007500000000000001,0.1727439793117419,False
S3,silu,100,8,50,15000,0.85,50,41,silu_p100_rt8_rs50_n15000_eta0.85_seed41.npz,0.9999999926435164,1.0744598612508465,0.1852210901450912,5.800958521565652,8.281147129669247e-05,0.9531946588625851,0.9752177546813682,0.984331726206935,7829.0,4120.0,5.966195848603911,0.0003971546827095107,0.0008950124507284274,620.0,0.0008653846153846154,0.1559449543062062,False
S3,silu,100,8,50,15000,0.85,50,53,silu_p100_rt8_rs50_n15000_eta0.85_seed53.npz,0.9999999849700243,1.0321868784881778,0.1875229560792865,5.504322777696397,6.178384615579901e-05,0.9574560625006354,0.9735896017194029,0.9864106158181071,0.0,3800.0,5.713824304017297,0.907220828436828,0.973527817873247,60.0,0.007500000000000001,0.15684756031641636,False
S3,silu,100,8,50,15000,0.85,50,67,silu_p100_rt8_rs50_n15000_eta0.85_seed67.npz,0.9999999921629528,1.0751967359756966,0.1889113626417911,5.691540841905086,0.0007911966932332386,0.9541805235764729,0.9756838381628531,0.9851675946372316,0.0,3960.0,5.878428280961199,0.9098550498409473,0.9748926414696198,660.0,0.0006818181818181819,0.1512734871846692,False
S3,silu,100,8,50,15000,0.85,50,71,silu_p100_rt8_rs50_n15000_eta0.85_seed71.npz,0.999999988735647,1.0434404137263467,0.19142868544701763,5.450804884804703,0.0009065975048147934,0.9581451560498729,0.9771593292728635,0.9856707864411574,0.0,3720.0,5.670715163684122,0.895067318187995,0.9762527317680487,260.0,0.0017307692307692308,0.1816071607137522,False
S3,silu,100,8,50,15000,0.85,50,83,silu_p100_rt8_rs50_n15000_eta0.85_seed83.npz,0.9999999896129611,1.0526598805157061,0.1900042789163225,5.540190392129514,0.000974108496695998,0.9596797250935714,0.9757138872706111,0.9864965966685768,0.0,3820.0,5.7554714996735505,0.9053698923619525,0.9747397787739152,80.0,0.005625,0.17002246125820655,False
S3,silu,100,8,50,15000,0.85,50,97,silu_p100_rt8_rs50_n15000_eta0.85_seed97.npz,0.9999999921281876,1.081468836737563,0.18864869373548013,5.732713093969151,0.0022829975123479194,0.9568644907339741,0.9752307036043794,0.9838427848936709,0.0,3980.0,5.918518810159355,0.9233939433693403,0.9729477060920314,940.0,0.0005487804878048781,0.1534404107776264,False
S3,silu,100,8,50,15000,0.85,50,101,silu_p100_rt8_rs50_n15000_eta0.85_seed101.npz,0.9999999888735474,1.0490953024166594,0.18678159284499665,5.616695341533284,0.0006577584236366961,0.9460978871452679,0.9761546474938116,0.9863752467360462,7934.0,4500.0,5.75459530372249,0.00012565077634951738,-0.0008395639070168937,160.0,0.0028125,0.14342903466035226,False
S3,silu,100,8,50,15000,0.85,50,103,silu_p100_rt8_rs50_n15000_eta0.85_seed103.npz,0.999999988159968,1.0540544187159075,0.1861384019912262,5.6627456099337925,0.00188921459871568,0.9606303076076402,0.9711933829527187,0.9846365572015088,0.0,3460.0,5.9133099516865055,0.9126260639080505,0.969304168354003,440.0,0.0010227272727272728,0.17442954546760095,False
S3,silu,100,8,50,15000,0.85,50,107,silu_p100_rt8_rs50_n15000_eta0.85_seed107.npz,0.9999999897422885,1.0703794445651613,0.19339365312601775,5.53471857666233,0.0002340299943743862,0.9517421055345341,0.974730286113817,0.9850198533444856,0.0,4160.0,5.684112324263307,0.9113414051361892,0.9744962561194426,600.0,0.0008035714285714286,0.18629231776778724,False
S3,silu,100,8,50,15000,0.85,50,109,silu_p100_rt8_rs50_n15000_eta0.85_seed109.npz,0.9999999888594352,1.0591788443287566,0.18871106245825736,5.6127013993312955,2.0581606867586776e-07,0.9489464386406963,0.9750667454159622,0.9847765950961427,0.0,4120.0,5.79929822383461,0.9043158513387277,0.9750665395998935,420.0,0.0010714285714285715,0.1522098805022633,False
S3,silu,100,8,50,15000,0.85,50,113,silu_p100_rt8_rs50_n15000_eta0.85_seed113.npz,0.9999999896882912,1.057433038823032,0.18757340561052546,5.637435836819371,8.897478479219934e-06,0.9466815264435374,0.9750457370509141,0.9852819949103436,0.0,4420.0,5.797121268129646,0.926304158035392,0.9750368395724349,380.0,0.0011842105263157896,0.13240322954621453,False
S3,silu,100,8,50,15000,0.85,50,127,silu_p100_rt8_rs50_n15000_eta0.85_seed127.npz,0.9999999867003607,1.0354449336068006,0.18594454457743267,5.568568499602372,0.0003786392025177198,0.9643262201508696,0.9790975189082655,0.9865549977140258,0.0,3980.0,5.777773415585923,0.9126528760296199,0.9787188797057478,100.0,0.0045000000000000005,0.1901415364029399,False
S3,silu,100,8,50,15000,0.85,50,131,silu_p100_rt8_rs50_n15000_eta0.85_seed131.npz,0.9999999900010007,1.0520050295465164,0.18658174756918194,5.638306229050874,0.00045069954898068143,0.9606219127337449,0.9771513742015867,0.985742087056471,0.0,3860.0,5.858024096845629,0.9069856637559509,0.976700674652606,440.0,0.0010714285714285715,0.16999214807580543,False
S3,silu,100,8,50,15000,0.85,50,137,silu_p100_rt8_rs50_n15000_eta0.85_seed137.npz,0.9999999888612411,1.0636303149697797,0.1923128149689641,5.530730311141412,0.000158409585476095,0.9596824793365084,0.9738416422557001,0.9847763374171709,0.0,3640.0,5.769678893291027,0.9243219071256522,0.973683232670224,120.0,0.0037500000000000003,0.18494695818412252,False
S3,silu,100,8,50,15000,0.85,50,139,silu_p100_rt8_rs50_n15000_eta0.85_seed139.npz,0.9999999873824427,1.0520110012484223,0.19142541522408807,5.4956704678786155,0.00030926297981395006,0.9525028267688568,0.9781079669647518,0.985998475990193,0.0,4660.0,5.6187651604836,0.9146519737480062,0.9777987039849378,180.0,0.0025,0.1584177401850046,False
S3,silu,100,8,50,15000,0.85,50,149,silu_p100_rt8_rs50_n15000_eta0.85_seed149.npz,0.9999999884948811,1.053903740108364,0.18892286468700809,5.578486975911493,2.2054231941578895e-05,0.9617791353285899,0.978080878739511,0.9878102082953162,0.0,3680.0,5.814507467275501,0.9029048198046227,0.9780588245075694,860.0,0.0028125,0.1840888455516355,False
S3,silu,100,8,50,15000,0.85,50,151,silu_p100_rt8_rs50_n15000_eta0.85_seed151.npz,0.9999999891984963,1.0500749036348616,0.18738593266622028,5.603808614093243,0.0009533934256503371,0.9614790139454062,0.9765817650018963,0.9855702587353499,0.0,3560.0,5.864132464479559,0.8852911317375292,0.9756283715762459,80.0,0.005625,0.16336609842963215,False
S3,silu,100,8,50,15000,0.85,50,157,silu_p100_rt8_rs50_n15000_eta0.85_seed157.npz,0.9999999869256354,1.0464830612336828,0.1901086479655932,5.504657849247765,0.0003883489123864909,0.9576201098993338,0.9742428242312919,0.9869413947236526,0.0,3860.0,5.693996574014498,0.8929821919084073,0.9738544753189055,220.0,0.0020454545454545456,0.14700238092961826,False
S3,silu,100,8,50,15000,0.85,50,163,silu_p100_rt8_rs50_n15000_eta0.85_seed163.npz,0.9999999748975671,0.997870499680871,0.19254456890665947,5.182542957961138,0.00025967881071516053,0.957842256648568,0.9785955026611026,0.9871659975667721,0.0,3960.0,5.391776428426003,0.8772686349819798,0.9783358238503874,200.0,0.0028125,0.15950777301639169,False
S3,silu,100,8,50,15000,0.85,50,167,silu_p100_rt8_rs50_n15000_eta0.85_seed167.npz,0.9999999841160933,1.0379972545600227,0.19455049237315916,5.335361745418169,3.902334218583652e-05,0.9555185895935785,0.9765693796579606,0.9862534669801502,0.0,3300.0,5.630993518071905,0.9099118298967508,0.9765303563157748,940.0,0.0007258064516129033,0.1494191457690301,False
S3,silu,100,8,50,15000,0.85,50,173,silu_p100_rt8_rs50_n15000_eta0.85_seed173.npz,0.9999999902822325,1.0549239347441877,0.19047484352140015,5.538389822200669,0.0015349041111067108,0.95416033426095,0.9765607225539038,0.9865087475533606,0.0,3860.0,5.781310555809446,0.9232935586118474,0.9750258184427971,520.0,0.0008653846153846154,0.149098681875043,False
S3,silu,100,8,50,15000,0.85,50,179,silu_p100_rt8_rs50_n15000_eta0.85_seed179.npz,0.9999999838419751,1.0327938684972922,0.18423809645522332,5.6057562923654025,3.1019776684815175e-06,0.951724728143855,0.9726432772109439,0.9843165873859262,0.0,4120.0,5.794658255166275,0.8839237339240422,0.9726401752332754,660.0,0.0008333333333333334,0.18573823399371053,False
S3,silu,100,8,50,15000,0.85,50,181,silu_p100_rt8_rs50_n15000_eta0.85_seed181.npz,0.9999999828884479,1.0206743753698744,0.18553086932631355,5.5013722464411146,0.0030330152614330844,0.9616923682367456,0.9753165828545912,0.9874168780995208,0.0,3480.0,5.792842455054515,0.8812885841099203,0.9722835675931581,700.0,0.0006617647058823529,0.1370686039118249,False
S3,silu,100,8,50,15000,0.85,50,191,silu_p100_rt8_rs50_n15000_eta0.85_seed191.npz,0.9999999844813138,1.0375582423484395,0.1900992780794539,5.457980970947094,0.00030302179012993457,0.963421955219736,0.9797666218737004,0.9876694118782718,0.0,3800.0,5.676667854785737,0.9190780493789279,0.9794636000835705,460.0,0.0010227272727272728,0.16293782209442967,False
S3,silu,100,8,50,15000,0.85,50,193,silu_p100_rt8_rs50_n15000_eta0.85_seed193.npz,0.9999999850911331,1.03528130617984,0.19077809020844896,5.426625798846532,0.010030353660087008,0.9613635675575377,0.9819863539182189,0.9878112588564523,0.0,3520.0,5.729842166907203,0.9039227845964202,0.9719560002581319,100.0,0.0045000000000000005,0.16290217696744394,False
S3,silu,100,8,50,15000,0.85,50,197,silu_p100_rt8_rs50_n15000_eta0.85_seed197.npz,0.9999999891455972,1.0572005435381568,0.186130509615061,5.679888513304817,0.0006285220795623164,0.9581315730458214,0.9796780752087935,0.9868643763163316,0.0,3720.0,5.867385881547467,0.9001461849424005,0.9790495531292311,440.0,0.0010227272727272728,0.152937288384145,False
S3,silu,100,8,50,15000,0.85,50,199,silu_p100_rt8_rs50_n15000_eta0.85_seed199.npz,0.9999999862658877,1.0366878433126434,0.1909011349112571,5.430495967426078,0.007479730611807009,0.9616575730790466,0.9783201176423773,0.9869288958168771,0.0,4040.0,5.635645255818695,0.9028475809244497,0.9708403870305703,600.0,0.0010714285714285715,0.16947334365009892,False
S3,silu,100,8,50,15000,0.85,50,211,silu_p100_rt8_rs50_n15000_eta0.85_seed211.npz,0.9999999892857787,1.0733823797487954,0.1830398366661582,5.864200926416421,1.1624377340399221e-05,0.9553700370785696,0.978726496687266,0.9874017385966423,0.0,4240.0,6.010466077744147,0.9135323995250757,0.9787148723099256,1000.0,0.0016071428571428571,0.15320029312196035,False
S3,silu,100,8,50,15000,0.85,50,223,silu_p100_rt8_rs50_n15000_eta0.85_seed223.npz,0.9999999865857384,1.0369055304781223,0.18652461771071407,5.559081386706211,7.720670044703045e-06,0.9518644524785941,0.9766669128727992,0.9868677414114606,0.0,4000.0,5.744447658909551,0.8860992936539527,0.9766591922027544,100.0,0.0045000000000000005,0.16335417489162307,False
S3,silu,100,8,50,15000,0.85,50,227,silu_p100_rt8_rs50_n15000_eta0.85_seed227.npz,0.999999992029657,1.082170202148688,0.1867792131053319,5.793847099775557,7.859181046083437e-05,0.9537202450472511,0.9737012318284901,0.9850180225603389,0.0,4040.0,5.969399985042477,0.9089523007967242,0.9736226400180292,320.0,0.00140625,0.15464067538707188,False
S3,silu,100,8,50,15000,0.85,50,229,silu_p100_rt8_rs50_n15000_eta0.85_seed229.npz,0.9999999851287323,1.0408832735659177,0.19012165332872613,5.474827592447867,0.0005482537592543565,0.9562589669240604,0.9754325363941584,0.9864920211656253,0.0,3880.0,5.658425871258271,0.908821269006603,0.974884282634904,400.0,0.0011250000000000001,0.1426309985762578,False
S3,silu,100,8,50,15000,0.85,50,233,silu_p100_rt8_rs50_n15000_eta0.85_seed233.npz,0.9999999888109248,1.0586982987209221,0.19316505569102427,5.480796176790667,0.00034110305380102244,0.9655792221071008,0.9750928678160677,0.986432009834371,0.0,3580.0,5.695532709167265,0.9123753927398348,0.9747517647622668,240.0,0.0020454545454545456,0.1590080585714479,False
S3,silu,100,8,50,15000,0.85,50,239,silu_p100_rt8_rs50_n15000_eta0.85_seed239.npz,0.9999999809599919,1.0368495614468674,0.19162741665593397,5.41075791523363,6.669492571531623e-05,0.9646313162922565,0.9815276666995224,0.9880541982256777,0.0,4080.0,5.58582030927691,0.9198306325298317,0.9814609717738071,320.0,0.00140625,0.16493475337735455,False
S3,silu,100,8,50,15000,0.85,50,241,silu_p100_rt8_rs50_n15000_eta0.85_seed241.npz,0.9999999883590823,1.0490013103099307,0.19117432902731424,5.487145244067019,0.0010009188305940518,0.9649422031236831,0.9762633072423873,0.9843657879091108,0.0,3520.0,5.715089084915861,0.9051694737181352,0.9752623884117932,100.0,0.0045000000000000005,0.17097942378094522,False
S3,silu,100,8,50,15000,0.85,50,251,silu_p100_rt8_rs50_n15000_eta0.85_seed251.npz,0.9999999865236904,1.0379209024029061,0.18811099913449697,5.517598158419252,4.007250563978364e-06,0.9611318001359407,0.9783332080781995,0.9875536631125637,7947.0,4120.0,5.704732128864268,0.00023025568614187808,-0.00011416945838604864,640.0,0.0037500000000000003,0.13124301810259428,False
S3,silu,100,8,50,15000,0.85,50,257,silu_p100_rt8_rs50_n15000_eta0.85_seed257.npz,0.9999999815706584,1.0279538563337913,0.19076203460721247,5.388671065762085,0.0012785270559992437,0.9631808149323655,0.9803248455799909,0.9875838685860385,0.0,3900.0,5.601673464605536,0.8988897876024915,0.9790463185239916,540.0,0.0020454545454545456,0.18177311421816056,False
S3,silu,100,8,50,15000,0.85,50,263,silu_p100_rt8_rs50_n15000_eta0.85_seed263.npz,0.9999999745410928,0.9935739235528475,0.19066162275878423,5.211189903748321,0.001353699545307095,0.9699799467297806,0.9801032700723395,0.9878803036902399,0.0,3360.0,5.57535772621813,0.8778494336738556,0.9787495705270325,100.0,0.0045000000000000005,0.14841836893188343,False
S3,silu,100,8,50,15000,0.85,50,269,silu_p100_rt8_rs50_n15000_eta0.85_seed269.npz,0.9999999859770691,1.0270312092549727,0.1891075595109438,5.430936827226823,6.193403244582179e-06,0.9647637127649237,0.9766084372237673,0.9856096010014439,0.0,3380.0,5.740317632073048,0.9050768023503302,0.9766022438205227,280.0,0.0016071428571428571,0.17567609410320573,False
S3,silu,100,8,50,15000,0.85,50,271,silu_p100_rt8_rs50_n15000_eta0.85_seed271.npz,0.999999973695766,0.992572617769658,0.18843514623732163,5.267449504985541,0.0005798405599797242,0.9623051557948537,0.9790521899245717,0.9882356623296524,0.0,3400.0,5.573704920351176,0.8830557370832607,0.9784723493645919,100.0,0.0045000000000000005,0.1451895855233604,False
S3,silu,100,8,50,15000,0.85,50,277,silu_p100_rt8_rs50_n15000_eta0.85_seed277.npz,0.9999999882567956,1.0552697688723787,0.1914884389785538,5.510879792542285,0.00011587856217038865,0.9603270864759793,0.9765113016848496,0.9861416412610289,0.0,3940.0,5.7269077058862585,0.9040547560914249,0.9763954231226791,800.0,0.0006617647058823529,0.17081431816664677,False
S3,silu,100,8,50,15000,0.85,50,281,silu_p100_rt8_rs50_n15000_eta0.85_seed281.npz,0.9999999855891208,1.043763856039875,0.18870109899052315,5.531307775225487,0.0028621900105880427,0.9518139564419859,0.9745803974364319,0.9856926822159942,0.0,3680.0,5.7462691188247135,0.8921467756902689,0.9717182074258438,440.0,0.0010714285714285715,0.16018597413586008,False
S3,silu,100,8,50,15000,0.85,50,283,silu_p100_rt8_rs50_n15000_eta0.85_seed283.npz,0.9999999830188193,1.023448081315715,0.18754167950467848,5.457176687437012,0.002469834564300652,0.9497010362725267,0.9761131556490267,0.9862939038992533,0.0,3920.0,5.730920169148605,0.9259768525440314,0.9736433210847261,660.0,0.0006818181818181819,0.17244793869261754,False
S3,silu,100,8,50,15000,0.85,50,293,silu_p100_rt8_rs50_n15000_eta0.85_seed293.npz,0.9999999896403827,1.072401461472251,0.18873262316921977,5.682120258089795,0.00589367236416689,0.9631223783155809,0.9764342645914204,0.9867035202624469,0.0,3640.0,5.907201204586247,0.8760626486938629,0.9705405922272534,140.0,0.0032142857142857142,0.15234504042639216,False
S3,silu,100,8,50,15000,0.85,50,307,silu_p100_rt8_rs50_n15000_eta0.85_seed307.npz,0.9999999856927754,1.0393320044158436,0.18815382308637207,5.523842074358159,0.0014151132397931367,0.9593283935917335,0.977729213952575,0.985272050620341,7857.0,3640.0,5.81346339117225,-7.973184179954629e-05,0.00040079693794004,480.0,0.00140625,0.17382961414510867,False
S3,silu,100,8,50,15000,0.85,50,311,silu_p100_rt8_rs50_n15000_eta0.85_seed311.npz,0.9999999878127132,1.0587354134804354,0.19366225296042275,5.466916744466466,0.00010713663471884298,0.9556296629421069,0.9761099266900364,0.9866863239170901,0.0,3680.0,5.701212295464819,0.8990620063921213,0.9760027900553175,660.0,0.0007258064516129033,0.12960393992598496,False
S3,silu,100,8,50,15000,0.85,50,313,silu_p100_rt8_rs50_n15000_eta0.85_seed313.npz,0.9999999843895963,1.0315753500456109,0.187488019065978,5.502086774315932,0.0006337120717940525,0.9565191363711018,0.9749271302837565,0.9862740144396497,0.0,3640.0,5.745705312713125,0.9294514329689708,0.9742934182119625,260.0,0.0017307692307692308,0.1542688339523539,False
S14,silu,200,12,80,15000,0.85,80,5,silu_p200_rt12_rs80_n15000_eta0.85_seed5.npz,0.9999999889388311,1.286069148507848,0.2593766539438381,4.958307268418676,7.475264250360325e-05,0.8575187681108499,0.9148189948845086,0.9441997689511821,0.0,6380.0,4.910833522091941,0.8897508131898264,0.914744242242005,1780.0,0.00033088235294117646,0.6068235090424566,False
S14,silu,200,12,80,15000,0.85,80,11,silu_p200_rt12_rs80_n15000_eta0.85_seed11.npz,0.9999999892982582,1.2749774744151379,0.25981829504938875,4.9071889805634274,0.00013302457891225337,0.8568238860514077,0.9173310253640845,0.9468757297499045,0.0,6700.0,4.8364996656270005,0.8864541516170603,0.9171980007851722,1680.0,0.00045,0.5849428071834173,False
S14,silu,200,12,80,15000,0.85,80,23,silu_p200_rt12_rs80_n15000_eta0.85_seed23.npz,0.9999999880889415,1.2740657904016741,0.24985261913339268,5.099269300520996,0.0015264211720338447,0.862322785013685,0.9239407252616871,0.9478713846758785,0.0,6540.0,4.978420668208934,0.8908016126633126,0.9224143040896533,1460.0,0.0008035714285714286,0.6396833175534072,False
S14,silu,200,12,80,15000,0.85,80,37,silu_p200_rt12_rs80_n15000_eta0.85_seed37.npz,0.9999999883935133,1.2648169812303607,0.25933265319580356,4.877199094073926,0.0006338429245243351,0.8670257994452605,0.9217964087782892,0.9455350723217099,0.0,6300.0,4.816563705127209,0.879329464424778,0.9211625658537649,1480.0,0.0006818181818181819,0.5862984735952894,False
S14,silu,200,12,80,15000,0.85,80,41,silu_p200_rt12_rs80_n15000_eta0.85_seed41.npz,0.9999999881590942,1.252290588969139,0.2538852045967901,4.932507157941616,0.0004981683542243764,0.8786642679003883,0.9184587294670219,0.9478284572205548,0.0,6620.0,4.854494942758237,0.8769342318921808,0.9179605611127976,1580.0,0.0008653846153846154,0.6272119700229578,False
S14,silu,200,12,80,15000,0.85,80,53,silu_p200_rt12_rs80_n15000_eta0.85_seed53.npz,0.9999999896000796,1.2768578093629632,0.265068322542983,4.817089409678179,7.693873715602439e-05,0.8507641268172395,0.9170156537576576,0.9466798461356568,0.0,6520.0,4.768688669493743,0.8873890160054811,0.9169387150205016,1780.0,0.0006428571428571428,0.6191750224115606,False
S14,silu,200,12,80,15000,0.85,80,67,silu_p200_rt12_rs80_n15000_eta0.85_seed67.npz,0.9999999876342158,1.2518062491370119,0.24952340210966859,5.016788960687654,1.5848480892172452e-07,0.8515776127947807,0.913288900804177,0.9498232220904962,7860.0,6340.0,4.961045837114372,0.0007845410519713436,0.0014110095776813658,1400.0,0.0013235294117647058,0.5766079520030857,False
S14,silu,200,12,80,15000,0.85,80,71,silu_p200_rt12_rs80_n15000_eta0.85_seed71.npz,0.9999999884379266,1.2815985643354322,0.26790695743901205,4.7837449858956465,0.00014615933453715767,0.8512695084788741,0.9120589164150551,0.9424244255129658,7783.0,6680.0,4.747453274858216,0.0018184004546513144,0.0013853064111920554,1800.0,0.0011250000000000001,0.6311292502566246,False
S14,silu,200,12,80,15000,0.85,80,83,silu_p200_rt12_rs80_n15000_eta0.85_seed83.npz,0.9999999894434324,1.2821663243793653,0.25495233490450075,5.029043271400653,4.271622592831187e-05,0.8633029045759492,0.911136718266787,0.9469125930182599,0.0,6560.0,4.935354655089184,0.8877499646488924,0.9110940020408587,1340.0,0.0004591836734693878,0.540277637767176,False
S14,silu,200,12,80,15000,0.85,80,97,silu_p200_rt12_rs80_n15000_eta0.85_seed97.npz,0.9999999882202159,1.2678511027925277,0.26690513130687954,4.750193810754393,7.081322727307225e-06,0.8601967263444786,0.9161100434055403,0.9474455410074686,0.0,6300.0,4.698372631031072,0.8745600736286236,0.9161029620828129,1520.0,0.0013235294117647058,0.6106095764668666,False
S14,silu,200,12,80,15000,0.85,80,101,silu_p200_rt12_rs80_n15000_eta0.85_seed101.npz,0.999999989668991,1.2881399675412235,0.2588686974364521,4.976036037951017,0.0003050627002837332,0.8465668695173344,0.9061799831015731,0.9417490500481797,0.0,6320.0,4.90321148875995,0.8832860653915443,0.9058749204012894,1580.0,0.0004591836734693878,0.6130798696143628,False
S14,silu,200,12,80,15000,0.85,80,103,silu_p200_rt12_rs80_n15000_eta0.85_seed103.npz,0.9999999903876323,1.282333412117187,0.2621127134513709,4.892297650243871,0.0004777754496241279,0.8619327392425714,0.909804860014453,0.9464002102771117,7690.0,6320.0,4.845407561577789,0.00194298153836725,0.003972698102212346,1640.0,0.0006081081081081081,0.6040639926427607,False
S14,silu,200,12,80,15000,0.85,80,107,silu_p200_rt12_rs80_n15000_eta0.85_seed107.npz,0.9999999886709956,1.2673350612624423,0.2605554229651826,4.863974991730621,0.0002866831028559671,0.846807632186341,0.9116574102943263,0.9437438900793782,0.0,6500.0,4.816458600170807,0.8856837964828658,0.9113707271914704,1720.0,0.0009,0.6092569621572202,False
S14,silu,200,12,80,15000,0.85,80,109,silu_p200_rt12_rs80_n15000_eta0.85_seed109.npz,0.9999999895680213,1.2732145984101706,0.26572967182246837,4.791390399416118,1.0220393688276018e-09,0.8593991074870688,0.9186797754754014,0.9480574627100743,0.0,6460.0,4.746192604401372,0.8815560214457535,0.918679774453362,1800.0,0.000576923076923077,0.5998641722337362,False
S14,silu,200,12,80,15000,0.85,80,113,silu_p200_rt12_rs80_n15000_eta0.85_seed113.npz,0.9999999910388983,1.2894129990714187,0.2555869174999591,5.044910012155161,0.0009273322637691373,0.8723193620416378,0.9254492343464347,0.9461625510249992,7752.0,6440.0,5.002486538676473,0.0013641995322006828,0.001615683129765344,1700.0,0.0002960526315789474,0.5983242851902101,False
S14,silu,200,12,80,15000,0.85,80,127,silu_p200_rt12_rs80_n15000_eta0.85_seed127.npz,0.9999999899576407,1.2890808393521724,0.25469578124170283,5.061257132205312,0.00010967091485062043,0.8569128474710234,0.9099463536446557,0.9443706142357445,0.0,6700.0,4.976292330922484,0.8928329219012537,0.9098366827298051,1580.0,0.000576923076923077,0.6006958023473385,False
S14,silu,200,12,80,15000,0.85,80,131,silu_p200_rt12_rs80_n15000_eta0.85_seed131.npz,0.9999999880237458,1.2604930218005652,0.2525634128248944,4.990798182927952,0.0009461067164742406,0.875910956447125,0.9233260575069947,0.9501260246909856,0.0,6260.0,4.899940074593327,0.8949545931671213,0.9223799507905205,1440.0,0.0010227272727272728,0.5503144505845191,False
S14,silu,200,12,80,15000,0.85,80,137,silu_p200_rt12_rs80_n15000_eta0.85_seed137.npz,0.9999999905663052,1.288183504947559,0.264943809421933,4.862100789439764,3.1140637059824534e-05,0.8519968101052295,0.9173564696133845,0.9481601134512267,0.0,6560.0,4.781491654680108,0.8902238151560191,0.9173253289763247,1580.0,0.0010714285714285715,0.6106556520370326,False
S14,silu,200,12,80,15000,0.85,80,139,silu_p200_rt12_rs80_n15000_eta0.85_seed139.npz,0.9999999887663121,1.2730423233497072,0.25248795670119756,5.0419922596794065,0.00017080345865231128,0.8584295615772727,0.9122981317216102,0.9469378127713778,0.0,6680.0,4.935696767754256,0.8849480943256197,0.912127328262958,1480.0,0.0010227272727272728,0.5994577098280542,False
S14,silu,200,12,80,15000,0.85,80,149,silu_p200_rt12_rs80_n15000_eta0.85_seed149.npz,0.9999999896402587,1.289335949426742,0.25341573460949585,5.087829101904664,4.222407571390804e-06,0.8313954366481667,0.910405655711728,0.9450817662057167,0.0,6740.0,4.973817309016419,0.8919860075555434,0.9104014333041567,1480.0,0.0008333333333333334,0.6004283185545378,False
S14,silu,200,12,80,15000,0.85,80,151,silu_p200_rt12_rs80_n15000_eta0.85_seed151.npz,0.9999999889564258,1.269831983815619,0.2647375683399614,4.796568888118555,3.5772137513994023e-07,0.8560584128967764,0.9085005896983882,0.9453302403943108,0.0,6340.0,4.705528920229463,0.8898949632120086,0.908500231977013,1320.0,0.0008653846153846154,0.5535941900484045,False
S14,silu,200,12,80,15000,0.85,80,157,silu_p200_rt12_rs80_n15000_eta0.85_seed157.npz,0.9999999899148635,1.280435526818632,0.26753428154022296,4.786061507508609,3.475340785412396e-06,0.8531629732919837,0.9124255325016984,0.9454905735585567,0.0,6500.0,4.734756732666062,0.8848973201246919,0.9124220571609131,1600.0,0.0020454545454545456,0.5897565111622292,False
S14,silu,200,12,80,15000,0.85,80,163,silu_p200_rt12_rs80_n15000_eta0.85_seed163.npz,0.9999999901430338,1.2810044478777147,0.2473475340587679,5.178965914304841,0.0006762471550219817,0.856199656409361,0.9206512062233342,0.9462373983751831,0.0,6520.0,5.101101405180044,0.8871079863568464,0.9199749590683122,1580.0,0.0004891304347826087,0.6555544719831531,False
S14,silu,200,12,80,15000,0.85,80,167,silu_p200_rt12_rs80_n15000_eta0.85_seed167.npz,0.9999999896610803,1.2848170982823843,0.2597548007984595,4.946268921047808,5.524853751473064e-07,0.8636413874810452,0.9126465821967864,0.9469860662603168,7992.0,6380.0,4.780294262903806,-2.2677009286153904e-05,0.00019857555392877035,1440.0,0.0011842105263157896,0.6672542221542895,False
S14,silu,200,12,80,15000,0.85,80,173,silu_p200_rt12_rs80_n15000_eta0.85_seed173.npz,0.9999999894359964,1.2702361598102934,0.24220157204431275,5.244541350779892,0.0007468912602494216,0.8645821593214486,0.9214761413271207,0.9496448269636724,7970.0,6600.0,5.135212319954852,5.544927842704439e-05,0.0006581940237336825,1460.0,0.0004411764705882353,0.6097635208501347,False
S14,silu,200,12,80,15000,0.85,80,179,silu_p200_rt12_rs80_n15000_eta0.85_seed179.npz,0.9999999887504892,1.257981637950788,0.23791050376802164,5.287625464310742,0.00039783127023295376,0.8367430134583164,0.9104055259361677,0.945954002875606,7910.0,6440.0,5.180917057127664,0.0005854235641674643,0.0006454235374693251,1520.0,0.0007258064516129033,0.5840877811883228,False
S14,silu,200,12,80,15000,0.85,80,181,silu_p200_rt12_rs80_n15000_eta0.85_seed181.npz,0.9999999881254997,1.268941870531866,0.2502444744435111,5.070808749538685,6.648732763883192e-05,0.8504044492351338,0.916376568895317,0.9470253968127214,0.0,6640.0,4.970578375251028,0.8795356964937271,0.9163100815676782,1360.0,0.0006081081081081081,0.5982287483264467,False
S14,silu,200,12,80,15000,0.85,80,191,silu_p200_rt12_rs80_n15000_eta0.85_seed191.npz,0.9999999877296438,1.2657425394645978,0.2580065571706489,4.905854150937021,1.587526841861203e-05,0.8633894769755561,0.9166777069105573,0.9506394558494623,0.0,6580.0,4.823721768181881,0.8998963326943994,0.9166618316421387,1600.0,0.0009782608695652175,0.5906868400752868,False
S14,silu,200,12,80,15000,0.85,80,193,silu_p200_rt12_rs80_n15000_eta0.85_seed193.npz,0.999999990406529,1.2993676799015936,0.2592359080538206,5.01229821769841,0.00036893409608626597,0.8607067640136961,0.9064006979257541,0.9432348793563544,0.0,6400.0,4.9798251211945725,0.8901197303207597,0.9060317638296678,1920.0,0.0022500000000000003,0.5943876302405701,False
S14,silu,200,12,80,15000,0.85,80,197,silu_p200_rt12_rs80_n15000_eta0.85_seed197.npz,0.9999999888721394,1.271474622446097,0.25656329329746175,4.955793192800726,0.0003366676190394689,0.8508503229788953,0.9076111591228463,0.9469822095582341,0.0,6580.0,4.862148719849744,0.8871403311261306,0.9072744915038068,1660.0,0.0005487804878048781,0.6064603847270726,False
S14,silu,200,12,80,15000,0.85,80,199,silu_p200_rt12_rs80_n15000_eta0.85_seed199.npz,0.9999999872031784,1.261823811965531,0.25872893905904865,4.8770107300503795,9.15762801379168e-05,0.8533565898004257,0.9155030359731803,0.9462246341362811,0.0,6400.0,4.750366578015661,0.8834557362374542,0.9154114596930424,1260.0,0.000703125,0.6292630239506857,False
S14,silu,200,12,80,15000,0.85,80,211,silu_p200_rt12_rs80_n15000_eta0.85_seed211.npz,0.9999999892399279,1.2765113430152148,0.2560640177697602,4.985125806168477,0.0002536368085770672,0.8477746387180425,0.9153750695029896,0.9479680716658571,0.0,6360.0,4.889091100378749,0.8885732128032566,0.9151214326944126,1720.0,0.00035714285714285714,0.5819303790822279,False
S14,silu,200,12,80,15000,0.85,80,223,silu_p200_rt12_rs80_n15000_eta0.85_seed223.npz,0.9999999898819022,1.280441738267436,0.248708933608567,5.148354422534221,7.970737327717633e-05,0.8587260630982528,0.9139805139126442,0.9450404900041754,7604.0,6480.0,5.038981689875696,0.0020196729280531622,0.003176521863769932,1660.0,0.0011250000000000001,0.606539811904284,False
S14,silu,200,12,80,15000,0.85,80,227,silu_p200_rt12_rs80_n15000_eta0.85_seed227.npz,0.9999999893585122,1.2657942603235282,0.2633721020648958,4.806106077293,0.000490658627600086,0.8530474491173249,0.9178007604700972,0.9474634464223013,0.0,6520.0,4.776408497731806,0.8958512103315142,0.9173101018424971,1160.0,0.0009375000000000001,0.6395660312120688,False
S14,silu,200,12,80,15000,0.85,80,229,silu_p200_rt12_rs80_n15000_eta0.85_seed229.npz,0.9999999900625961,1.280737448805572,0.25741277659898626,4.975422998528099,0.0006555164371685475,0.8415890936631413,0.9051728040506645,0.9404915948872131,0.0,6380.0,4.862603084476337,0.8777854565757607,0.9045172876134959,1820.0,0.00036290322580645164,0.6538121699909969,False
S14,silu,200,12,80,15000,0.85,80,233,silu_p200_rt12_rs80_n15000_eta0.85_seed233.npz,0.9999999900311559,1.2869298200776238,0.25125222718191437,5.1220633325803195,0.0003435584080720432,0.8454140522556833,0.9194233518092896,0.9445498451462213,7792.0,6680.0,5.022314771797863,0.001297080885638846,0.0024206720656821945,1980.0,0.0005,0.599173531070391,False
S14,silu,200,12,80,15000,0.85,80,239,silu_p200_rt12_rs80_n15000_eta0.85_seed239.npz,0.9999999886223099,1.277685988076552,0.2637307109975242,4.844661371608506,7.26316949551223e-05,0.8669040531680343,0.9238380835386204,0.9481914063867688,0.0,6340.0,4.819243883980067,0.8879529966284474,0.9237654518436653,1700.0,0.0006818181818181819,0.5842056901428427,False
S14,silu,200,12,80,15000,0.85,80,241,silu_p200_rt12_rs80_n15000_eta0.85_seed241.npz,0.9999999877989998,1.2642198276458316,0.2548388305835388,4.96086026117361,0.00010509446078332818,0.8548577871606294,0.9105055410341882,0.9481508218560291,0.0,6240.0,4.871575695979141,0.8890054961164958,0.9104004465734049,1560.0,0.0005625000000000001,0.5695216013720732,False
S14,silu,200,12,80,15000,0.85,80,251,silu_p200_rt12_rs80_n15000_eta0.85_seed251.npz,0.9999999865705687,1.2570200845727557,0.27035786774270215,4.6494673710367245,3.3760475805100657e-09,0.8704172209080955,0.9146305128413365,0.949661543146072,0.0,6440.0,4.591308177047485,0.8928964735580489,0.9146305094652889,1480.0,0.0025,0.6191110265124649,False
S14,silu,200,12,80,15000,0.85,80,257,silu_p200_rt12_rs80_n15000_eta0.85_seed257.npz,0.9999999912363984,1.29012178385238,0.2540505453500771,5.078209070854839,0.00023323712502372669,0.8502122224794461,0.9132509798794306,0.9445130510286625,7974.0,6420.0,5.026637724852095,-9.341473345880758e-05,-0.0017241051314670353,1440.0,0.000625,0.624623504960116,False
S14,silu,200,12,80,15000,0.85,80,263,silu_p200_rt12_rs80_n15000_eta0.85_seed263.npz,0.9999999895800423,1.2728402486883366,0.26128954259264425,4.871378456476234,0.001184223319946839,0.8576016808631277,0.9110712330908791,0.9448391126263673,0.0,6320.0,4.844330561376431,0.8799496844491063,0.9098870097709323,1660.0,0.0006818181818181819,0.5845471933376225,False
S14,silu,200,12,80,15000,0.85,80,269,silu_p200_rt12_rs80_n15000_eta0.85_seed269.npz,0.9999999894594759,1.2777944461602502,0.26639747214250603,4.796571213246009,3.637825337200956e-05,0.8681675981232846,0.9133077842043157,0.9476350854971866,0.0,6240.0,4.775803553916392,0.897797476147208,0.9132714059509437,1680.0,0.0004891304347826087,0.5873985345749995,False
S14,silu,200,12,80,15000,0.85,80,271,silu_p200_rt12_rs80_n15000_eta0.85_seed271.npz,0.9999999882008641,1.268783568379709,0.25601022081900876,4.9559879457965055,0.000544947262619823,0.8514575801741516,0.9125445952201449,0.9460702443844534,0.0,6500.0,4.867658425009304,0.8854926396763622,0.9119996479575251,1480.0,0.0006617647058823529,0.5961010938628422,False
S14,silu,200,12,80,15000,0.85,80,277,silu_p200_rt12_rs80_n15000_eta0.85_seed277.npz,0.9999999909111599,1.2842570952004069,0.2495992439137119,5.14527638410789,7.046107274538887e-05,0.8689716216468709,0.91834312617605,0.9461839638161814,0.0,6140.0,5.084234560574387,0.883560214158406,0.9182726651033045,1420.0,0.0020454545454545456,0.6321412451810635,False
S14,silu,200,12,80,15000,0.85,80,281,silu_p200_rt12_rs80_n15000_eta0.85_seed281.npz,0.9999999904153202,1.285867230356001,0.26744445562240654,4.807978641260234,8.014445115481047e-06,0.8629443092583502,0.9111288786767188,0.9455160624794382,0.0,6360.0,4.758774664437221,0.8881929356531153,0.9111208642316033,1640.0,0.000625,0.6097867952172495,False
S14,silu,200,12,80,15000,0.85,80,283,silu_p200_rt12_rs80_n15000_eta0.85_seed283.npz,0.9999999878878029,1.2664764358312932,0.26743184313119794,4.73569796701427,0.002545691688569862,0.8545606316092031,0.9109929129040749,0.9462522443858704,0.0,6440.0,4.6846394798321125,0.8742688312970323,0.908447221215505,1260.0,0.0004090909090909091,0.5642867570276425,False
S14,silu,200,12,80,15000,0.85,80,293,silu_p200_rt12_rs80_n15000_eta0.85_seed293.npz,0.9999999897702525,1.277408657717892,0.24781565730889527,5.154672919337126,0.0007351056185762455,0.85646933119864,0.9118656146620145,0.9460908973989327,0.0,6420.0,5.083511509222688,0.8928694455411099,0.9111305090434383,1660.0,0.0020454545454545456,0.5847569277492201,False
S14,silu,200,12,80,15000,0.85,80,307,silu_p200_rt12_rs80_n15000_eta0.85_seed307.npz,0.999999988257068,1.2667507388258012,0.2567485229068355,4.933818993324679,0.0003750237713408168,0.8566900865879394,0.9216655500200159,0.9489627049696456,0.0,6340.0,4.843247755564251,0.8991914564000129,0.9212905262486751,1500.0,0.0005487804878048781,0.5726350462145187,False
S14,silu,200,12,80,15000,0.85,80,311,silu_p200_rt12_rs80_n15000_eta0.85_seed311.npz,0.9999999870531112,1.258229626029641,0.2519413691388328,4.994136653025375,0.00018720903187737035,0.8566293694828643,0.9198012847261674,0.9472978351603359,7986.0,6340.0,4.940340384871129,0.0003275945734250163,0.0015153123026830917,1640.0,0.0009782608695652175,0.5777934278210709,False
S14,silu,200,12,80,15000,0.85,80,313,silu_p200_rt12_rs80_n15000_eta0.85_seed313.npz,0.9999999900953161,1.2781776680878578,0.25815047873556835,4.95128916416667,0.00026361646438357217,0.8438058205179547,0.9074905749820005,0.944542462590277,0.0,6300.0,4.865934731956095,0.8806277540582504,0.9072269585176169,1740.0,0.0005921052631578948,0.5992830294628761,False
S15,silu,100,12,75,15000,0.85,75,5,silu_p100_rt12_rs75_n15000_eta0.85_seed5.npz,0.9999999994265159,2.5676203375176767,0.25627261164131027,10.019097714239647,0.00013955670606028412,0.7382864836295855,0.8962324624182559,0.9531616363186104,503.0,6500.0,9.95782586679448,0.21181231823501323,0.8918615442267528,3160.0,0.0002777777777777778,0.15906176404578465,False
S15,silu,100,12,75,15000,0.85,75,11,silu_p100_rt12_rs75_n15000_eta0.85_seed11.npz,0.9999999994091797,2.559666324740562,0.2529735618723636,10.118315549638455,9.436513117559824e-05,0.7117485360552941,0.8925897309652719,0.9502057637362485,503.0,6440.0,10.042100192432788,0.26895334142570493,0.889764048174693,2700.0,0.0003214285714285714,0.1363836149810984,False
S15,silu,100,12,75,15000,0.85,75,23,silu_p100_rt12_rs75_n15000_eta0.85_seed23.npz,0.9999999994351275,2.5657600883355354,0.25980632671230275,9.875664387406303,4.9891085179804346e-05,0.7151675490585531,0.8922267051757613,0.9559373065597455,503.0,6460.0,9.819449934520833,0.22002045740392762,0.7336481961948392,2680.0,0.0001717557251908397,0.14368547340989243,False
S15,silu,100,12,75,15000,0.85,75,37,silu_p100_rt12_rs75_n15000_eta0.85_seed37.npz,0.9999999993894921,2.5538767922205996,0.25514247925710803,10.009610315211559,7.043177816137142e-05,0.503735542231521,0.8906690655456904,0.9535129634454197,503.0,6800.0,9.915523990674782,0.2520839168027309,0.8888493589372272,3940.0,0.00017578125,0.14298174367577934,False
S15,silu,100,12,75,15000,0.85,75,41,silu_p100_rt12_rs75_n15000_eta0.85_seed41.npz,0.9999999994173794,2.5578797451299407,0.2578059719035993,9.921724179788985,0.0005069138854176613,0.6160680952491489,0.9075792190737991,0.9561959221220531,503.0,6260.0,9.856882519814267,0.2339819375782406,0.8472117400257938,3620.0,0.0001347305389221557,0.1378142017875922,False
S15,silu,100,12,75,15000,0.85,75,53,silu_p100_rt12_rs75_n15000_eta0.85_seed53.npz,0.9999999995550036,2.595780500970704,0.24931592090587773,10.411611466845185,0.0005877895266472597,0.7686115980426304,0.9095817950027882,0.9518942977573999,502.0,6580.0,10.339274465420047,0.2776954001780989,0.9086718823254308,2880.0,0.000703125,0.15536287631525103,False
S15,silu,100,12,75,15000,0.85,75,67,silu_p100_rt12_rs75_n15000_eta0.85_seed67.npz,0.9999999994580099,2.5587335646201925,0.24832852674745776,10.30382452686293,2.6322949061340485e-05,0.8064827390220903,0.921258073570946,0.9588170485156225,503.0,6360.0,10.234768579164726,0.2075061932831691,0.8928020119952864,1780.0,0.00028125000000000003,0.14397127549849434,False
S15,silu,100,12,75,15000,0.85,75,71,silu_p100_rt12_rs75_n15000_eta0.85_seed71.npz,0.9999999994613805,2.576302143911339,0.25429872574559065,10.131006894972655,8.266566223747267e-05,0.6847680620053862,0.895995714474759,0.953067373599387,503.0,6720.0,10.071240198110415,0.2436985717163349,0.8866207459588716,2560.0,0.00030821917808219177,0.13675340727668098,False
S15,silu,100,12,75,15000,0.85,75,83,silu_p100_rt12_rs75_n15000_eta0.85_seed83.npz,0.999999999485629,2.5819009817317355,0.2476403799576599,10.426009611894369,7.600297478088804e-05,0.7121204771876487,0.8957240917791407,0.9473940258762186,503.0,6640.0,10.344377651215165,0.29655642087795087,0.8621137134689866,2980.0,0.0002777777777777778,0.14612893875698452,False
S15,silu,100,12,75,15000,0.85,75,97,silu_p100_rt12_rs75_n15000_eta0.85_seed97.npz,0.9999999994812664,2.574497408364249,0.25931241910432035,9.928168566922894,0.0024146848223096347,0.8033338051773561,0.9089304852298897,0.9533061769937837,503.0,6460.0,9.862421551099807,0.2567922636435457,0.9067874916132799,1940.0,0.0022500000000000003,0.15733125935092437,False
S15,silu,100,12,75,15000,0.85,75,101,silu_p100_rt12_rs75_n15000_eta0.85_seed101.npz,0.9999999993863591,2.5498701884773007,0.25607848770291547,9.957377565566865,0.00148044197967898,0.6621038146138553,0.9046347027413454,0.9555494501617492,503.0,6380.0,9.89863453071062,0.2558416435887756,0.8836431992944263,2940.0,0.00021226415094339622,0.1437477720503147,False
S15,silu,100,12,75,15000,0.85,75,103,silu_p100_rt12_rs75_n15000_eta0.85_seed103.npz,0.9999999994486294,2.579546491984726,0.25174110052742216,10.24682297241223,0.00039077668641262977,0.71723812583719,0.8857738115172978,0.9506546479924017,503.0,6740.0,10.15634473803948,0.26767537145786835,0.8811221861409538,3100.0,0.0004166666666666667,0.11844275311796243,False
S15,silu,100,12,75,15000,0.85,75,107,silu_p100_rt12_rs75_n15000_eta0.85_seed107.npz,0.9999999995712546,2.595202142964533,0.25761880344105936,10.073807145674014,0.0018905952737600874,0.7278074729183583,0.904419144237433,0.9522042705186919,503.0,6800.0,9.997188084936441,0.27816610614534654,0.8537684959951187,2580.0,0.00020833333333333335,0.15845136620162023,False
S15,silu,100,12,75,15000,0.85,75,109,silu_p100_rt12_rs75_n15000_eta0.85_seed109.npz,0.9999999994742202,2.5831985852685655,0.25269387825052836,10.222640149230305,0.0005692844225278852,0.723346105878143,0.8911547714402809,0.9547618893741152,503.0,6620.0,10.153092820728467,0.27519507094757223,0.8084757711255556,2260.0,0.0002616279069767442,0.12016951118245855,False
S15,silu,100,12,75,15000,0.85,75,113,silu_p100_rt12_rs75_n15000_eta0.85_seed113.npz,0.9999999995489041,2.5883879802228256,0.25043266719932605,10.335664309172007,5.443654726061718e-07,0.7442809719630764,0.922750755593117,0.9555744721652867,502.0,6560.0,10.26777599426442,0.2935185199499839,0.921043205784654,2740.0,0.0003214285714285714,0.12339080531460064,False
S15,silu,100,12,75,15000,0.85,75,127,silu_p100_rt12_rs75_n15000_eta0.85_seed127.npz,0.9999999992882911,2.5523248882588754,0.2525111125799419,10.107772533974483,8.317073197685362e-05,0.8436620132662846,0.9245664785550749,0.9596904818234421,503.0,6260.0,10.070649250534233,0.2281030261935595,0.8847126072880261,1700.0,0.00035714285714285714,0.14996908306120973,False
S15,silu,100,12,75,15000,0.85,75,131,silu_p100_rt12_rs75_n15000_eta0.85_seed131.npz,0.9999999992464832,2.5459190598068715,0.25312670722234776,10.057884004987761,0.004009347505573622,0.7552213780751308,0.9000355460033734,0.9576123545056184,503.0,6880.0,9.983552432057381,0.28060679924909837,0.8998465822488073,3220.0,0.0025,0.13454151734565079,False
S15,silu,100,12,75,15000,0.85,75,137,silu_p100_rt12_rs75_n15000_eta0.85_seed137.npz,0.9999999994723127,2.564203853806526,0.24942882956425289,10.280302634968614,0.003000082174675874,0.7013740682736429,0.9088053762996682,0.9554745546677633,503.0,6460.0,10.229261839906048,0.22206511807673446,0.7590086376185904,2580.0,0.00017716535433070867,0.15053049224758586,False
S15,silu,100,12,75,15000,0.85,75,139,silu_p100_rt12_rs75_n15000_eta0.85_seed139.npz,0.9999999995387018,2.5800836300011394,0.24981886662375583,10.3278173697222,0.0006710068553566846,0.7495017676011263,0.9200779327369643,0.9570278860692768,502.0,6600.0,10.253491133649467,0.29543125828050587,0.878094774350825,2280.0,0.0002556818181818182,0.1416861234750236,False
S15,silu,100,12,75,15000,0.85,75,149,silu_p100_rt12_rs75_n15000_eta0.85_seed149.npz,0.9999999994580119,2.56689885343471,0.25471248698671967,10.077632564470797,2.8737339055838374e-05,0.747735362344063,0.9006638183703515,0.9562196887912338,502.0,6260.0,10.014331187395749,0.21768180504875978,0.7052931020130268,2220.0,0.00020833333333333335,0.14207520773492316,False
S15,silu,100,12,75,15000,0.85,75,151,silu_p100_rt12_rs75_n15000_eta0.85_seed151.npz,0.9999999994455615,2.577144429981499,0.24984349390001306,10.315035183637272,0.00012444960974920482,0.7504629883505962,0.9010201187816589,0.9545092123407354,503.0,6460.0,10.25816809166986,0.3231519577685028,0.8821429500302952,2260.0,0.00038135593220338984,0.14133262052295031,False
S15,silu,100,12,75,15000,0.85,75,157,silu_p100_rt12_rs75_n15000_eta0.85_seed157.npz,0.9999999995205867,2.565044841339182,0.25012592836742603,10.255013776785361,0.00034697950090004353,0.7905593159112935,0.920147842292515,0.9586879932133495,503.0,6040.0,10.239198654612181,0.2141637158760833,0.9091172732210062,2300.0,0.0008653846153846154,0.13524528704979458,False
S15,silu,100,12,75,15000,0.85,75,163,silu_p100_rt12_rs75_n15000_eta0.85_seed163.npz,0.9999999995398514,2.5945939937524867,0.251536465057232,10.314981540199906,2.379412132877387e-05,0.6874221531962041,0.8947806045001198,0.9465876743555319,503.0,6700.0,10.23909750569224,0.2927310638458467,0.8947760426698984,3200.0,0.00027439024390243905,0.13771821419973523,False
S15,silu,100,12,75,15000,0.85,75,167,silu_p100_rt12_rs75_n15000_eta0.85_seed167.npz,0.9999999994541301,2.5757668849735778,0.2554372527746993,10.083755822591213,3.7402489008719316e-06,0.5317133484185668,0.900698161010389,0.9604583778414683,503.0,6780.0,9.984553394345012,0.28544020338659837,0.8952443254334529,3920.0,0.0001859504132231405,0.14229754247245152,False
S15,silu,100,12,75,15000,0.85,75,173,silu_p100_rt12_rs75_n15000_eta0.85_seed173.npz,0.9999999994863409,2.570744893439568,0.25292318988737644,10.16413281274955,0.0009725118040703404,0.7796020436401175,0.9169407724991818,0.9577006511878904,503.0,6140.0,10.131410960044537,0.26708406025394216,0.9167962666217409,2540.0,0.0010227272727272728,0.1372430621557374,False
S15,silu,100,12,75,15000,0.85,75,179,silu_p100_rt12_rs75_n15000_eta0.85_seed179.npz,0.9999999996059576,2.5944006897079013,0.2504621650688033,10.358453497338433,0.0003406131428907734,0.7060343675285258,0.8986558377057396,0.950805812640313,503.0,6720.0,10.277458299181863,0.3217800294074672,0.8863494641436127,2880.0,0.0002777777777777778,0.1689391174958996,False
S15,silu,100,12,75,15000,0.85,75,181,silu_p100_rt12_rs75_n15000_eta0.85_seed181.npz,0.9999999994969939,2.5763685174258226,0.2523596496493849,10.209114337435848,0.00011011314108682333,0.4209368001042596,0.9054627148261203,0.9528917086266223,503.0,6760.0,10.143574139255119,0.2660379384484355,0.9006617883313667,4200.0,0.0003125,0.1345853008920517,False
S15,silu,100,12,75,15000,0.85,75,191,silu_p100_rt12_rs75_n15000_eta0.85_seed191.npz,0.9999999992591169,2.5318233491454674,0.25781641374171693,9.820256640765601,0.0009121728087241537,0.8125499982912557,0.9265639912997351,0.9606243930180876,503.0,6420.0,9.744695164295772,0.21907752315252194,0.9169645459353786,2520.0,0.0017307692307692308,0.13579984208588447,False
S15,silu,100,12,75,15000,0.85,75,193,silu_p100_rt12_rs75_n15000_eta0.85_seed193.npz,0.999999999463454,2.5892590800229134,0.25549338122927,10.134348950900653,0.0007228980087117962,0.7492409868799665,0.9233214556915803,0.9590607502475611,503.0,6400.0,10.083601119346742,0.24627950801157805,0.9203665859122837,2380.0,0.00030821917808219177,0.13144889134788884,False
S15,silu,100,12,75,15000,0.85,75,197,silu_p100_rt12_rs75_n15000_eta0.85_seed197.npz,0.9999999992296925,2.543991686500493,0.25466321051913826,9.989631723068648,0.00043863494058618406,0.7716515497733644,0.9171581466659089,0.9554463191136745,503.0,6560.0,9.921736774909098,0.22579342584806805,0.8296733460747351,1880.0,0.00030405405405405404,0.1359957610304211,False
S15,silu,100,12,75,15000,0.85,75,199,silu_p100_rt12_rs75_n15000_eta0.85_seed199.npz,0.9999999992404813,2.5343991521697786,0.2601145936973045,9.743394694413265,0.00018306437844720297,0.793662033142395,0.9225398155745486,0.9603983670703576,503.0,6360.0,9.696954231484415,0.2088530717805155,0.6824057333429701,1740.0,0.00026785714285714287,0.12657254695291434,False
S15,silu,100,12,75,15000,0.85,75,211,silu_p100_rt12_rs75_n15000_eta0.85_seed211.npz,0.9999999995040868,2.5999794207572573,0.25485064429211207,10.201973112444392,0.0008655684298234558,0.6765030735205346,0.8783947677966417,0.9469367634711996,503.0,6980.0,10.11625210294091,0.33514291333839596,0.819936723476433,3040.0,0.00015625,0.1549130907154277,False
S15,silu,100,12,75,15000,0.85,75,223,silu_p100_rt12_rs75_n15000_eta0.85_seed223.npz,0.9999999993686657,2.5624353658908436,0.2555563980826637,10.026887939866736,2.664546919994801e-05,0.7439188081652139,0.8873103244779142,0.9547887979208832,503.0,6660.0,9.959934194865202,0.2636200413587083,0.8671709447103332,2780.0,0.00022277227722772278,0.1373350339194511,False
S15,silu,100,12,75,15000,0.85,75,227,silu_p100_rt12_rs75_n15000_eta0.85_seed227.npz,0.9999999994686174,2.577175238647218,0.25393389674040756,10.14900047504025,0.00018895053840595362,0.8107676495090306,0.9228710084619139,0.9568792563458043,503.0,6300.0,10.106965337316641,0.22608294261611261,0.6759125987108943,1860.0,0.00025,0.1407656521893808,False
S15,silu,100,12,75,15000,0.85,75,229,silu_p100_rt12_rs75_n15000_eta0.85_seed229.npz,0.9999999994305778,2.5773969563118992,0.25419432943243736,10.139474637639188,0.00016887984988189956,0.5886774017979703,0.8971410777143933,0.9565569233598233,503.0,6500.0,10.065278169651904,0.254441453476662,0.8753051398441345,3520.0,0.00016666666666666666,0.15262551305408217,False
S15,silu,100,12,75,15000,0.85,75,233,silu_p100_rt12_rs75_n15000_eta0.85_seed233.npz,0.9999999994414838,2.582292426909994,0.26036010406415233,9.918157146971032,6.506162882854908e-05,0.7717460811078768,0.9262105730297474,0.9573155039840778,503.0,6420.0,9.860926078163462,0.2819674000724691,0.9192078978033948,2320.0,0.0009782608695652175,0.12314876638320235,False
S15,silu,100,12,75,15000,0.85,75,239,silu_p100_rt12_rs75_n15000_eta0.85_seed239.npz,0.9999999994105558,2.546740053433779,0.25253950437894873,10.084521468024512,5.4289727634907413e-05,0.6955637226276695,0.9157700886452759,0.9544000679829697,503.0,6580.0,10.023170910316956,0.2645599200624541,0.8991543079798913,3180.0,0.00020454545454545454,0.1344889611259229,False
S15,silu,100,12,75,15000,0.85,75,241,silu_p100_rt12_rs75_n15000_eta0.85_seed241.npz,0.9999999995121454,2.597667708712868,0.25380022765591326,10.235088174288897,0.0021780440308241953,0.7557786295517616,0.9046259001701619,0.9530513480712276,502.0,6620.0,10.198716718026546,0.27561827275690576,0.8813374562469114,3060.0,0.0002142857142857143,0.14770918513405037,False
S15,silu,100,12,75,15000,0.85,75,251,silu_p100_rt12_rs75_n15000_eta0.85_seed251.npz,0.99999999941151,2.5635997860267437,0.2581965464172187,9.928869388842381,0.00024528667289368505,0.6929599699887459,0.915233377442019,0.9536384636386597,503.0,6520.0,9.879962332629804,0.260707797209749,0.9122746924976324,3080.0,0.00018907563025210084,0.13542492568755182,False
S15,silu,100,12,75,15000,0.85,75,257,silu_p100_rt12_rs75_n15000_eta0.85_seed257.npz,0.9999999993498541,2.568557781234027,0.25686905186669023,9.99948324863618,0.00018320090791593485,0.8023753852592134,0.9076922064281441,0.9562191073191472,503.0,6500.0,9.9488161552873,0.2539538302508132,0.9027478125238377,2220.0,0.0018750000000000001,0.16133578178827446,False
S15,silu,100,12,75,15000,0.85,75,263,silu_p100_rt12_rs75_n15000_eta0.85_seed263.npz,0.9999999994185661,2.5627265576274065,0.26229680971501335,9.770330643410494,4.983405432640532e-05,0.7706239001151042,0.9103210968879784,0.9578414894788493,503.0,6300.0,9.718041607408281,0.22034483274094974,0.8898810291053624,3040.0,0.0002556818181818182,0.1325586650121795,False
S15,silu,100,12,75,15000,0.85,75,269,silu_p100_rt12_rs75_n15000_eta0.85_seed269.npz,0.9999999994548511,2.5572511709250625,0.25636396071501033,9.975080599444542,0.0002656148782657696,0.7873190548038397,0.9113077185054103,0.954155207024097,503.0,6440.0,9.920769559237188,0.2633436168389338,0.9111265320938978,3040.0,0.0013235294117647058,0.13435287016279807,False
S15,silu,100,12,75,15000,0.85,75,271,silu_p100_rt12_rs75_n15000_eta0.85_seed271.npz,0.9999999994610869,2.5628972093510924,0.25668716905353073,9.984516245206686,3.708503975367053e-06,0.7538797642540664,0.8969761291103225,0.9525630118150888,503.0,6320.0,9.949674084529464,0.22459519034189956,0.8349127578095658,1980.0,0.0002616279069767442,0.1501186829068403,False
S15,silu,100,12,75,15000,0.85,75,277,silu_p100_rt12_rs75_n15000_eta0.85_seed277.npz,0.9999999995247999,2.582532334244094,0.25437210950480554,10.152576629849843,0.00026075613892824576,0.7544075470700838,0.9157571162406,0.957049224225781,503.0,6260.0,10.122639772352054,0.2643864263688125,0.8825423857394127,2820.0,0.00022277227722772278,0.14135639443642345,False
S15,silu,100,12,75,15000,0.85,75,281,silu_p100_rt12_rs75_n15000_eta0.85_seed281.npz,0.9999999996001735,2.600959300215699,0.2480190289346331,10.486934455747738,3.70106732119374e-05,0.7397628205746658,0.9025920440401493,0.9487128857264299,503.0,6460.0,10.440919491461635,0.2559285307643603,0.8795934423612907,2620.0,0.00024456521739130437,0.15835562715561044,False
S15,silu,100,12,75,15000,0.85,75,283,silu_p100_rt12_rs75_n15000_eta0.85_seed283.npz,0.9999999995470429,2.600963222138234,0.2558061880011389,10.167710337510108,0.0001412725514791954,0.6321877374230488,0.8853292311608125,0.9507843417122078,503.0,6880.0,10.073736632843739,0.3006604624543645,0.8486314155631803,3380.0,0.00016544117647058823,0.13051530962342953,False
S15,silu,100,12,75,15000,0.85,75,293,silu_p100_rt12_rs75_n15000_eta0.85_seed293.npz,0.9999999994676306,2.5733744320855565,0.25505752987936137,10.089388199214218,4.056554785477078e-05,0.8118722450034085,0.9133261801643409,0.9564158436839673,503.0,6520.0,10.008885982621448,0.2517866866735273,0.8958619853674921,2400.0,0.00125,0.11215524571474947,False
S15,silu,100,12,75,15000,0.85,75,307,silu_p100_rt12_rs75_n15000_eta0.85_seed307.npz,0.9999999994315288,2.575539168386393,0.24868711807241295,10.356544353199851,3.225885698443804e-05,0.7438019640764396,0.9111752473192732,0.9516092549378806,503.0,6420.0,10.283107492670224,0.25842668681910774,0.9000798129016887,2840.0,0.0003358208955223881,0.14439941382330096,False
S15,silu,100,12,75,15000,0.85,75,311,silu_p100_rt12_rs75_n15000_eta0.85_seed311.npz,0.9999999994394442,2.561481275359601,0.2536220479628056,10.09960015674682,0.0001688954989223547,0.6513930654348477,0.8900579388432529,0.9537049640636793,503.0,6560.0,10.022104458421897,0.22039912463481792,0.8505906258826975,3100.0,0.0001923076923076923,0.13704641114894356,False
S15,silu,100,12,75,15000,0.85,75,313,silu_p100_rt12_rs75_n15000_eta0.85_seed313.npz,0.9999999993640817,2.526266315667748,0.25303437280260554,9.983885934890402,0.00015770142923676576,0.818575454446011,0.9202820143896296,0.95956217059702,503.0,6160.0,9.92945927428843,0.21501694597400578,0.7891344899110553,1920.0,0.00025,0.1510602376542503,False
S12,silu,100,12,80,15000,0.85,80,5,silu_p100_rt12_rs80_n15000_eta0.85_seed5.npz,0.9999999994677526,2.9514290793879856,0.2559879118611722,11.529564259224122,0.003522770953207009,0.7009217709073907,0.9067792907714238,0.9520516381294103,502.0,6780.0,11.44395045568013,0.3568265937515931,0.9065628086265318,3080.0,0.0008653846153846154,0.12101979500760325,False
S12,silu,100,12,80,15000,0.85,80,11,silu_p100_rt12_rs80_n15000_eta0.85_seed11.npz,0.9999999995240326,2.9517006076057712,0.2517748058912854,11.723574156503549,0.0001001605175578082,0.6992209962065538,0.9106768528226659,0.9519573899548798,502.0,6720.0,11.639773032731446,0.29769617295695583,0.8964484571819201,3000.0,0.0003515625,0.13212973856578797,False
S12,silu,100,12,80,15000,0.85,80,23,silu_p100_rt12_rs80_n15000_eta0.85_seed23.npz,0.9999999994338166,2.951472631538651,0.26104054025029966,11.306568047662715,0.000513521522816967,0.5998086076697287,0.8902538711349116,0.9507337137832869,503.0,6880.0,11.190904751542227,0.28475808392266677,0.8283544160952554,3480.0,0.00014423076923076924,0.11424233462278013,False
S12,silu,100,12,80,15000,0.85,80,37,silu_p100_rt12_rs80_n15000_eta0.85_seed37.npz,0.9999999994685038,2.943752141041416,0.255294496703366,11.530809238171106,0.0009527928655969751,0.5541892463847278,0.8679648170912333,0.9494531320562628,503.0,6820.0,11.437598729430832,0.3422693146615128,0.8522010505142249,3700.0,0.0005113636363636364,0.12785833079289496,False
S12,silu,100,12,80,15000,0.85,80,41,silu_p100_rt12_rs80_n15000_eta0.85_seed41.npz,0.9999999994072241,2.913361892251289,0.2594241980120586,11.230108504048914,2.059645311830945e-06,0.7144634040570597,0.9048339264122162,0.9530177060383876,503.0,6580.0,11.14910679571514,0.29321121210074574,0.8573929194723953,2880.0,0.0001923076923076923,0.1091170693135506,False
S12,silu,100,12,80,15000,0.85,80,53,silu_p100_rt12_rs80_n15000_eta0.85_seed53.npz,0.9999999994463649,2.928563383682642,0.25012033389094396,11.708617760599735,0.0005230571796763924,0.6812639478563803,0.8840867484352793,0.9506571551871291,502.0,6840.0,11.579589325921354,0.27414050320043204,0.7661548960433651,2620.0,0.00018145161290322582,0.12452746383905634,False
S12,silu,100,12,80,15000,0.85,80,67,silu_p100_rt12_rs80_n15000_eta0.85_seed67.npz,0.9999999994926859,2.9230161105757317,0.2475460192691285,11.807970571313733,0.0005482649503866382,0.5475957609453865,0.8712628598708984,0.9476379842852038,503.0,6720.0,11.736077422531684,0.3260275052555158,0.8712129054793055,3880.0,0.00024193548387096774,0.12881571184923724,False
S12,silu,100,12,80,15000,0.85,80,71,silu_p100_rt12_rs80_n15000_eta0.85_seed71.npz,0.9999999995286871,2.944401387203765,0.25397174815148993,11.593420955812292,2.81577662887651e-05,0.6027585719184269,0.8838359740899023,0.9483319845373307,502.0,6760.0,11.499569323229,0.29370690215542783,0.882612677919129,3360.0,0.0003125,0.11975801044909543,False
S12,silu,100,12,80,15000,0.85,80,83,silu_p100_rt12_rs80_n15000_eta0.85_seed83.npz,0.9999999995603696,2.954515207854444,0.24862398884064912,11.883467969569441,0.0005988392607713751,0.7709975045864152,0.9053040798595804,0.9546764591039366,503.0,6660.0,11.786683779523331,0.2939677299097331,0.8865620534668572,2500.0,0.0004591836734693878,0.11579377193353134,False
S12,silu,100,12,80,15000,0.85,80,97,silu_p100_rt12_rs80_n15000_eta0.85_seed97.npz,0.9999999994683654,2.9248157156653076,0.2583156565950022,11.322642050500843,4.6563166974339094e-05,0.6736151180088495,0.8842535710642364,0.9508869764505811,502.0,6400.0,11.253191426921173,0.2930565130817563,0.868089406678458,3320.0,0.0003169014084507042,0.12157145312359605,False
S12,silu,100,12,80,15000,0.85,80,101,silu_p100_rt12_rs80_n15000_eta0.85_seed101.npz,0.9999999994964938,2.9268019220916055,0.25525503935499333,11.46618664018298,3.7728653970150767e-05,0.7542296796150357,0.8958241962822044,0.9522316227819189,503.0,6600.0,11.376951040431408,0.28505293408506704,0.8875712478795346,2440.0,0.0003879310344827586,0.11048418355905848,False
S12,silu,100,12,80,15000,0.85,80,103,silu_p100_rt12_rs80_n15000_eta0.85_seed103.npz,0.9999999994388662,2.917360918367808,0.2544424249166014,11.465701599582033,0.00015302126405069647,0.7664460967592119,0.9070305711222992,0.9537881533199234,502.0,6600.0,11.374776574434946,0.3295585177241783,0.8986973748029008,2660.0,0.00038135593220338984,0.10815756741064285,False
S12,silu,100,12,80,15000,0.85,80,107,silu_p100_rt12_rs80_n15000_eta0.85_seed107.npz,0.9999999995562241,2.9463537835221474,0.2550790428934996,11.550748152808096,0.0016396735648765972,0.7206965082521719,0.8896764963011989,0.9506124316648968,502.0,6420.0,11.505218804839155,0.3204962975756097,0.8727841851082082,2620.0,0.0002960526315789474,0.1304851158632845,False
S12,silu,100,12,80,15000,0.85,80,109,silu_p100_rt12_rs80_n15000_eta0.85_seed109.npz,0.9999999994371221,2.9341162829510377,0.25167259903328,11.65846538010697,0.0007380144346864396,0.6032015982447411,0.888316176203479,0.9529755446085764,502.0,6720.0,11.522348375889687,0.3059501322882454,0.8875579409782287,3420.0,0.0002960526315789474,0.09985370136197864,False
S12,silu,100,12,80,15000,0.85,80,113,silu_p100_rt12_rs80_n15000_eta0.85_seed113.npz,0.9999999995513967,2.929256702572219,0.25456737195367357,11.506803405682675,0.0002646616401791753,0.7877726576351222,0.8988800067902798,0.9531477029067745,502.0,6580.0,11.432238367557014,0.30329366562596727,0.7966051272800947,2300.0,0.00021226415094339622,0.11145248443393241,False
S12,silu,100,12,80,15000,0.85,80,127,silu_p100_rt12_rs80_n15000_eta0.85_seed127.npz,0.9999999993333917,2.9408073990855397,0.25208628625445667,11.66587616796052,2.6264438076882575e-05,0.6234580955932361,0.9013834032250617,0.9533797646890184,502.0,7120.0,11.492781651038023,0.34692182603065136,0.8569806845656471,3560.0,0.0002368421052631579,0.12013622203503072,False
S12,silu,100,12,80,15000,0.85,80,131,silu_p100_rt12_rs80_n15000_eta0.85_seed131.npz,0.9999999995088766,2.97836508068735,0.25213092053056346,11.812772009160655,0.0012391348479813499,0.6999737871025918,0.9134371285789918,0.954707569420031,502.0,6540.0,11.748631501423324,0.33688996237220736,0.8995983801202561,3040.0,0.0002556818181818182,0.09778489351749378,False
S12,silu,100,12,80,15000,0.85,80,137,silu_p100_rt12_rs80_n15000_eta0.85_seed137.npz,0.9999999995917117,2.9422296447735077,0.25095625983520337,11.724073536582015,0.00023583533023586285,0.7039994425766297,0.8924847276299255,0.9454870144192443,502.0,6920.0,11.635153653548208,0.3545700463229611,0.8689823705239564,2120.0,0.000625,0.1305006942718855,False
S12,silu,100,12,80,15000,0.85,80,139,silu_p100_rt12_rs80_n15000_eta0.85_seed139.npz,0.9999999995791445,2.9372199701125155,0.25132977207875845,11.686717199552817,0.0007754774330057613,0.7721728248356403,0.8982113697285149,0.951973204262667,502.0,6540.0,11.602353033075541,0.2882201530650902,0.8398102094860567,2420.0,0.00022058823529411765,0.10682589691078127,False
S12,silu,100,12,80,15000,0.85,80,149,silu_p100_rt12_rs80_n15000_eta0.85_seed149.npz,0.9999999994062142,2.913674493012638,0.25369930768757587,11.484755396340114,7.57843018726226e-05,0.7136309607197906,0.9055914125017656,0.9551845269472509,502.0,6600.0,11.376918402865787,0.34036650971669824,0.8962406776493226,2300.0,0.0003125,0.10991782638511649,False
S12,silu,100,12,80,15000,0.85,80,151,silu_p100_rt12_rs80_n15000_eta0.85_seed151.npz,0.9999999993864102,2.93682800229251,0.2517066252442645,11.667662698359704,0.0008797108241900328,0.7596818003641819,0.9043102832728466,0.9557105678312482,503.0,6840.0,11.52056265028822,0.34363309346034576,0.9032310221168709,3260.0,0.0009,0.11919877687479996,False
S12,silu,100,12,80,15000,0.85,80,157,silu_p100_rt12_rs80_n15000_eta0.85_seed157.npz,0.9999999994682315,2.9201342590133774,0.2504586411043959,11.659147578766149,0.0007004103819340688,0.22068913459812065,0.9045419317913436,0.9541822343315588,503.0,6580.0,11.588586878249917,0.30633109933256897,0.9026707166947754,4400.0,0.0004891304347826087,0.1260432593526392,False
S12,silu,100,12,80,15000,0.85,80,163,silu_p100_rt12_rs80_n15000_eta0.85_seed163.npz,0.9999999994487354,2.9196758164209315,0.25088806591045565,11.637364279666421,0.0001244424023854499,0.6833453011014916,0.9014378222584057,0.9534665540416687,502.0,6800.0,11.48924326081232,0.35623561112154933,0.8945701016197533,2700.0,0.0004787234042553192,0.10892180479849084,False
S12,silu,100,12,80,15000,0.85,80,167,silu_p100_rt12_rs80_n15000_eta0.85_seed167.npz,0.9999999994467563,2.9186146074616213,0.25163166446958357,11.598757309076316,0.0018861936404560133,0.6257933608555093,0.8979620683366648,0.9518441116919485,502.0,6740.0,11.495880891451957,0.3385400000056462,0.8941886156027642,3280.0,0.0001923076923076923,0.12727977614237557,False
S12,silu,100,12,80,15000,0.85,80,173,silu_p100_rt12_rs80_n15000_eta0.85_seed173.npz,0.999999999462493,2.9225367021667537,0.25332740511139873,11.536599054024933,3.994535897703418e-05,0.7925772368180364,0.9134636071894013,0.9564654054028568,503.0,6480.0,11.445559276999132,0.302709969690667,0.9096289269559168,2240.0,0.00033088235294117646,0.10619151379270825,False
S12,silu,100,12,80,15000,0.85,80,179,silu_p100_rt12_rs80_n15000_eta0.85_seed179.npz,0.9999999994726088,2.9261785689922943,0.25058483191232106,11.677397018252709,3.935996631451255e-05,0.7301528351884696,0.9014371773281296,0.9550103679818503,503.0,6700.0,11.56558930136037,0.3005545701912308,0.8878599968951109,2580.0,0.00030821917808219177,0.14235160035847902,False
S12,silu,100,12,80,15000,0.85,80,181,silu_p100_rt12_rs80_n15000_eta0.85_seed181.npz,0.999999999547261,2.946578609621581,0.2542310245655529,11.590161407943397,0.00035199892059571025,0.7470511186622973,0.9212554887074794,0.9522523390385998,502.0,6620.0,11.507132260721951,0.3244544888898153,0.920252497319947,2620.0,0.00033088235294117646,0.11253667576710448,False
S12,silu,100,12,80,15000,0.85,80,191,silu_p100_rt12_rs80_n15000_eta0.85_seed191.npz,0.9999999993769354,2.929109552312606,0.2553951652261595,11.468931096322038,0.0011920286481151177,0.6453774826752658,0.881088714977155,0.9499659051005064,502.0,7000.0,11.325143007787506,0.32295129120566146,0.8640634547214638,3220.0,0.00038135593220338984,0.11791618930587493,False
S12,silu,100,12,80,15000,0.85,80,193,silu_p100_rt12_rs80_n15000_eta0.85_seed193.npz,0.9999999995035416,2.9508861902252126,0.2573602418382378,11.465975354810142,0.006538657769977448,0.7701442674780672,0.9012127836334608,0.9587415976308763,502.0,6500.0,11.391219340273606,0.27956059027792124,0.9007866437011974,2820.0,0.0005232558139534884,0.09502311086849838,False
S12,silu,100,12,80,15000,0.85,80,197,silu_p100_rt12_rs80_n15000_eta0.85_seed197.npz,0.9999999994762097,2.9467342087161708,0.2531223791795382,11.641539631018043,0.0002589528030798201,0.8247780004667026,0.9014439940610527,0.9555298509282791,502.0,6540.0,11.551999276702572,0.3282182426999184,0.8347927803501394,2120.0,0.00026785714285714287,0.1068345761970281,False
S12,silu,100,12,80,15000,0.85,80,199,silu_p100_rt12_rs80_n15000_eta0.85_seed199.npz,0.9999999994191534,2.959065275693046,0.2600871313680085,11.377207553979813,0.0002603903584788116,0.7163413273181101,0.9144568368836373,0.9525071450151392,502.0,6840.0,11.268193008816931,0.36995118172872654,0.9140183728233174,2520.0,0.0003879310344827586,0.11777026993253568,False
S12,silu,100,12,80,15000,0.85,80,211,silu_p100_rt12_rs80_n15000_eta0.85_seed211.npz,0.999999999536113,2.95742037862264,0.25295705732155804,11.691393036973775,5.858130403385655e-05,0.590132081341044,0.8907156933118073,0.9500148047095678,502.0,6840.0,11.586183175618823,0.2978030743398382,0.8892193270785156,3440.0,0.00025,0.12000834004542228,False
S12,silu,100,12,80,15000,0.85,80,223,silu_p100_rt12_rs80_n15000_eta0.85_seed223.npz,0.9999999994982909,2.948127523355356,0.25282532381466155,11.66072875483208,1.872536679184513e-05,0.7150781817771432,0.9040368761650224,0.9503181399862998,502.0,6620.0,11.544592359140283,0.3000076422903153,0.9037784444574021,3020.0,0.00035714285714285714,0.11560289905467815,False
S12,silu,100,12,80,15000,0.85,80,227,silu_p100_rt12_rs80_n15000_eta0.85_seed227.npz,0.9999999994383857,2.9323832935407137,0.2534164392499625,11.571401216983787,0.0006306043128493477,0.5524089640909623,0.8942745479288365,0.9524364557633637,503.0,6740.0,11.49378570035126,0.34011461633361684,0.8936685402959563,3820.0,0.0002710843373493976,0.11801670328018714,False
S12,silu,100,12,80,15000,0.85,80,229,silu_p100_rt12_rs80_n15000_eta0.85_seed229.npz,0.9999999994991723,2.9479660731355257,0.2533498728340736,11.635948501407919,0.0016988413804342622,0.7141814191128115,0.8966285525406769,0.9519135096968819,502.0,6780.0,11.53648343909914,0.33646616029363174,0.8295620499082675,2380.0,0.0002393617021276596,0.13123488971700653,False
S12,silu,100,12,80,15000,0.85,80,233,silu_p100_rt12_rs80_n15000_eta0.85_seed233.npz,0.9999999995065461,2.950108367579905,0.2598817082759188,11.351735322779039,0.0007099487146307426,0.6708513971259704,0.9083226711782134,0.9501054069521256,502.0,6880.0,11.24548192009571,0.29266346717097125,0.8250568397474833,3020.0,0.00016917293233082708,0.11616952496590296,False
S12,silu,100,12,80,15000,0.85,80,239,silu_p100_rt12_rs80_n15000_eta0.85_seed239.npz,0.9999999994933176,2.954321150999242,0.2509641298582399,11.771886096503216,0.001960413362726099,0.6364871848059072,0.9101164674301674,0.9532290027247261,502.0,6480.0,11.726205132219839,0.32281007051898836,0.9034266383121188,3360.0,0.00019911504424778762,0.10405037023780801,False
S12,silu,100,12,80,15000,0.85,80,241,silu_p100_rt12_rs80_n15000_eta0.85_seed241.npz,0.9999999995230258,2.957118562548067,0.2511290095406854,11.775296561542742,0.0003789042085587026,0.6482167517263135,0.9116706977192136,0.9508460250705758,502.0,6780.0,11.682782867280972,0.32968698325347634,0.836107041221387,3200.0,0.0001480263157894737,0.10152088562169095,False
S12,silu,100,12,80,15000,0.85,80,251,silu_p100_rt12_rs80_n15000_eta0.85_seed251.npz,0.9999999993640606,2.919292505310626,0.25775723233228076,11.325744301705175,0.00013147938224008466,0.6903869548653738,0.906273010822511,0.9563723508533628,503.0,6600.0,11.25402289771616,0.25980055665814694,0.7603247277378972,2940.0,0.0001584507042253521,0.10302625077717746,False
S12,silu,100,12,80,15000,0.85,80,257,silu_p100_rt12_rs80_n15000_eta0.85_seed257.npz,0.9999999994394977,2.930305606778972,0.25892142777486205,11.317354581123885,0.0010287722691490922,0.7154944602089987,0.8929736448184672,0.9524787382022736,503.0,6820.0,11.220463421509903,0.3201028508435767,0.8832934722696921,3260.0,0.00030821917808219177,0.11454965682939872,False
S12,silu,100,12,80,15000,0.85,80,263,silu_p100_rt12_rs80_n15000_eta0.85_seed263.npz,0.9999999995420136,2.955042105710473,0.25827018332236956,11.441669602340534,0.00231592328094852,0.6694707752636724,0.9030083671176189,0.9525828350671532,502.0,6520.0,11.370934450636488,0.3040030838500982,0.8891939051133508,3380.0,0.0004591836734693878,0.09049927470048108,False
S12,silu,100,12,80,15000,0.85,80,269,silu_p100_rt12_rs80_n15000_eta0.85_seed269.npz,0.9999999995283404,2.9485303628839605,0.2534913723593706,11.63167935634463,0.00012557708046801252,0.6634193683478876,0.8974792767870248,0.949806236553246,502.0,6760.0,11.528905119639045,0.30255769787894027,0.8846759571662851,3680.0,0.0002368421052631579,0.10689031135742136,False
S12,silu,100,12,80,15000,0.85,80,271,silu_p100_rt12_rs80_n15000_eta0.85_seed271.npz,0.9999999995327556,2.9268693185195405,0.25547196827179386,11.456714168364945,0.0005650717534907985,0.7684401852267101,0.8957516590553971,0.9522251441756101,502.0,6420.0,11.39507536139035,0.31087321724443084,0.8954427858804269,2580.0,0.0003125,0.13434888912608808,False
S12,silu,100,12,80,15000,0.85,80,277,silu_p100_rt12_rs80_n15000_eta0.85_seed277.npz,0.9999999994113882,2.9184115079041106,0.2531737043895687,11.527308947588931,0.0007732765609558886,0.6340941575838196,0.8991238477348481,0.9519709323081574,502.0,6780.0,11.408611168258972,0.36550416373579353,0.897546035781238,3360.0,0.0004591836734693878,0.11168081919170385,False
S12,silu,100,12,80,15000,0.85,80,281,silu_p100_rt12_rs80_n15000_eta0.85_seed281.npz,0.9999999995520876,2.960072099441469,0.24718250951464366,11.97524899821485,0.0003093322758400746,0.650147812920655,0.8880170568527271,0.9464512514970794,502.0,6940.0,11.869885684185384,0.36520647299275555,0.8871132137260809,3940.0,0.0005357142857142857,0.13705289091801856,False
S12,silu,100,12,80,15000,0.85,80,283,silu_p100_rt12_rs80_n15000_eta0.85_seed283.npz,0.9999999995728875,2.954047120119898,0.25538132639676653,11.567200945344062,0.000364516173454054,0.7465942107916581,0.899268155118903,0.949513768415148,502.0,6520.0,11.534536377384162,0.3036318625890423,0.8990661334528105,2660.0,0.0022500000000000003,0.11393049243137887,False
S12,silu,100,12,80,15000,0.85,80,293,silu_p100_rt12_rs80_n15000_eta0.85_seed293.npz,0.9999999994893307,2.9352326427114903,0.25542035040511063,11.491772828813566,0.00017149493706423156,0.7589660030578219,0.9164132445742276,0.955801711471241,502.0,6580.0,11.400936813333345,0.2903583705736644,0.9159626735541296,2900.0,0.0002556818181818182,0.09501650947427565,False
S12,silu,100,12,80,15000,0.85,80,307,silu_p100_rt12_rs80_n15000_eta0.85_seed307.npz,0.9999999995603397,2.9578211402744605,0.24893807016619868,11.881754921212849,0.00020060650146766458,0.6871651821030649,0.8819197385977094,0.9467940174054815,502.0,6760.0,11.78440418648428,0.3388047758863638,0.8629864242040066,2940.0,0.00036290322580645164,0.13671354298282107,False
S12,silu,100,12,80,15000,0.85,80,311,silu_p100_rt12_rs80_n15000_eta0.85_seed311.npz,0.999999999440448,2.9345424619936438,0.25426572930749736,11.541242581082338,3.3321593365326096e-06,0.7581584086742702,0.9044133902821455,0.9531008591449853,503.0,6540.0,11.467882711255399,0.32776381903065854,0.9018519374072455,2460.0,0.00027439024390243905,0.1176675592232267,False
S12,silu,100,12,80,15000,0.85,80,313,silu_p100_rt12_rs80_n15000_eta0.85_seed313.npz,0.9999999994639484,2.9243060758777144,0.2546384587758347,11.484149291258719,5.551636887344358e-06,0.6695756569978907,0.9170609587730149,0.95343625670944,503.0,6920.0,11.349429489587584,0.3702038535253698,0.9161334046194091,3160.0,0.0002586206896551724,0.1039555622743305,False
