seed,window,start,end,loss_change,mean_even_start,mean_even_end,mean_even_gain,mean_odd_start,mean_odd_end,mean_odd_gain,mean_phaseavg_start,mean_phaseavg_end,mean_phaseavg_gain,min_even_start,min_even_end,min_even_gain,min_odd_start,min_odd_end,min_odd_gain,min_phaseavg_start,min_phaseavg_end,min_phaseavg_gain,rho2,r2
61,60_240,60,240,-0.09452178537584745,0.7313247919082642,0.8989371061325073,0.16761231422424316,0.6411377787590027,0.8571301698684692,0.21599239110946655,0.6862312853336334,0.8780336380004883,0.19180235266685486,0.4265073835849762,0.8592754602432251,0.4327680766582489,0.3287788927555084,0.740491509437561,0.4117126166820526,0.3776431381702423,0.7998834848403931,0.42224034667015076,0.9999837033485294,0.20187266443254667
67,60_240,60,240,-0.10483582111471486,0.604927659034729,0.8812710642814636,0.2763434052467346,0.5550152063369751,0.6881207227706909,0.13310551643371582,0.579971432685852,0.7846958935260773,0.20472446084022522,0.09522774815559387,0.8215036392211914,0.7262758910655975,0.07021626085042953,0.09386065602302551,0.023644395172595978,0.0827220045030117,0.45768214762210846,0.37496014311909676,0.9999865171242803,0.1914594432705143
71,60_240,60,240,-0.08226262345242329,0.643788754940033,0.8881834745407104,0.2443947196006775,0.5858951807022095,0.8297776579856873,0.24388247728347778,0.6148419678211212,0.8589805662631989,0.24413859844207764,0.12003456056118011,0.8257097005844116,0.7056751400232315,0.09310213476419449,0.6604280471801758,0.5673259124159813,0.1065683476626873,0.7430688738822937,0.6365005262196064,0.9999846230495668,0.19375896568925868
79,60_240,60,240,-0.08830720457522248,0.6996926665306091,0.8575117588043213,0.15781909227371216,0.6190637350082397,0.7946816682815552,0.17561793327331543,0.6593782007694244,0.8260967135429382,0.1667185127735138,0.4326499104499817,0.7866578102111816,0.35400789976119995,0.3887174427509308,0.6261839866638184,0.23746654391288757,0.41068367660045624,0.7064208984375,0.29573722183704376,0.9999836110144897,0.19415949664527968
83,60_240,60,240,-0.0829619944919103,0.7146047949790955,0.8860034346580505,0.17139863967895508,0.6422039866447449,0.8277336359024048,0.1855296492576599,0.6784043908119202,0.8568685352802277,0.1784641444683075,0.38780951499938965,0.8530909419059753,0.4652814269065857,0.35814690589904785,0.671014666557312,0.31286776065826416,0.37297821044921875,0.7620528042316437,0.3890745937824249,0.9999804684780111,0.1929245212243964
89,60_240,60,240,-0.10501062575173364,0.5485166907310486,0.7977651357650757,0.2492484450340271,0.4479478597640991,0.719854474067688,0.27190661430358887,0.49823227524757385,0.7588098049163818,0.260577529668808,0.016167160123586655,0.5959186553955078,0.5797514952719212,0.062170255929231644,0.44305503368377686,0.3808847777545452,0.03916870802640915,0.5194868445396423,0.4803181365132332,0.9999861950214466,0.1980766455561546
97,60_240,60,240,-0.10668239282131882,0.6889471411705017,0.8791651725769043,0.1902180314064026,0.5784850716590881,0.8268190026283264,0.24833393096923828,0.6337161064147949,0.8529920876026154,0.21927598118782043,0.42065495252609253,0.8231078386306763,0.40245288610458374,0.34154146909713745,0.6983602643013,0.3568187952041626,0.381098210811615,0.7607340514659882,0.37963584065437317,0.9999819012463205,0.19686875910582602
101,60_240,60,240,-0.08159250484126512,0.6600551605224609,0.8791569471359253,0.21910178661346436,0.4034278392791748,0.8219846487045288,0.418556809425354,0.5317414999008179,0.850570797920227,0.3188292980194092,0.3543552756309509,0.8121563792228699,0.45780110359191895,0.004322202876210213,0.7170690894126892,0.712746886536479,0.17933873925358057,0.7646127343177795,0.585273995064199,0.9999866583324413,0.2026467123268734
103,60_240,60,240,-0.08348330249968687,0.5460777282714844,0.8572503328323364,0.31117260456085205,0.49655312299728394,0.7921332716941833,0.2955801486968994,0.5213154256343842,0.8246918022632599,0.30337637662887573,0.12073590606451035,0.7625021934509277,0.6417662873864174,0.09584493935108185,0.6733543872833252,0.5775094479322433,0.1082904227077961,0.7179282903671265,0.6096378676593304,0.9999846947894829,0.1919074755198435
107,60_240,60,240,-0.0811958849810799,0.5028823614120483,0.7884261012077332,0.2855437397956848,0.42072874307632446,0.697535514831543,0.2768067717552185,0.4618055522441864,0.7429808080196381,0.28117525577545166,0.12822702527046204,0.5654432773590088,0.43721625208854675,0.09971825778484344,0.46027037501335144,0.360552117228508,0.11397264152765274,0.5128568261861801,0.3988841846585274,0.9999876508158636,0.1972917991833963
109,60_240,60,240,-0.10453761139749888,0.6720458269119263,0.8511666059494019,0.17912077903747559,0.5840859413146973,0.7774124145507812,0.19332647323608398,0.6280658841133118,0.8142895102500916,0.18622362613677979,0.358879953622818,0.7304027080535889,0.3715227544307709,0.21507175266742706,0.5514344573020935,0.33636270463466644,0.28697585314512253,0.6409185826778412,0.35394272953271866,0.9999877998139718,0.1933344299942579
113,60_240,60,240,-0.08885823106418604,0.695189893245697,0.8686275482177734,0.17343765497207642,0.5908424854278564,0.79969322681427,0.20885074138641357,0.6430161893367767,0.8341603875160217,0.191144198179245,0.4566682279109955,0.7610526084899902,0.30438438057899475,0.3008275330066681,0.5411115884780884,0.2402840554714203,0.3787478804588318,0.6510820984840393,0.2723342180252075,0.9999872911743667,0.1897798914701865
127,60_240,60,240,-0.07607147982610604,0.5066438317298889,0.8300928473472595,0.3234490156173706,0.43393245339393616,0.7383151650428772,0.30438271164894104,0.47028814256191254,0.7842040061950684,0.3139158636331558,0.011150439269840717,0.7058696746826172,0.6947192354127765,0.005673071835190058,0.5226348042488098,0.5169617324136198,0.008411755552515388,0.6142522394657135,0.6058404839131981,0.9999841128563397,0.19763644282645515
131,60_240,60,240,-0.09459688685351753,0.6687305569648743,0.8553696870803833,0.18663913011550903,0.602928638458252,0.7974348068237305,0.19450616836547852,0.6358295977115631,0.8264022469520569,0.19057264924049377,0.30476072430610657,0.7145907878875732,0.4098300635814667,0.23985296487808228,0.5419541001319885,0.30210113525390625,0.2723068445920944,0.6282724440097809,0.35596559941768646,0.9999875098365181,0.19659821850340933
137,60_240,60,240,-0.08045196460839936,0.6567609310150146,0.8649555444717407,0.20819461345672607,0.5930953621864319,0.7371329665184021,0.14403760433197021,0.6249281466007233,0.8010442554950714,0.17611610889434814,0.11927676945924759,0.7532530426979065,0.6339762732386589,0.061149291694164276,0.3729028105735779,0.3117535188794136,0.09021303057670593,0.5630779266357422,0.47286489605903625,0.9999785402135482,0.2012216138839151
139,60_240,60,240,-0.09367420175679873,0.5873885750770569,0.8656094670295715,0.27822089195251465,0.5500342845916748,0.8050127625465393,0.2549784779548645,0.5687114298343658,0.8353111147880554,0.2665996849536896,0.023403067141771317,0.7766101360321045,0.7532070688903332,0.020153025165200233,0.6390151381492615,0.6188621129840612,0.021778046153485775,0.707812637090683,0.6860345909371972,0.9999845628469095,0.19739108052973195
149,60_240,60,240,-0.09949235942728296,0.5636876821517944,0.8754767775535583,0.3117890954017639,0.4965249001979828,0.8216620683670044,0.3251371681690216,0.5301062911748886,0.8485694229602814,0.31846313178539276,0.019176427274942398,0.7861550450325012,0.7669786177575588,0.00015767873264849186,0.6632495522499084,0.66309187351726,0.009667053003795445,0.7247022986412048,0.7150352456374094,0.999985651207647,0.20261554473449342
151,60_240,60,240,-0.10422248940687033,0.47383081912994385,0.7993907332420349,0.32555991411209106,0.3889737129211426,0.7217718958854675,0.33279818296432495,0.4314022660255432,0.7605813145637512,0.329179048538208,0.03264869004487991,0.6216018795967102,0.5889531895518303,0.002318596700206399,0.5328816771507263,0.5305630804505199,0.017483643372543156,0.5772417783737183,0.5597581350011751,0.9999899207600415,0.19931287576020265
157,60_240,60,240,-0.09641294330546345,0.6439872980117798,0.8416038751602173,0.1976165771484375,0.5897992253303528,0.6478776931762695,0.05807846784591675,0.6168932616710663,0.7447407841682434,0.12784752249717712,2.375381427555112e-06,0.6502073407173157,0.6502049653358881,0.0006377852405421436,0.008850274607539177,0.008212489366997033,0.00032008031098484935,0.3295288076624274,0.3292087273514426,0.9999857791685816,0.20102949571130557
163,60_240,60,240,-0.09360314433908738,0.5366855263710022,0.8655591011047363,0.32887357473373413,0.42655208706855774,0.816832423210144,0.3902803361415863,0.48161880671977997,0.8411957621574402,0.3595769554376602,0.08049511909484863,0.7871261835098267,0.706631064414978,0.01484918873757124,0.6755067110061646,0.6606575222685933,0.047672153916209936,0.7313164472579956,0.6836442933417857,0.9999846015744569,0.19979105703015648
167,60_240,60,240,-0.10444781043180536,0.6448262929916382,0.8535788059234619,0.20875251293182373,0.5600298047065735,0.7759934067726135,0.21596360206604004,0.6024280488491058,0.8147861063480377,0.21235805749893188,0.23791217803955078,0.6802247762680054,0.4423125982284546,0.16933812201023102,0.43786758184432983,0.2685294598340988,0.2036251500248909,0.5590461790561676,0.3554210290312767,0.9999753516057035,0.19697157633586113
173,60_240,60,240,-0.09558992380019946,0.5084260106086731,0.8372172117233276,0.32879120111465454,0.459023118019104,0.7184163331985474,0.25939321517944336,0.48372456431388855,0.7778167724609375,0.29409220814704895,0.00366419879719615,0.6282410621643066,0.6245768633671105,5.760727435699664e-05,0.27420276403427124,0.27414515675991424,0.0018609030357765732,0.45122191309928894,0.44936101006351237,0.9999835446093124,0.20006557206803546
179,60_240,60,240,-0.09625873339880976,0.5939031839370728,0.8597803115844727,0.2658771276473999,0.5223327279090881,0.711258590221405,0.1889258623123169,0.5581179559230804,0.7855194509029388,0.2274014949798584,0.03485792502760887,0.7205151915550232,0.6856572665274143,0.00195618299767375,0.21346881985664368,0.21151263685896993,0.01840705401264131,0.46699200570583344,0.4485849516931921,0.9999855483917303,0.18724924734162984
181,60_240,60,240,-0.08294326521138186,0.6194911003112793,0.8698795437812805,0.2503884434700012,0.554405152797699,0.7961927652359009,0.2417876124382019,0.5869481265544891,0.8330361545085907,0.24608802795410156,0.005819948855787516,0.7831128239631653,0.7772928751073778,0.004379850346595049,0.648650050163269,0.644270199816674,0.005099899601191282,0.7158814370632172,0.7107815374620259,0.999984028599114,0.20173999909974322
191,60_240,60,240,-0.082456386402218,0.6688287258148193,0.8353768587112427,0.16654813289642334,0.5729401707649231,0.7770555019378662,0.20411533117294312,0.6208844482898712,0.8062161803245544,0.18533173203468323,0.2870814800262451,0.7426890134811401,0.455607533454895,0.23746050894260406,0.6016232371330261,0.36416272819042206,0.2622709944844246,0.6721561253070831,0.40988513082265854,0.999980515149816,0.18936831730038955
193,60_240,60,240,-0.08459958694752591,0.7204700112342834,0.8684201836585999,0.1479501724243164,0.6447234153747559,0.7978788614273071,0.15315544605255127,0.6825967133045197,0.8331495225429535,0.15055280923843384,0.41426175832748413,0.7609644532203674,0.3467026948928833,0.2837825119495392,0.541427731513977,0.25764521956443787,0.34902213513851166,0.6511960923671722,0.3021739572286606,0.999986011133573,0.1991429100311364
197,60_240,60,240,-0.07764210090984285,0.6691290736198425,0.8881068825721741,0.21897780895233154,0.5986319780349731,0.839736819267273,0.2411048412322998,0.6338805258274078,0.8639218509197235,0.23004132509231567,0.13748854398727417,0.8332667350769043,0.6957781910896301,0.06516517698764801,0.7284091711044312,0.6632439941167831,0.10132686048746109,0.7808379530906677,0.6795110926032066,0.9999829537323369,0.20161172515329231
199,60_240,60,240,-0.0859884765060868,0.6162406206130981,0.8677000999450684,0.2514594793319702,0.47421249747276306,0.8023898005485535,0.3281773030757904,0.5452265590429306,0.8350449502468109,0.2898183912038803,0.335681289434433,0.7780576944351196,0.44237640500068665,0.23112405836582184,0.6202609539031982,0.3891368955373764,0.2834026739001274,0.6991593241691589,0.4157566502690315,0.9999841020299447,0.19774225688753158
211,60_240,60,240,-0.08559893331415297,0.5040426850318909,0.8378879427909851,0.33384525775909424,0.46487316489219666,0.7662737965583801,0.30140063166618347,0.48445792496204376,0.8020808696746826,0.31762294471263885,0.008832830004394054,0.6774041652679443,0.6685713352635503,0.042165134102106094,0.5053542256355286,0.46318909153342247,0.025498982053250074,0.5913791954517365,0.5658802133984864,0.9999862919520749,0.192126058855204
223,60_240,60,240,-0.09395127594744769,0.6727251410484314,0.8581950664520264,0.18546992540359497,0.5742293000221252,0.7806141376495361,0.2063848376274109,0.6234772205352783,0.8194046020507812,0.19592738151550293,0.4311491549015045,0.7791157960891724,0.34796664118766785,0.27918514609336853,0.5475268959999084,0.2683417499065399,0.3551671504974365,0.6633213460445404,0.3081541955471039,0.9999850444532352,0.2022385241524586
61,240_400,240,400,-0.05271812435319166,0.8989371061325073,0.914214015007019,0.015276908874511719,0.8571301698684692,0.8723620772361755,0.015231907367706299,0.8780336380004883,0.8932880461215973,0.015254408121109009,0.8592754602432251,0.8655753135681152,0.006299853324890137,0.740491509437561,0.7154405117034912,-0.025050997734069824,0.7998834848403931,0.7905079126358032,-0.009375572204589844,0.9999918492745105,0.20351844337226632
67,240_400,240,400,-0.0802071090961421,0.8812710642814636,0.8949549198150635,0.013683855533599854,0.6881207227706909,0.820764422416687,0.1326436996459961,0.7846958935260773,0.8578596711158752,0.07316377758979797,0.8215036392211914,0.7993977665901184,-0.022105872631072998,0.09386065602302551,0.5422590970993042,0.4483984410762787,0.45768214762210846,0.6708284318447113,0.21314628422260284,0.999990277803588,0.2024960122758599
71,240_400,240,400,-0.06254250687709896,0.8881834745407104,0.9006986618041992,0.01251518726348877,0.8297776579856873,0.8494514226913452,0.01967376470565796,0.8589805662631989,0.8750750422477722,0.016094475984573364,0.8257097005844116,0.8144665956497192,-0.011243104934692383,0.6604280471801758,0.6352005004882812,-0.02522754669189453,0.7430688738822937,0.7248335480690002,-0.018235325813293457,0.9999927719980959,0.19521037685861298
79,240_400,240,400,-0.08105571176823925,0.8575117588043213,0.8818116784095764,0.024299919605255127,0.7946816682815552,0.8291696310043335,0.03448796272277832,0.8260967135429382,0.855490654706955,0.029393941164016724,0.7866578102111816,0.813058078289032,0.026400268077850342,0.6261839866638184,0.6223911643028259,-0.0037928223609924316,0.7064208984375,0.717724621295929,0.011303722858428955,0.999982600784718,0.20080019579738628
83,240_400,240,400,-0.052516965494231835,0.8860034346580505,0.9002216458320618,0.01421821117401123,0.8277336359024048,0.8561375737190247,0.028403937816619873,0.8568685352802277,0.8781796097755432,0.021311074495315552,0.8530909419059753,0.8419225811958313,-0.011168360710144043,0.671014666557312,0.6786485314369202,0.007633864879608154,0.7620528042316437,0.7602855563163757,-0.0017672479152679443,0.9999915850156491,0.19699001558084592
89,240_400,240,400,-0.05737152942918114,0.7977651357650757,0.8665897846221924,0.0688246488571167,0.719854474067688,0.8057636022567749,0.08590912818908691,0.7588098049163818,0.8361766934394836,0.0773668885231018,0.5959186553955078,0.7318960428237915,0.1359773874282837,0.44305503368377686,0.5842608213424683,0.1412057876586914,0.5194868445396423,0.6580784320831299,0.13859158754348755,0.9999910265407445,0.20235148671337325
97,240_400,240,400,-0.06639865469202662,0.8791651725769043,0.8781079649925232,-0.0010572075843811035,0.8268190026283264,0.8325091600418091,0.005690157413482666,0.8529920876026154,0.8553085625171661,0.0023164749145507812,0.8231078386306763,0.804466724395752,-0.018641114234924316,0.6983602643013,0.6724354028701782,-0.025924861431121826,0.7607340514659882,0.7384510636329651,-0.02228298783302307,0.9999875101985874,0.20757184519901908
101,240_400,240,400,-0.06610813675113032,0.8791569471359253,0.9070085883140564,0.027851641178131104,0.8219846487045288,0.862878143787384,0.040893495082855225,0.850570797920227,0.8849433660507202,0.034372568130493164,0.8121563792228699,0.8426511883735657,0.0304948091506958,0.7170690894126892,0.6963627338409424,-0.020706355571746826,0.7646127343177795,0.769506961107254,0.004894226789474487,0.99998720751653,0.20684764974818942
103,240_400,240,400,-0.07316540417863229,0.8572503328323364,0.888532280921936,0.03128194808959961,0.7921332716941833,0.8342928886413574,0.04215961694717407,0.8246918022632599,0.8614125847816467,0.03672078251838684,0.7625021934509277,0.8258981704711914,0.06339597702026367,0.6733543872833252,0.6810277700424194,0.007673382759094238,0.7179282903671265,0.7534629702568054,0.035534679889678955,0.9999900580827209,0.19728362713761444
107,240_400,240,400,-0.0780911844371085,0.7884261012077332,0.8798661828041077,0.09144008159637451,0.697535514831543,0.8214051723480225,0.12386965751647949,0.7429808080196381,0.8506356775760651,0.107654869556427,0.5654432773590088,0.8143165111541748,0.24887323379516602,0.46027037501335144,0.6469958424568176,0.1867254674434662,0.5128568261861801,0.7306561768054962,0.2177993506193161,0.9999906545568571,0.19801230839622486
109,240_400,240,400,-0.05565111938206907,0.8511666059494019,0.862119734287262,0.010953128337860107,0.7774124145507812,0.7995756268501282,0.022163212299346924,0.8142895102500916,0.8308476805686951,0.016558170318603516,0.7304027080535889,0.7339870929718018,0.0035843849182128906,0.5514344573020935,0.5703723430633545,0.018937885761260986,0.6409185826778412,0.6521797180175781,0.011261135339736938,0.9999900167257918,0.19728825884776235
113,240_400,240,400,-0.06426503343441153,0.8686275482177734,0.88039231300354,0.011764764785766602,0.79969322681427,0.8217368721961975,0.02204364538192749,0.8341603875160217,0.8510645925998688,0.016904205083847046,0.7610526084899902,0.7601364850997925,-0.0009161233901977539,0.5411115884780884,0.5490105152130127,0.007898926734924316,0.6510820984840393,0.6545735001564026,0.0034914016723632812,0.9999897511069279,0.19153111398159228
127,240_400,240,400,-0.05983918820484876,0.8300928473472595,0.8707007169723511,0.04060786962509155,0.7383151650428772,0.8114158511161804,0.07310068607330322,0.7842040061950684,0.8410582840442657,0.05685427784919739,0.7058696746826172,0.7713006734848022,0.06543099880218506,0.5226348042488098,0.6068792343139648,0.08424443006515503,0.6142522394657135,0.6890899538993835,0.07483771443367004,0.9999899127765098,0.20511615545207848
131,240_400,240,400,-0.06621989112290073,0.8553696870803833,0.8748589158058167,0.01948922872543335,0.7974348068237305,0.8146297931671143,0.01719498634338379,0.8264022469520569,0.8447443544864655,0.01834210753440857,0.7145907878875732,0.7297223210334778,0.015131533145904541,0.5419541001319885,0.5201100707054138,-0.021844029426574707,0.6282724440097809,0.6249161958694458,-0.003356248140335083,0.9999882065469458,0.20419024853324738
137,240_400,240,400,-0.06659507082738188,0.8649555444717407,0.9021455645561218,0.037190020084381104,0.7371329665184021,0.8549407124519348,0.11780774593353271,0.8010442554950714,0.8785431385040283,0.07749888300895691,0.7532530426979065,0.8485991954803467,0.09534615278244019,0.3729028105735779,0.694316565990448,0.3214137554168701,0.5630779266357422,0.7714578807353973,0.20837995409965515,0.9999908225892893,0.20353480958560885
139,240_400,240,400,-0.0616975711900548,0.8656094670295715,0.8869441747665405,0.021334707736968994,0.8050127625465393,0.83481764793396,0.029804885387420654,0.8353111147880554,0.8608809113502502,0.025569796562194824,0.7766101360321045,0.8123067021369934,0.035696566104888916,0.6390151381492615,0.6224826574325562,-0.016532480716705322,0.707812637090683,0.7173946797847748,0.009582042694091797,0.9999912269724526,0.2015498787308707
149,240_400,240,400,-0.0637408339294379,0.8754767775535583,0.893528163433075,0.0180513858795166,0.8216620683670044,0.8523300290107727,0.03066796064376831,0.8485694229602814,0.8729290962219238,0.024359673261642456,0.7861550450325012,0.8356031775474548,0.04944813251495361,0.6632495522499084,0.6892059445381165,0.025956392288208008,0.7247022986412048,0.7624045610427856,0.03770226240158081,0.999989436892286,0.2064832269855846
151,240_400,240,400,-0.05214584539752659,0.7993907332420349,0.8483890295028687,0.04899829626083374,0.7217718958854675,0.7886266112327576,0.06685471534729004,0.7605813145637512,0.8185078203678131,0.05792650580406189,0.6216018795967102,0.7456796765327454,0.12407779693603516,0.5328816771507263,0.6043837070465088,0.07150202989578247,0.5772417783737183,0.6750316917896271,0.09778991341590881,0.9999870887689796,0.20188183542753968
157,240_400,240,400,-0.059804252454221545,0.8416038751602173,0.8958843350410461,0.05428045988082886,0.6478776931762695,0.8488764762878418,0.20099878311157227,0.7447407841682434,0.872380405664444,0.12763962149620056,0.6502073407173157,0.8211212158203125,0.17091387510299683,0.008850274607539177,0.6910218596458435,0.6821715850383043,0.3295288076624274,0.756071537733078,0.4265427300706506,0.9999855646093451,0.2057934168987272
163,240_400,240,400,-0.07082546570511254,0.8655591011047363,0.8780511021614075,0.012492001056671143,0.816832423210144,0.8342087268829346,0.017376303672790527,0.8411957621574402,0.856129914522171,0.014934152364730835,0.7871261835098267,0.7791410088539124,-0.007985174655914307,0.6755067110061646,0.6516430974006653,-0.023863613605499268,0.7313164472579956,0.7153920531272888,-0.015924394130706787,0.9999857931057295,0.20829427023844826
167,240_400,240,400,-0.06945287522662309,0.8535788059234619,0.8993147015571594,0.04573589563369751,0.7759934067726135,0.8414899706840515,0.06549656391143799,0.8147861063480377,0.8704023361206055,0.05561622977256775,0.6802247762680054,0.7870655655860901,0.10684078931808472,0.43786758184432983,0.5848730206489563,0.14700543880462646,0.5590461790561676,0.6859692931175232,0.1269231140613556,0.9999849793388866,0.20579391520828721
173,240_400,240,400,-0.051192471900550866,0.8372172117233276,0.8602326512336731,0.02301543951034546,0.7184163331985474,0.7870640158653259,0.06864768266677856,0.7778167724609375,0.8236483335494995,0.04583156108856201,0.6282410621643066,0.6867715716362,0.05853050947189331,0.27420276403427124,0.4428388178348541,0.16863605380058289,0.45122191309928894,0.564805194735527,0.1135832816362381,0.9999878667053074,0.19885806914847526
179,240_400,240,400,-0.06105737262135696,0.8597803115844727,0.886391282081604,0.026610970497131348,0.711258590221405,0.8122346997261047,0.10097610950469971,0.7855194509029388,0.8493129909038544,0.06379354000091553,0.7205151915550232,0.7671458125114441,0.0466306209564209,0.21346881985664368,0.5043562054634094,0.29088738560676575,0.46699200570583344,0.6357510089874268,0.16875900328159332,0.9999860924196216,0.19376095607253438
181,240_400,240,400,-0.060311999962518556,0.8698795437812805,0.8945618271827698,0.024682283401489258,0.7961927652359009,0.8507544994354248,0.054561734199523926,0.8330361545085907,0.8726581633090973,0.03962200880050659,0.7831128239631653,0.8217743039131165,0.03866147994995117,0.648650050163269,0.6923854947090149,0.04373544454574585,0.7158814370632172,0.7570798993110657,0.04119846224784851,0.9999883875532599,0.2008461780060226
191,240_400,240,400,-0.07574165849403057,0.8353768587112427,0.8802237510681152,0.04484689235687256,0.7770555019378662,0.8263380527496338,0.04928255081176758,0.8062161803245544,0.8532809019088745,0.04706472158432007,0.7426890134811401,0.8047386407852173,0.06204962730407715,0.6016232371330261,0.6302472352981567,0.028623998165130615,0.6721561253070831,0.717492938041687,0.04533681273460388,0.999989865433079,0.20245290005701624
193,240_400,240,400,-0.06860166112873221,0.8684201836585999,0.8942574262619019,0.025837242603302002,0.7978788614273071,0.8334439992904663,0.03556513786315918,0.8331495225429535,0.8638507127761841,0.03070119023323059,0.7609644532203674,0.7997680902481079,0.03880363702774048,0.541427731513977,0.5950962901115417,0.0536685585975647,0.6511960923671722,0.6974321901798248,0.04623609781265259,0.9999915761956546,0.20555471823822138
197,240_400,240,400,-0.07549955355009058,0.8881068825721741,0.9059913158416748,0.017884433269500732,0.839736819267273,0.8567788600921631,0.017042040824890137,0.8639218509197235,0.881385087966919,0.017463237047195435,0.8332667350769043,0.8432496786117554,0.009982943534851074,0.7284091711044312,0.6825881600379944,-0.04582101106643677,0.7808379530906677,0.7629189193248749,-0.017919033765792847,0.9999897691229888,0.20601304411156304
199,240_400,240,400,-0.05610341746376332,0.8677000999450684,0.8818987607955933,0.014198660850524902,0.8023898005485535,0.8238661289215088,0.021476328372955322,0.8350449502468109,0.852882444858551,0.017837494611740112,0.7780576944351196,0.7881369590759277,0.010079264640808105,0.6202609539031982,0.6091073751449585,-0.011153578758239746,0.6991593241691589,0.6986221671104431,-0.0005371570587158203,0.9999873562762046,0.20775505397620542
211,240_400,240,400,-0.07001186205350914,0.8378879427909851,0.8757097721099854,0.037821829319000244,0.7662737965583801,0.822752058506012,0.056478261947631836,0.8020808696746826,0.8492309153079987,0.04715004563331604,0.6774041652679443,0.7530678510665894,0.07566368579864502,0.5053542256355286,0.621870756149292,0.11651653051376343,0.5913791954517365,0.6874693036079407,0.09609010815620422,0.9999874407527009,0.2002878798147292
223,240_400,240,400,-0.06740200604011093,0.8581950664520264,0.8795328140258789,0.02133774757385254,0.7806141376495361,0.81239253282547,0.03177839517593384,0.8194046020507812,0.8459626734256744,0.02655807137489319,0.7791157960891724,0.7685014009475708,-0.010614395141601562,0.5475268959999084,0.5349219441413879,-0.012604951858520508,0.6633213460445404,0.6517116725444794,-0.011609673500061035,0.9999860773853587,0.20445938493927987
61,400_700,400,700,-0.07832751127698606,0.914214015007019,0.9104537963867188,-0.003760218620300293,0.8723620772361755,0.8643530011177063,-0.008009076118469238,0.8932880461215973,0.8874033987522125,-0.005884647369384766,0.8655753135681152,0.8192715644836426,-0.046303749084472656,0.7154405117034912,0.6449514031410217,-0.07048910856246948,0.7905079126358032,0.7321114838123322,-0.05839642882347107,0.9999886117368781,0.20716297503819137
67,400_700,400,700,-0.05630798472513694,0.8949549198150635,0.8926389813423157,-0.0023159384727478027,0.820764422416687,0.846197247505188,0.025432825088500977,0.8578596711158752,0.8694181144237518,0.011558443307876587,0.7993977665901184,0.7485129237174988,-0.05088484287261963,0.5422590970993042,0.5836922526359558,0.04143315553665161,0.6708284318447113,0.6661025881767273,-0.004725843667984009,0.9999889773451126,0.20205821592065065
71,400_700,400,700,-0.08199135874448514,0.9006986618041992,0.9031617641448975,0.002463102340698242,0.8494514226913452,0.8533625602722168,0.003911137580871582,0.8750750422477722,0.8782621622085571,0.003187119960784912,0.8144665956497192,0.7837866544723511,-0.030679941177368164,0.6352005004882812,0.5876546502113342,-0.04754585027694702,0.7248335480690002,0.6857206523418427,-0.03911289572715759,0.9999889598056511,0.19895022322655345
79,400_700,400,700,-0.07753813290222467,0.8818116784095764,0.888128399848938,0.006316721439361572,0.8291696310043335,0.8377845883369446,0.008614957332611084,0.855490654706955,0.8629564940929413,0.007465839385986328,0.813058078289032,0.766567587852478,-0.046490490436553955,0.6223911643028259,0.5645171999931335,-0.05787396430969238,0.717724621295929,0.6655423939228058,-0.05218222737312317,0.9999915813586678,0.20514599542133488
83,400_700,400,700,-0.08721844452827161,0.9002216458320618,0.9011839628219604,0.0009623169898986816,0.8561375737190247,0.8556302785873413,-0.0005072951316833496,0.8781796097755432,0.8784071207046509,0.00022751092910766602,0.8419225811958313,0.7972807288169861,-0.044641852378845215,0.6786485314369202,0.6233593821525574,-0.05528914928436279,0.7602855563163757,0.7103200554847717,-0.049965500831604004,0.999986850603356,0.20281237050381665
89,400_700,400,700,-0.07159549248516678,0.8665897846221924,0.8794885873794556,0.012898802757263184,0.8057636022567749,0.8226636648178101,0.016900062561035156,0.8361766934394836,0.8510761260986328,0.01489943265914917,0.7318960428237915,0.7440050840377808,0.012109041213989258,0.5842608213424683,0.566036581993103,-0.018224239349365234,0.6580784320831299,0.6550208330154419,-0.0030575990676879883,0.9999908213478315,0.19845407055921446
97,400_700,400,700,-0.058872506781706455,0.8781079649925232,0.8758578300476074,-0.0022501349449157715,0.8325091600418091,0.8259721398353577,-0.006537020206451416,0.8553085625171661,0.8509149849414825,-0.004393577575683594,0.804466724395752,0.7601722478866577,-0.04429447650909424,0.6724354028701782,0.5902413725852966,-0.08219403028488159,0.7384510636329651,0.6752068102359772,-0.06324425339698792,0.9999894705027592,0.2064750715695707
101,400_700,400,700,-0.06747595033343605,0.9070085883140564,0.8985012173652649,-0.008507370948791504,0.862878143787384,0.8532681465148926,-0.009609997272491455,0.8849433660507202,0.8758846819400787,-0.00905868411064148,0.8426511883735657,0.8018033504486084,-0.040847837924957275,0.6963627338409424,0.6399028301239014,-0.056459903717041016,0.769506961107254,0.7208530902862549,-0.048653870820999146,0.9999858798201768,0.20510317422251498
103,400_700,400,700,-0.08236839327511075,0.888532280921936,0.8977369666099548,0.009204685688018799,0.8342928886413574,0.8527426719665527,0.018449783325195312,0.8614125847816467,0.8752398192882538,0.013827234506607056,0.8258981704711914,0.8156453967094421,-0.010252773761749268,0.6810277700424194,0.6457437872886658,-0.03528398275375366,0.7534629702568054,0.730694591999054,-0.022768378257751465,0.999985910346315,0.20185350869118535
107,400_700,400,700,-0.08462515928017747,0.8798661828041077,0.9006452560424805,0.020779073238372803,0.8214051723480225,0.8511065244674683,0.0297013521194458,0.8506356775760651,0.8758758902549744,0.025240212678909302,0.8143165111541748,0.8183922171592712,0.0040757060050964355,0.6469958424568176,0.6491392254829407,0.002143383026123047,0.7306561768054962,0.733765721321106,0.003109544515609741,0.9999875490969026,0.20288283208643274
109,400_700,400,700,-0.06017615126349403,0.862119734287262,0.8731117248535156,0.010991990566253662,0.7995756268501282,0.8093653321266174,0.009789705276489258,0.8308476805686951,0.8412385284900665,0.01039084792137146,0.7339870929718018,0.743151068687439,0.009163975715637207,0.5703723430633545,0.5376279950141907,-0.03274434804916382,0.6521797180175781,0.6403895318508148,-0.011790186166763306,0.9999893677909715,0.20124100143619617
113,400_700,400,700,-0.074314725808905,0.88039231300354,0.8855592012405396,0.005166888236999512,0.8217368721961975,0.8353997468948364,0.013662874698638916,0.8510645925998688,0.860479474067688,0.009414881467819214,0.7601364850997925,0.7314881682395935,-0.028648316860198975,0.5490105152130127,0.5308790802955627,-0.01813143491744995,0.6545735001564026,0.6311836242675781,-0.023389875888824463,0.9999900548310978,0.20125395284695596
127,400_700,400,700,-0.0732462338889932,0.8707007169723511,0.8916956186294556,0.020994901657104492,0.8114158511161804,0.8444900512695312,0.03307420015335083,0.8410582840442657,0.8680928349494934,0.02703455090522766,0.7713006734848022,0.7856648564338684,0.014364182949066162,0.6068792343139648,0.6076361536979675,0.0007569193840026855,0.6890899538993835,0.696650505065918,0.007560551166534424,0.9999887466149032,0.20976487202026015
131,400_700,400,700,-0.09112165426279302,0.8748589158058167,0.8823546171188354,0.007495701313018799,0.8146297931671143,0.8304245471954346,0.015794754028320312,0.8447443544864655,0.856389582157135,0.011645227670669556,0.7297223210334778,0.7243121862411499,-0.005410134792327881,0.5201100707054138,0.5285000801086426,0.00839000940322876,0.6249161958694458,0.6264061331748962,0.0014899373054504395,0.9999856991607152,0.210428705913135
137,400_700,400,700,-0.08611931203602569,0.9021455645561218,0.903244137763977,0.0010985732078552246,0.8549407124519348,0.8574950098991394,0.00255429744720459,0.8785431385040283,0.8803695738315582,0.0018264353275299072,0.8485991954803467,0.7968129515647888,-0.05178624391555786,0.694316565990448,0.6166569590568542,-0.07765960693359375,0.7714578807353973,0.7067349553108215,-0.0647229254245758,0.9999884172760243,0.21107677688572574
139,400_700,400,700,-0.07919677953494968,0.8869441747665405,0.8835108280181885,-0.0034333467483520508,0.83481764793396,0.831028938293457,-0.0037887096405029297,0.8608809113502502,0.8572698831558228,-0.0036110281944274902,0.8123067021369934,0.7642245888710022,-0.04808211326599121,0.6224826574325562,0.5614798069000244,-0.06100285053253174,0.7173946797847748,0.6628521978855133,-0.054542481899261475,0.9999874678946449,0.20434646969139994
149,400_700,400,700,-0.08635705921019166,0.893528163433075,0.8958073854446411,0.002279222011566162,0.8523300290107727,0.8534749150276184,0.0011448860168457031,0.8729290962219238,0.8746411502361298,0.0017120540142059326,0.8356031775474548,0.8041166663169861,-0.03148651123046875,0.6892059445381165,0.6470006108283997,-0.0422053337097168,0.7624045610427856,0.7255586385726929,-0.03684592247009277,0.9999867167858252,0.20777500695001602
151,400_700,400,700,-0.09339910904785505,0.8483890295028687,0.8718651533126831,0.023476123809814453,0.7886266112327576,0.8183708786964417,0.029744267463684082,0.8185078203678131,0.8451180160045624,0.026610195636749268,0.7456796765327454,0.7689542770385742,0.023274600505828857,0.6043837070465088,0.5816217064857483,-0.022762000560760498,0.6750316917896271,0.6752879917621613,0.0002562999725341797,0.9999884247517471,0.20084420124779942
157,400_700,400,700,-0.07830296162040876,0.8958843350410461,0.8938808441162109,-0.002003490924835205,0.8488764762878418,0.8511651754379272,0.0022886991500854492,0.872380405664444,0.8725230097770691,0.00014260411262512207,0.8211212158203125,0.7849190831184387,-0.03620213270187378,0.6910218596458435,0.6310127973556519,-0.06000906229019165,0.756071537733078,0.7079659402370453,-0.048105597496032715,0.9999904058175547,0.20566075222691327
163,400_700,400,700,-0.07880405799581126,0.8780511021614075,0.8885392546653748,0.010488152503967285,0.8342087268829346,0.8425846695899963,0.008375942707061768,0.856129914522171,0.8655619621276855,0.009432047605514526,0.7791410088539124,0.7881043553352356,0.008963346481323242,0.6516430974006653,0.6252358555793762,-0.026407241821289062,0.7153920531272888,0.7066701054573059,-0.00872194766998291,0.9999806034158517,0.21047659914010305
167,400_700,400,700,-0.07734307811466745,0.8993147015571594,0.9017534255981445,0.0024387240409851074,0.8414899706840515,0.8570965528488159,0.015606582164764404,0.8704023361206055,0.8794249892234802,0.009022653102874756,0.7870655655860901,0.7851139307022095,-0.0019516348838806152,0.5848730206489563,0.6152961254119873,0.030423104763031006,0.6859692931175232,0.7002050280570984,0.014235734939575195,0.999988615421536,0.20926511579761556
173,400_700,400,700,-0.08710754274025886,0.8602326512336731,0.8723668456077576,0.012134194374084473,0.7870640158653259,0.8113294839859009,0.02426546812057495,0.8236483335494995,0.8418481647968292,0.018199831247329712,0.6867715716362,0.7086272239685059,0.021855652332305908,0.4428388178348541,0.48547184467315674,0.04263302683830261,0.564805194735527,0.5970495343208313,0.03224433958530426,0.9999884509881926,0.20623393204056584
179,400_700,400,700,-0.07061178098523146,0.886391282081604,0.8855622410774231,-0.0008290410041809082,0.8122346997261047,0.8188303709030151,0.0065956711769104,0.8493129909038544,0.8521963059902191,0.002883315086364746,0.7671458125114441,0.7447595000267029,-0.02238631248474121,0.5043562054634094,0.49249812960624695,-0.011858075857162476,0.6357510089874268,0.6186288148164749,-0.017122194170951843,0.9999880009583629,0.20995246425462497
181,400_700,400,700,-0.07747944953862272,0.8945618271827698,0.9022150635719299,0.007653236389160156,0.8507544994354248,0.8586103320121765,0.007855832576751709,0.8726581633090973,0.8804126977920532,0.007754534482955933,0.8217743039131165,0.7892425060272217,-0.032531797885894775,0.6923854947090149,0.6169731616973877,-0.0754123330116272,0.7570798993110657,0.7031078338623047,-0.053972065448760986,0.9999872482518822,0.20700934977273996
191,400_700,400,700,-0.07456426465567406,0.8802237510681152,0.8734956979751587,-0.006728053092956543,0.8263380527496338,0.8263521194458008,1.4066696166992188e-05,0.8532809019088745,0.8499239087104797,-0.0033569931983947754,0.8047386407852173,0.7397317886352539,-0.06500685214996338,0.6302472352981567,0.5538548231124878,-0.07639241218566895,0.717492938041687,0.6467933058738708,-0.07069963216781616,0.9999880784519382,0.201082107801197
193,400_700,400,700,-0.0863693523276839,0.8942574262619019,0.8970309495925903,0.0027735233306884766,0.8334439992904663,0.8474535346031189,0.014009535312652588,0.8638507127761841,0.8722422420978546,0.008391529321670532,0.7997680902481079,0.7813013195991516,-0.0184667706489563,0.5950962901115417,0.597479522228241,0.0023832321166992188,0.6974321901798248,0.6893904209136963,-0.00804176926612854,0.9999888399394311,0.21114853189049507
197,400_700,400,700,-0.10311082181277428,0.9059913158416748,0.8991042375564575,-0.006887078285217285,0.8567788600921631,0.8561245799064636,-0.0006542801856994629,0.881385087966919,0.8776144087314606,-0.003770679235458374,0.8432496786117554,0.7966173887252808,-0.04663228988647461,0.6825881600379944,0.6271525025367737,-0.0554356575012207,0.7629189193248749,0.7118849456310272,-0.051033973693847656,0.9999891906416601,0.2083494896269009
199,400_700,400,700,-0.07253650144177082,0.8818987607955933,0.8841365575790405,0.0022377967834472656,0.8238661289215088,0.8310527801513672,0.0071866512298583984,0.852882444858551,0.8575946688652039,0.004712224006652832,0.7881369590759277,0.7536391019821167,-0.034497857093811035,0.6091073751449585,0.5689650774002075,-0.04014229774475098,0.6986221671104431,0.6613020896911621,-0.037320077419281006,0.9999876217650827,0.20845815121681316
211,400_700,400,700,-0.07655311226550165,0.8757097721099854,0.8945382237434387,0.01882845163345337,0.822752058506012,0.8492336273193359,0.026481568813323975,0.8492309153079987,0.8718859255313873,0.022655010223388672,0.7530678510665894,0.7968924641609192,0.043824613094329834,0.621870756149292,0.6384910345077515,0.016620278358459473,0.6874693036079407,0.7176917493343353,0.030222445726394653,0.9999875111561219,0.20261697772724652
223,400_700,400,700,-0.054808798029998315,0.8795328140258789,0.884140133857727,0.0046073198318481445,0.81239253282547,0.830834150314331,0.018441617488861084,0.8459626734256744,0.857487142086029,0.011524468660354614,0.7685014009475708,0.7501497864723206,-0.018351614475250244,0.5349219441413879,0.5535271763801575,0.01860523223876953,0.6517116725444794,0.651838481426239,0.00012680888175964355,0.9999893825332876,0.20806734459025006
61,700_1000,700,1000,-0.04643197113758334,0.9104537963867188,0.8989794850349426,-0.011474311351776123,0.8643530011177063,0.8547242283821106,-0.009628772735595703,0.8874033987522125,0.8768518567085266,-0.010551542043685913,0.8192715644836426,0.7818529009819031,-0.0374186635017395,0.6449514031410217,0.6082861423492432,-0.036665260791778564,0.7321114838123322,0.6950695216655731,-0.03704196214675903,0.9999866125481895,0.2056320787734661
67,700_1000,700,1000,-0.03658145192209938,0.8926389813423157,0.8823439478874207,-0.01029503345489502,0.846197247505188,0.8343527317047119,-0.011844515800476074,0.8694181144237518,0.8583483397960663,-0.011069774627685547,0.7485129237174988,0.7175399661064148,-0.030972957611083984,0.5836922526359558,0.5358856916427612,-0.04780656099319458,0.6661025881767273,0.626712828874588,-0.03938975930213928,0.999988766023891,0.20539219248096774
71,700_1000,700,1000,-0.04507748853303178,0.9031617641448975,0.8932031393051147,-0.009958624839782715,0.8533625602722168,0.8446134328842163,-0.008749127388000488,0.8782621622085571,0.8689082860946655,-0.009353876113891602,0.7837866544723511,0.7583346962928772,-0.025451958179473877,0.5876546502113342,0.5561663508415222,-0.03148829936981201,0.6857206523418427,0.6572505235671997,-0.028470128774642944,0.9999851923184662,0.20412702825407
79,700_1000,700,1000,-0.04547256559831756,0.888128399848938,0.8901921510696411,0.002063751220703125,0.8377845883369446,0.8379103541374207,0.00012576580047607422,0.8629564940929413,0.8640512526035309,0.0010947585105895996,0.766567587852478,0.7624885439872742,-0.004079043865203857,0.5645171999931335,0.5524324774742126,-0.012084722518920898,0.6655423939228058,0.6574605107307434,-0.008081883192062378,0.9999891083179664,0.2032301682426357
83,700_1000,700,1000,-0.051311387340862845,0.9011839628219604,0.8822866678237915,-0.018897294998168945,0.8556302785873413,0.8365870714187622,-0.0190432071685791,0.8784071207046509,0.8594368696212769,-0.018970251083374023,0.7972807288169861,0.7435916662216187,-0.05368906259536743,0.6233593821525574,0.5656341314315796,-0.05772525072097778,0.7103200554847717,0.6546128988265991,-0.05570715665817261,0.9999873204292451,0.20744076850895588
89,700_1000,700,1000,-0.03355128803324306,0.8794885873794556,0.8758125901222229,-0.003675997257232666,0.8226636648178101,0.8301006555557251,0.007436990737915039,0.8510761260986328,0.852956622838974,0.0018804967403411865,0.7440050840377808,0.7339465618133545,-0.01005852222442627,0.566036581993103,0.5543220043182373,-0.011714577674865723,0.6550208330154419,0.6441342830657959,-0.010886549949645996,0.9999879838598741,0.20133608883814033
97,700_1000,700,1000,-0.023189147989691787,0.8758578300476074,0.862162709236145,-0.013695120811462402,0.8259721398353577,0.8146954774856567,-0.011276662349700928,0.8509149849414825,0.8384290933609009,-0.012485891580581665,0.7601722478866577,0.7058819532394409,-0.0542902946472168,0.5902413725852966,0.5384706258773804,-0.05177074670791626,0.6752068102359772,0.6221762895584106,-0.05303052067756653,0.9999874549536736,0.20584032261558627
101,700_1000,700,1000,-0.044400659320336176,0.8985012173652649,0.8875422477722168,-0.010958969593048096,0.8532681465148926,0.8416489362716675,-0.011619210243225098,0.8758846819400787,0.8645955920219421,-0.011289089918136597,0.8018033504486084,0.7620428800582886,-0.039760470390319824,0.6399028301239014,0.5804551839828491,-0.059447646141052246,0.7208530902862549,0.6712490320205688,-0.049604058265686035,0.9999867526540763,0.20517253064159974
103,700_1000,700,1000,-0.042591062497784424,0.8977369666099548,0.889697790145874,-0.00803917646408081,0.8527426719665527,0.8445183038711548,-0.00822436809539795,0.8752398192882538,0.8671080470085144,-0.00813177227973938,0.8156453967094421,0.7751482725143433,-0.04049712419509888,0.6457437872886658,0.5977972745895386,-0.0479465126991272,0.730694591999054,0.6864727735519409,-0.04422181844711304,0.9999859638147055,0.20392535944729634
107,700_1000,700,1000,-0.03747023867428357,0.9006452560424805,0.9019415378570557,0.0012962818145751953,0.8511065244674683,0.8552159070968628,0.004109382629394531,0.8758758902549744,0.8785787224769592,0.0027028322219848633,0.8183922171592712,0.7887083292007446,-0.02968388795852661,0.6491392254829407,0.6069077253341675,-0.04223150014877319,0.733765721321106,0.697808027267456,-0.0359576940536499,0.9999851065709411,0.20176373590988803
109,700_1000,700,1000,-0.015599768838440596,0.8731117248535156,0.8575597405433655,-0.015551984310150146,0.8093653321266174,0.8050193190574646,-0.004346013069152832,0.8412385284900665,0.831289529800415,-0.00994899868965149,0.743151068687439,0.7260851263999939,-0.01706594228744507,0.5376279950141907,0.5166146755218506,-0.021013319492340088,0.6403895318508148,0.6213499009609222,-0.019039630889892578,0.9999886396743378,0.20458161462023378
113,700_1000,700,1000,-0.040283222723262985,0.8855592012405396,0.8782238960266113,-0.007335305213928223,0.8353997468948364,0.8251067399978638,-0.010293006896972656,0.860479474067688,0.8516653180122375,-0.00881415605545044,0.7314881682395935,0.697846531867981,-0.03364163637161255,0.5308790802955627,0.48835596442222595,-0.04252311587333679,0.6311836242675781,0.5931012481451035,-0.03808237612247467,0.9999883056036343,0.19859336155092988
127,700_1000,700,1000,-0.05523093935547944,0.8916956186294556,0.8819364309310913,-0.009759187698364258,0.8444900512695312,0.8336816430091858,-0.010808408260345459,0.8680928349494934,0.8578090369701385,-0.010283797979354858,0.7856648564338684,0.7436214685440063,-0.04204338788986206,0.6076361536979675,0.5528437495231628,-0.05479240417480469,0.696650505065918,0.6482326090335846,-0.048417896032333374,0.999985553058497,0.21116418289643624
131,700_1000,700,1000,-0.017017106874926823,0.8823546171188354,0.878150463104248,-0.004204154014587402,0.8304245471954346,0.8316843509674072,0.0012598037719726562,0.856389582157135,0.8549174070358276,-0.001472175121307373,0.7243121862411499,0.7357857823371887,0.011473596096038818,0.5285000801086426,0.5467233061790466,0.018223226070404053,0.6264061331748962,0.6412545442581177,0.014848411083221436,0.9999852722842817,0.20207950007771877
137,700_1000,700,1000,-0.0512579848627527,0.903244137763977,0.8891497850418091,-0.014094352722167969,0.8574950098991394,0.8429664373397827,-0.01452857255935669,0.8803695738315582,0.8660581111907959,-0.014311462640762329,0.7968129515647888,0.7756329774856567,-0.02117997407913208,0.6166569590568542,0.5809503793716431,-0.03570657968521118,0.7067349553108215,0.6782916784286499,-0.02844327688217163,0.9999860167969152,0.20040961261816082
139,700_1000,700,1000,-0.05077046438310507,0.8835108280181885,0.8640544414520264,-0.01945638656616211,0.831028938293457,0.8126087784767151,-0.018420159816741943,0.8572698831558228,0.8383316099643707,-0.018938273191452026,0.7642245888710022,0.6942654252052307,-0.06995916366577148,0.5614798069000244,0.4970625340938568,-0.0644172728061676,0.6628521978855133,0.5956639796495438,-0.06718821823596954,0.999984933746031,0.20858994440325293
149,700_1000,700,1000,-0.03213368631610852,0.8958073854446411,0.8849615454673767,-0.010845839977264404,0.8534749150276184,0.8402441143989563,-0.01323080062866211,0.8746411502361298,0.8626028299331665,-0.012038320302963257,0.8041166663169861,0.7718934416770935,-0.03222322463989258,0.6470006108283997,0.5989605784416199,-0.048040032386779785,0.7255586385726929,0.6854270100593567,-0.04013162851333618,0.9999901078682568,0.20480962522687646
151,700_1000,700,1000,-0.020031941577991198,0.8718651533126831,0.8585941791534424,-0.013270974159240723,0.8183708786964417,0.8068945407867432,-0.011476337909698486,0.8451180160045624,0.8327443599700928,-0.012373656034469604,0.7689542770385742,0.7192271947860718,-0.04972708225250244,0.5816217064857483,0.5250265002250671,-0.05659520626068115,0.6752879917621613,0.6221268475055695,-0.0531611442565918,0.9999870240736334,0.203088035902366
157,700_1000,700,1000,-0.04881875920416816,0.8938808441162109,0.8843360543251038,-0.009544789791107178,0.8511651754379272,0.8330965638160706,-0.01806861162185669,0.8725230097770691,0.8587163090705872,-0.013806700706481934,0.7849190831184387,0.7534921169281006,-0.031426966190338135,0.6310127973556519,0.5721402168273926,-0.05887258052825928,0.7079659402370453,0.6628161668777466,-0.045149773359298706,0.9999885547819339,0.20536260539031273
163,700_1000,700,1000,-0.044104241555657696,0.8885392546653748,0.8869723081588745,-0.0015669465065002441,0.8425846695899963,0.840663492679596,-0.0019211769104003906,0.8655619621276855,0.8638179004192352,-0.0017440617084503174,0.7881043553352356,0.7782584428787231,-0.009845912456512451,0.6252358555793762,0.5994014739990234,-0.025834381580352783,0.7066701054573059,0.6888299584388733,-0.017840147018432617,0.9999876333981242,0.20813855168602555
167,700_1000,700,1000,-0.037357935756387496,0.9017534255981445,0.8853043913841248,-0.016449034214019775,0.8570965528488159,0.842872679233551,-0.014223873615264893,0.8794249892234802,0.8640885353088379,-0.015336453914642334,0.7851139307022095,0.7520108819007874,-0.03310304880142212,0.6152961254119873,0.5833941102027893,-0.031902015209198,0.7002050280570984,0.6677024960517883,-0.03250253200531006,0.9999906324887368,0.2058918223473066
173,700_1000,700,1000,-0.04172607441687968,0.8723668456077576,0.8706607818603516,-0.0017060637474060059,0.8113294839859009,0.8178786635398865,0.006549179553985596,0.8418481647968292,0.844269722700119,0.002421557903289795,0.7086272239685059,0.6992183923721313,-0.009408831596374512,0.48547184467315674,0.511024534702301,0.025552690029144287,0.5970495343208313,0.6051214635372162,0.008071929216384888,0.9999898206012705,0.2043503682749539
179,700_1000,700,1000,-0.05054436076232745,0.8855622410774231,0.8837456703186035,-0.00181657075881958,0.8188303709030151,0.8207554817199707,0.0019251108169555664,0.8521963059902191,0.8522505760192871,5.4270029067993164e-05,0.7447595000267029,0.7387037873268127,-0.006055712699890137,0.49249812960624695,0.49882426857948303,0.006326138973236084,0.6186288148164749,0.6187640279531479,0.00013521313667297363,0.9999839968024743,0.20360102228017132
181,700_1000,700,1000,-0.05191856196404402,0.9022150635719299,0.8936262130737305,-0.008588850498199463,0.8586103320121765,0.8472979664802551,-0.011312365531921387,0.8804126977920532,0.8704620897769928,-0.009950608015060425,0.7892425060272217,0.7617548704147339,-0.027487635612487793,0.6169731616973877,0.5765776038169861,-0.04039555788040161,0.7031078338623047,0.66916623711586,-0.0339415967464447,0.9999878233526232,0.20930967922704696
191,700_1000,700,1000,-0.03637844187888169,0.8734956979751587,0.869604229927063,-0.003891468048095703,0.8263521194458008,0.8259053230285645,-0.0004467964172363281,0.8499239087104797,0.8477547764778137,-0.0021691322326660156,0.7397317886352539,0.7274199724197388,-0.012311816215515137,0.5538548231124878,0.5414081811904907,-0.01244664192199707,0.6467933058738708,0.6344140768051147,-0.012379229068756104,0.9999847734527729,0.20561017600357134
193,700_1000,700,1000,-0.0512104655202355,0.8970309495925903,0.8853510618209839,-0.011679887771606445,0.8474535346031189,0.8394268751144409,-0.008026659488677979,0.8722422420978546,0.8623889684677124,-0.009853273630142212,0.7813013195991516,0.7523272037506104,-0.02897411584854126,0.597479522228241,0.5600084066390991,-0.037471115589141846,0.6893904209136963,0.6561678051948547,-0.03322261571884155,0.9999878074836932,0.20689180584398048
197,700_1000,700,1000,-0.03692290867425851,0.8991042375564575,0.887968122959137,-0.011136114597320557,0.8561245799064636,0.8455057144165039,-0.010618865489959717,0.8776144087314606,0.8667369186878204,-0.010877490043640137,0.7966173887252808,0.7589038014411926,-0.037713587284088135,0.6271525025367737,0.5746448040008545,-0.05250769853591919,0.7118849456310272,0.6667743027210236,-0.04511064291000366,0.9999896048300195,0.20881798685456965
199,700_1000,700,1000,-0.04570903293918915,0.8841365575790405,0.883500337600708,-0.0006362199783325195,0.8310527801513672,0.8336694836616516,0.002616703510284424,0.8575946688652039,0.8585849106311798,0.0009902417659759521,0.7536391019821167,0.7483488917350769,-0.005290210247039795,0.5689650774002075,0.5474318861961365,-0.021533191204071045,0.6613020896911621,0.6478903889656067,-0.01341170072555542,0.9999868497664907,0.20472585073843816
211,700_1000,700,1000,-0.04859583973234844,0.8945382237434387,0.878244161605835,-0.01629406213760376,0.8492336273193359,0.8376261591911316,-0.011607468128204346,0.8718859255313873,0.8579351603984833,-0.013950765132904053,0.7968924641609192,0.7329174280166626,-0.06397503614425659,0.6384910345077515,0.564441442489624,-0.07404959201812744,0.7176917493343353,0.6486794352531433,-0.06901231408119202,0.9999859013896185,0.19946142231780004
223,700_1000,700,1000,-0.031723177480909914,0.884140133857727,0.8734147548675537,-0.01072537899017334,0.830834150314331,0.8237791061401367,-0.007055044174194336,0.857487142086029,0.8485969305038452,-0.008890211582183838,0.7501497864723206,0.7377210855484009,-0.012428700923919678,0.5535271763801575,0.5553353428840637,0.00180816650390625,0.651838481426239,0.6465282142162323,-0.005310267210006714,0.9999875974989416,0.2095820355967231
61,1000_1200,1000,1200,-0.017742664032961354,0.8989794850349426,0.8891505599021912,-0.009828925132751465,0.8547242283821106,0.8405455946922302,-0.014178633689880371,0.8768518567085266,0.8648480772972107,-0.012003779411315918,0.7818529009819031,0.7651841640472412,-0.016668736934661865,0.6082861423492432,0.5733433365821838,-0.034942805767059326,0.6950695216655731,0.6692637503147125,-0.025805771350860596,0.9999837104632319,0.20395519165397835
67,1000_1200,1000,1200,-0.011238893109241895,0.8823439478874207,0.8715378046035767,-0.010806143283843994,0.8343527317047119,0.8272019028663635,-0.007150828838348389,0.8583483397960663,0.8493698537349701,-0.008978486061096191,0.7175399661064148,0.691409707069397,-0.026130259037017822,0.5358856916427612,0.5174196362495422,-0.018466055393218994,0.626712828874588,0.6044146716594696,-0.022298157215118408,0.9999849930489055,0.2043824669459148
71,1000_1200,1000,1200,-0.01291805342832911,0.8932031393051147,0.8821834325790405,-0.011019706726074219,0.8446134328842163,0.8375946283340454,-0.0070188045501708984,0.8689082860946655,0.859889030456543,-0.009019255638122559,0.7583346962928772,0.7440205216407776,-0.01431417465209961,0.5561663508415222,0.553117036819458,-0.003049314022064209,0.6572505235671997,0.6485687792301178,-0.00868174433708191,0.9999900393516274,0.2054197143758363
79,1000_1200,1000,1200,-0.017990984687015266,0.8901921510696411,0.8841245174407959,-0.006067633628845215,0.8379103541374207,0.8339309692382812,-0.003979384899139404,0.8640512526035309,0.8590277433395386,-0.00502350926399231,0.7624885439872742,0.741289496421814,-0.021199047565460205,0.5524324774742126,0.5423082113265991,-0.010124266147613525,0.6574605107307434,0.6417988538742065,-0.015661656856536865,0.9999856024427836,0.20249520748136982
83,1000_1200,1000,1200,-0.01010116304499305,0.8822866678237915,0.8732335567474365,-0.00905311107635498,0.8365870714187622,0.8291136026382446,-0.007473468780517578,0.8594368696212769,0.8511735796928406,-0.00826328992843628,0.7435916662216187,0.7177919149398804,-0.02579975128173828,0.5656341314315796,0.542284369468689,-0.023349761962890625,0.6546128988265991,0.6300381422042847,-0.024574756622314453,0.9999877329417809,0.20496230217535044
89,1000_1200,1000,1200,-0.012087535471926456,0.8758125901222229,0.8689103126525879,-0.00690227746963501,0.8301006555557251,0.8209121227264404,-0.009188532829284668,0.852956622838974,0.8449112176895142,-0.008045405149459839,0.7339465618133545,0.7223395705223083,-0.011606991291046143,0.5543220043182373,0.5399956703186035,-0.014326333999633789,0.6441342830657959,0.6311676204204559,-0.012966662645339966,0.999990402186094,0.2045921053563246
97,1000_1200,1000,1200,-0.024701378328400334,0.862162709236145,0.8563013076782227,-0.005861401557922363,0.8146954774856567,0.8179078698158264,0.0032123923301696777,0.8384290933609009,0.8371045887470245,-0.0013245046138763428,0.7058819532394409,0.7120414972305298,0.006159543991088867,0.5384706258773804,0.5555400252342224,0.01706939935684204,0.6221762895584106,0.6337907612323761,0.011614471673965454,0.9999827598416678,0.20024774763004033
101,1000_1200,1000,1200,-0.028773353664933478,0.8875422477722168,0.8741652965545654,-0.013376951217651367,0.8416489362716675,0.8267137408256531,-0.014935195446014404,0.8645955920219421,0.8504395186901093,-0.014156073331832886,0.7620428800582886,0.7367619276046753,-0.02528095245361328,0.5804551839828491,0.5486947894096375,-0.03176039457321167,0.6712490320205688,0.6427283585071564,-0.028520673513412476,0.9999882184932884,0.20553448775229524
103,1000_1200,1000,1200,-0.016316624403610185,0.889697790145874,0.8828182220458984,-0.006879568099975586,0.8445183038711548,0.8366272449493408,-0.007891058921813965,0.8671080470085144,0.8597227334976196,-0.007385313510894775,0.7751482725143433,0.741273045539856,-0.033875226974487305,0.5977972745895386,0.5523646473884583,-0.04543262720108032,0.6864727735519409,0.6468188464641571,-0.039653927087783813,0.9999834276023507,0.20505403478497186
107,1000_1200,1000,1200,-0.02284583373640966,0.9019415378570557,0.8963915705680847,-0.005549967288970947,0.8552159070968628,0.8469200730323792,-0.008295834064483643,0.8785787224769592,0.8716558218002319,-0.006922900676727295,0.7887083292007446,0.7858604788780212,-0.0028478503227233887,0.6069077253341675,0.5973277688026428,-0.009579956531524658,0.697808027267456,0.691594123840332,-0.0062139034271240234,0.9999883313654752,0.20269324244450357
109,1000_1200,1000,1200,-0.025753473911501897,0.8575597405433655,0.8580501079559326,0.0004903674125671387,0.8050193190574646,0.8025606870651245,-0.002458631992340088,0.831289529800415,0.8303053975105286,-0.0009841322898864746,0.7260851263999939,0.7178666591644287,-0.008218467235565186,0.5166146755218506,0.5110499262809753,-0.005564749240875244,0.6213499009609222,0.614458292722702,-0.006891608238220215,0.9999890089153843,0.20165461365121273
113,1000_1200,1000,1200,-0.027988402084146623,0.8782238960266113,0.8647778630256653,-0.013446033000946045,0.8251067399978638,0.8167327046394348,-0.008374035358428955,0.8516653180122375,0.84075528383255,-0.0109100341796875,0.697846531867981,0.6662216782569885,-0.03162485361099243,0.48835596442222595,0.47358378767967224,-0.014772176742553711,0.5931012481451035,0.5699027329683304,-0.02319851517677307,0.9999876822716512,0.20082582107955943
127,1000_1200,1000,1200,-0.024925077278977095,0.8819364309310913,0.8771430850028992,-0.004793345928192139,0.8336816430091858,0.8320277333259583,-0.001653909683227539,0.8578090369701385,0.8545854091644287,-0.003223627805709839,0.7436214685440063,0.7177990078926086,-0.025822460651397705,0.5528437495231628,0.5383684635162354,-0.01447528600692749,0.6482326090335846,0.628083735704422,-0.020148873329162598,0.9999878238216715,0.209592087620265
131,1000_1200,1000,1200,-0.0193531359655909,0.878150463104248,0.8772081732749939,-0.0009422898292541504,0.8316843509674072,0.8290826678276062,-0.0026016831398010254,0.8549174070358276,0.8531454205513,-0.0017719864845275879,0.7357857823371887,0.7503072619438171,0.014521479606628418,0.5467233061790466,0.5624211430549622,0.015697836875915527,0.6412545442581177,0.6563642024993896,0.015109658241271973,0.9999872979583031,0.20326748533837433
137,1000_1200,1000,1200,-0.01049524498359607,0.8891497850418091,0.8796298503875732,-0.00951993465423584,0.8429664373397827,0.830818235874176,-0.01214820146560669,0.8660581111907959,0.8552240431308746,-0.010834068059921265,0.7756329774856567,0.7487135529518127,-0.026919424533843994,0.5809503793716431,0.5482584834098816,-0.032691895961761475,0.6782916784286499,0.6484860181808472,-0.029805660247802734,0.99999034857236,0.20626372617628072
139,1000_1200,1000,1200,-0.022740558195172626,0.8640544414520264,0.8478703498840332,-0.016184091567993164,0.8126087784767151,0.7962741851806641,-0.016334593296051025,0.8383316099643707,0.8220722675323486,-0.016259342432022095,0.6942654252052307,0.6652618646621704,-0.029003560543060303,0.4970625340938568,0.47065356373786926,-0.02640897035598755,0.5956639796495438,0.5679577142000198,-0.027706265449523926,0.9999893730145267,0.20953318739846297
149,1000_1200,1000,1200,-0.025327189101433695,0.8849615454673767,0.8703244924545288,-0.0146370530128479,0.8402441143989563,0.8247313499450684,-0.01551276445388794,0.8626028299331665,0.8475279211997986,-0.01507490873336792,0.7718934416770935,0.745582103729248,-0.02631133794784546,0.5989605784416199,0.5660775899887085,-0.03288298845291138,0.6854270100593567,0.6558298468589783,-0.029597163200378418,0.9999864822991835,0.203551752617572
151,1000_1200,1000,1200,-0.028357818609947853,0.8585941791534424,0.8525479435920715,-0.00604623556137085,0.8068945407867432,0.8019488453865051,-0.004945695400238037,0.8327443599700928,0.8272483944892883,-0.005495965480804443,0.7192271947860718,0.7102682590484619,-0.008958935737609863,0.5250265002250671,0.5090212821960449,-0.016005218029022217,0.6221268475055695,0.6096447706222534,-0.01248207688331604,0.9999878934861806,0.2034594338751872
157,1000_1200,1000,1200,-0.02101472184416145,0.8843360543251038,0.8776919841766357,-0.006644070148468018,0.8330965638160706,0.8262757658958435,-0.006820797920227051,0.8587163090705872,0.8519838750362396,-0.006732434034347534,0.7534921169281006,0.7333880066871643,-0.02010411024093628,0.5721402168273926,0.5432936549186707,-0.028846561908721924,0.6628161668777466,0.6383408308029175,-0.0244753360748291,0.9999880748033164,0.20205922744494695
163,1000_1200,1000,1200,-0.010969686255233724,0.8869723081588745,0.8799458742141724,-0.0070264339447021484,0.840663492679596,0.8345170617103577,-0.006146430969238281,0.8638179004192352,0.857231467962265,-0.006586432456970215,0.7782584428787231,0.7716714143753052,-0.006587028503417969,0.5994014739990234,0.5834501385688782,-0.015951335430145264,0.6888299584388733,0.6775607764720917,-0.011269181966781616,0.9999849806492352,0.20271056479807784
167,1000_1200,1000,1200,-0.021305962721819283,0.8853043913841248,0.8791176080703735,-0.006186783313751221,0.842872679233551,0.8323794007301331,-0.010493278503417969,0.8640885353088379,0.8557485044002533,-0.008340030908584595,0.7520108819007874,0.7292945981025696,-0.022716283798217773,0.5833941102027893,0.5583110451698303,-0.025083065032958984,0.6677024960517883,0.6438028216362,-0.02389967441558838,0.9999888346327991,0.20725962136622542
173,1000_1200,1000,1200,-0.01631812619432686,0.8706607818603516,0.8691675662994385,-0.001493215560913086,0.8178786635398865,0.8175734281539917,-0.0003052353858947754,0.844269722700119,0.8433704972267151,-0.0008992254734039307,0.6992183923721313,0.6985194087028503,-0.0006989836692810059,0.511024534702301,0.5083993673324585,-0.0026251673698425293,0.6051214635372162,0.6034593880176544,-0.0016620755195617676,0.9999818044904794,0.20064818487834984
179,1000_1200,1000,1200,-0.019861876023584104,0.8837456703186035,0.8786252737045288,-0.005120396614074707,0.8207554817199707,0.8298622369766235,0.009106755256652832,0.8522505760192871,0.8542437553405762,0.0019931793212890625,0.7387037873268127,0.7376663088798523,-0.0010374784469604492,0.49882426857948303,0.5277908444404602,0.028966575860977173,0.6187640279531479,0.6327285766601562,0.013964548707008362,0.9999866716199757,0.21020539085130222
181,1000_1200,1000,1200,-0.013560332657414428,0.8936262130737305,0.8852699398994446,-0.008356273174285889,0.8472979664802551,0.8386186361312866,-0.008679330348968506,0.8704620897769928,0.8619442880153656,-0.008517801761627197,0.7617548704147339,0.7384750843048096,-0.023279786109924316,0.5765776038169861,0.5542870759963989,-0.022290527820587158,0.66916623711586,0.6463810801506042,-0.022785156965255737,0.9999881485799309,0.20367064886923386
191,1000_1200,1000,1200,-0.022590611975193298,0.869604229927063,0.8581007122993469,-0.011503517627716064,0.8259053230285645,0.8132578730583191,-0.012647449970245361,0.8477547764778137,0.835679292678833,-0.012075483798980713,0.7274199724197388,0.7215128540992737,-0.005907118320465088,0.5414081811904907,0.5297598242759705,-0.011648356914520264,0.6344140768051147,0.6256363391876221,-0.008777737617492676,0.9999868082315969,0.20737305960137176
193,1000_1200,1000,1200,-0.008278324660711458,0.8853510618209839,0.8762305378913879,-0.009120523929595947,0.8394268751144409,0.8322508335113525,-0.007176041603088379,0.8623889684677124,0.8542406857013702,-0.008148282766342163,0.7523272037506104,0.7224380373954773,-0.029889166355133057,0.5600084066390991,0.5393643975257874,-0.020644009113311768,0.6561678051948547,0.6309012174606323,-0.025266587734222412,0.9999819910234051,0.21379901752322691
197,1000_1200,1000,1200,-0.007518459680001819,0.887968122959137,0.8712738752365112,-0.016694247722625732,0.8455057144165039,0.8272643685340881,-0.01824134588241577,0.8667369186878204,0.8492691218852997,-0.017467796802520752,0.7589038014411926,0.7350813150405884,-0.023822486400604248,0.5746448040008545,0.5510370135307312,-0.02360779047012329,0.6667743027210236,0.6430591642856598,-0.02371513843536377,0.9999872510300407,0.21028121302667963
199,1000_1200,1000,1200,-0.03249525708329602,0.883500337600708,0.8729001879692078,-0.010600149631500244,0.8336694836616516,0.8252857327461243,-0.008383750915527344,0.8585849106311798,0.849092960357666,-0.009491950273513794,0.7483488917350769,0.7263322472572327,-0.02201664447784424,0.5474318861961365,0.5306219458580017,-0.016809940338134766,0.6478903889656067,0.6284770965576172,-0.019413292407989502,0.9999869464939275,0.20716162995002058
211,1000_1200,1000,1200,-0.011636303617417267,0.878244161605835,0.8751072287559509,-0.003136932849884033,0.8376261591911316,0.8292875289916992,-0.008338630199432373,0.8579351603984833,0.8521973788738251,-0.005737781524658203,0.7329174280166626,0.7117288112640381,-0.02118861675262451,0.564441442489624,0.5240154266357422,-0.040426015853881836,0.6486794352531433,0.6178721189498901,-0.030807316303253174,0.9999891800819445,0.20147732292991746
223,1000_1200,1000,1200,-0.020590963616878722,0.8734147548675537,0.8638408184051514,-0.009573936462402344,0.8237791061401367,0.8158795833587646,-0.00789952278137207,0.8485969305038452,0.839860200881958,-0.008736729621887207,0.7377210855484009,0.7450990080833435,0.007377922534942627,0.5553353428840637,0.5599595308303833,0.00462418794631958,0.6465282142162323,0.6525292694568634,0.0060010552406311035,0.999988456355742,0.20961954969635727
61,1200_1490,1200,1490,-0.008617072134459261,0.8891505599021912,0.8681925535202026,-0.020958006381988525,0.8405455946922302,0.8205836415290833,-0.019961953163146973,0.8648480772972107,0.8443880975246429,-0.02045997977256775,0.7651841640472412,0.7316223382949829,-0.0335618257522583,0.5733433365821838,0.536456286907196,-0.03688704967498779,0.6692637503147125,0.6340393126010895,-0.03522443771362305,0.9999867504084425,0.2052749610099465
67,1200_1490,1200,1490,-0.016731742464483917,0.8715378046035767,0.8563613295555115,-0.015176475048065186,0.8272019028663635,0.8080484867095947,-0.0191534161567688,0.8493698537349701,0.8322049081325531,-0.017164945602416992,0.691409707069397,0.6686370372772217,-0.022772669792175293,0.5174196362495422,0.48890602588653564,-0.028513610363006592,0.6044146716594696,0.5787715315818787,-0.025643140077590942,0.9999865419259351,0.20083190300963932
71,1200_1490,1200,1490,-0.01818088929710466,0.8821834325790405,0.8790249824523926,-0.0031584501266479492,0.8375946283340454,0.8288103342056274,-0.008784294128417969,0.859889030456543,0.85391765832901,-0.005971372127532959,0.7440205216407776,0.744038999080658,1.8477439880371094e-05,0.553117036819458,0.548957884311676,-0.004159152507781982,0.6485687792301178,0.646498441696167,-0.0020703375339508057,0.9999830222269281,0.2033525034046222
79,1200_1490,1200,1490,-0.006613135301862783,0.8841245174407959,0.8618818521499634,-0.02224266529083252,0.8339309692382812,0.813829779624939,-0.020101189613342285,0.8590277433395386,0.8378558158874512,-0.021171927452087402,0.741289496421814,0.7021699547767639,-0.03911954164505005,0.5423082113265991,0.5094137191772461,-0.03289449214935303,0.6417988538742065,0.605791836977005,-0.03600701689720154,0.9999871417340049,0.20388451915039033
83,1200_1490,1200,1490,-0.0157486240849896,0.8732335567474365,0.8571762442588806,-0.016057312488555908,0.8291136026382446,0.8081178069114685,-0.020995795726776123,0.8511735796928406,0.8326470255851746,-0.018526554107666016,0.7177919149398804,0.6924381852149963,-0.025353729724884033,0.542284369468689,0.5266935229301453,-0.015590846538543701,0.6300381422042847,0.6095658540725708,-0.020472288131713867,0.9999876394395024,0.2060228779860413
89,1200_1490,1200,1490,-0.014093614336675385,0.8689103126525879,0.8570929765701294,-0.011817336082458496,0.8209121227264404,0.8070485591888428,-0.013863563537597656,0.8449112176895142,0.8320707678794861,-0.012840449810028076,0.7223395705223083,0.702460765838623,-0.019878804683685303,0.5399956703186035,0.523992657661438,-0.016003012657165527,0.6311676204204559,0.6132267117500305,-0.017940908670425415,0.9999871536151396,0.2006272040692948
97,1200_1490,1200,1490,-0.010365453673788673,0.8563013076782227,0.8420994281768799,-0.014201879501342773,0.8179078698158264,0.7950342893600464,-0.02287358045578003,0.8371045887470245,0.8185668587684631,-0.0185377299785614,0.7120414972305298,0.689516544342041,-0.02252495288848877,0.5555400252342224,0.526825487613678,-0.028714537620544434,0.6337907612323761,0.6081710159778595,-0.0256197452545166,0.9999866185504035,0.20060687654331186
101,1200_1490,1200,1490,-0.0007935184649416088,0.8741652965545654,0.8502647280693054,-0.02390056848526001,0.8267137408256531,0.8110668659210205,-0.01564687490463257,0.8504395186901093,0.830665796995163,-0.01977372169494629,0.7367619276046753,0.694484531879425,-0.042277395725250244,0.5486947894096375,0.5281802415847778,-0.02051454782485962,0.6427283585071564,0.6113323867321014,-0.03139597177505493,0.9999869651860569,0.2062433976966243
103,1200_1490,1200,1490,-0.02492893960568699,0.8828182220458984,0.8687697649002075,-0.014048457145690918,0.8366272449493408,0.8282685279846191,-0.00835871696472168,0.8597227334976196,0.8485191464424133,-0.011203587055206299,0.741273045539856,0.7111856341362,-0.030087411403656006,0.5523646473884583,0.5275644063949585,-0.024800240993499756,0.6468188464641571,0.6193750202655792,-0.02744382619857788,0.9999887740372622,0.20621734725539295
107,1200_1490,1200,1490,-0.016923129775061004,0.8963915705680847,0.8809080719947815,-0.015483498573303223,0.8469200730323792,0.8373316526412964,-0.009588420391082764,0.8716558218002319,0.8591198623180389,-0.012535959482192993,0.7858604788780212,0.7707530856132507,-0.015107393264770508,0.5973277688026428,0.582694947719574,-0.014632821083068848,0.691594123840332,0.6767240166664124,-0.014870107173919678,0.9999842472868405,0.20823367007544794
109,1200_1490,1200,1490,-0.008277130295634176,0.8580501079559326,0.8575006723403931,-0.0005494356155395508,0.8025606870651245,0.807311475276947,0.00475078821182251,0.8303053975105286,0.83240607380867,0.0021006762981414795,0.7178666591644287,0.7084064483642578,-0.009460210800170898,0.5110499262809753,0.5186171531677246,0.007567226886749268,0.614458292722702,0.6135118007659912,-0.0009464919567108154,0.999989573253387,0.20155333477250775
113,1200_1490,1200,1490,-0.014821579399723114,0.8647778630256653,0.8491594195365906,-0.015618443489074707,0.8167327046394348,0.7922311425209045,-0.024501562118530273,0.84075528383255,0.8206952810287476,-0.02006000280380249,0.6662216782569885,0.6609166264533997,-0.005305051803588867,0.47358378767967224,0.4522600471973419,-0.021323740482330322,0.5699027329683304,0.5565883368253708,-0.013314396142959595,0.9999863344791982,0.20322475631536766
127,1200_1490,1200,1490,-0.011137969600313572,0.8771430850028992,0.8601670265197754,-0.01697605848312378,0.8320277333259583,0.8087540864944458,-0.02327364683151245,0.8545854091644287,0.8344605565071106,-0.020124852657318115,0.7177990078926086,0.695389986038208,-0.022409021854400635,0.5383684635162354,0.5037810802459717,-0.03458738327026367,0.628083735704422,0.5995855331420898,-0.028498202562332153,0.99998791075337,0.20720493583395627
131,1200_1490,1200,1490,-0.020720092463938408,0.8772081732749939,0.8682700395584106,-0.008938133716583252,0.8290826678276062,0.8187879920005798,-0.010294675827026367,0.8531454205513,0.8435290157794952,-0.00961640477180481,0.7503072619438171,0.7322277426719666,-0.018079519271850586,0.5624211430549622,0.5446891188621521,-0.01773202419281006,0.6563642024993896,0.6384584307670593,-0.017905771732330322,0.999986733848557,0.20388328359303515
137,1200_1490,1200,1490,-0.00920690049426118,0.8796298503875732,0.8542020916938782,-0.02542775869369507,0.830818235874176,0.800606906414032,-0.030211329460144043,0.8552240431308746,0.8274044990539551,-0.027819544076919556,0.7487135529518127,0.7012686133384705,-0.047444939613342285,0.5482584834098816,0.4953276813030243,-0.0529308021068573,0.6484860181808472,0.5982981473207474,-0.05018787086009979,0.999987182928367,0.20919567542981146
139,1200_1490,1200,1490,-0.01728471754513324,0.8478703498840332,0.844567596912384,-0.00330275297164917,0.7962741851806641,0.7897409796714783,-0.006533205509185791,0.8220722675323486,0.8171542882919312,-0.0049179792404174805,0.6652618646621704,0.6528964042663574,-0.012365460395812988,0.47065356373786926,0.4637225270271301,-0.006931036710739136,0.5679577142000198,0.5583094656467438,-0.009648248553276062,0.9999851498305236,0.2096910939668982
149,1200_1490,1200,1490,-0.016305429033399717,0.8703244924545288,0.8488337397575378,-0.021490752696990967,0.8247313499450684,0.795011579990387,-0.029719769954681396,0.8475279211997986,0.8219226598739624,-0.02560526132583618,0.745582103729248,0.706167459487915,-0.03941464424133301,0.5660775899887085,0.5177528262138367,-0.048324763774871826,0.6558298468589783,0.6119601428508759,-0.04386970400810242,0.9999887991153709,0.20564059243629335
151,1200_1490,1200,1490,-0.016030294294339806,0.8525479435920715,0.8240965604782104,-0.028451383113861084,0.8019488453865051,0.7787501811981201,-0.02319866418838501,0.8272483944892883,0.8014233708381653,-0.025825023651123047,0.7102682590484619,0.6571193933486938,-0.053148865699768066,0.5090212821960449,0.48179247975349426,-0.02722880244255066,0.6096447706222534,0.569455936551094,-0.04018883407115936,0.9999863030995461,0.20230077101753613
157,1200_1490,1200,1490,-0.009546900657364648,0.8776919841766357,0.854127049446106,-0.023564934730529785,0.8262757658958435,0.7983471751213074,-0.027928590774536133,0.8519838750362396,0.8262371122837067,-0.02574676275253296,0.7333880066871643,0.690758466720581,-0.04262953996658325,0.5432936549186707,0.4879288673400879,-0.055364787578582764,0.6383408308029175,0.5893436670303345,-0.04899716377258301,0.9999893130838158,0.20323465294005486
163,1200_1490,1200,1490,-0.021967835593361785,0.8799458742141724,0.8628787994384766,-0.0170670747756958,0.8345170617103577,0.8193479776382446,-0.015169084072113037,0.857231467962265,0.8411133885383606,-0.01611807942390442,0.7716714143753052,0.7322068214416504,-0.039464592933654785,0.5834501385688782,0.5483447313308716,-0.03510540723800659,0.6775607764720917,0.640275776386261,-0.03728500008583069,0.9999860771600196,0.2099599486954877
167,1200_1490,1200,1490,-0.0012224956325766034,0.8791176080703735,0.8598290085792542,-0.019288599491119385,0.8323794007301331,0.8169153928756714,-0.01546400785446167,0.8557485044002533,0.8383722007274628,-0.017376303672790527,0.7292945981025696,0.6844789385795593,-0.044815659523010254,0.5583110451698303,0.5030518174171448,-0.05525922775268555,0.6438028216362,0.593765377998352,-0.0500374436378479,0.9999868183114908,0.20428775527716528
173,1200_1490,1200,1490,-0.005236273075038839,0.8691675662994385,0.8595892786979675,-0.009578287601470947,0.8175734281539917,0.8102021813392639,-0.007371246814727783,0.8433704972267151,0.8348957300186157,-0.008474767208099365,0.6985194087028503,0.6924269795417786,-0.006092429161071777,0.5083993673324585,0.49971023201942444,-0.008689135313034058,0.6034593880176544,0.5960686057806015,-0.0073907822370529175,0.9999895221266494,0.201121228320927
179,1200_1490,1200,1490,-0.013846215667656554,0.8786252737045288,0.8774504065513611,-0.0011748671531677246,0.8298622369766235,0.8249896168708801,-0.004872620105743408,0.8542437553405762,0.8512200117111206,-0.0030237436294555664,0.7376663088798523,0.7439899444580078,0.006323635578155518,0.5277908444404602,0.5415967106819153,0.013805866241455078,0.6327285766601562,0.6427933275699615,0.010064750909805298,0.9999896613311292,0.2034551020535464
181,1200_1490,1200,1490,-0.017666175992446142,0.8852699398994446,0.8749099373817444,-0.010360002517700195,0.8386186361312866,0.8268345594406128,-0.011784076690673828,0.8619442880153656,0.8508722484111786,-0.011072039604187012,0.7384750843048096,0.7222039103507996,-0.01627117395401001,0.5542870759963989,0.5382341146469116,-0.016052961349487305,0.6463810801506042,0.6302190124988556,-0.016162067651748657,0.9999880335677813,0.20564465960690143
191,1200_1490,1200,1490,-0.003126287474667067,0.8581007122993469,0.8272460103034973,-0.03085470199584961,0.8132578730583191,0.795280396938324,-0.017977476119995117,0.835679292678833,0.8112632036209106,-0.024416089057922363,0.7215128540992737,0.6332123279571533,-0.08830052614212036,0.5297598242759705,0.49833226203918457,-0.03142756223678589,0.6256363391876221,0.565772294998169,-0.059864044189453125,0.9999871317931573,0.2079213865167003
193,1200_1490,1200,1490,9.053915353826334e-05,0.8762305378913879,0.8570505976676941,-0.019179940223693848,0.8322508335113525,0.8139815330505371,-0.01826930046081543,0.8542406857013702,0.8355160653591156,-0.01872462034225464,0.7224380373954773,0.7219524383544922,-0.0004855990409851074,0.5393643975257874,0.5335390567779541,-0.005825340747833252,0.6309012174606323,0.6277457475662231,-0.0031554698944091797,0.999981364434,0.21052290078555827
197,1200_1490,1200,1490,-0.005208313591457928,0.8712738752365112,0.8501121997833252,-0.021161675453186035,0.8272643685340881,0.807725191116333,-0.019539177417755127,0.8492691218852997,0.8289186954498291,-0.02035042643547058,0.7350813150405884,0.708806037902832,-0.026275277137756348,0.5510370135307312,0.5259912014007568,-0.025045812129974365,0.6430591642856598,0.6173986196517944,-0.025660544633865356,0.9999875727365867,0.20380822945960486
199,1200_1490,1200,1490,-0.011320756240676067,0.8729001879692078,0.8521133065223694,-0.02078688144683838,0.8252857327461243,0.805864155292511,-0.01942157745361328,0.849092960357666,0.8289887309074402,-0.02010422945022583,0.7263322472572327,0.7123386859893799,-0.013993561267852783,0.5306219458580017,0.5056912302970886,-0.024930715560913086,0.6284770965576172,0.6090149581432343,-0.019462138414382935,0.9999902853039103,0.20645655536864835
211,1200_1490,1200,1490,-0.029317802278387713,0.8751072287559509,0.8626946210861206,-0.012412607669830322,0.8292875289916992,0.813582181930542,-0.015705347061157227,0.8521973788738251,0.8381384015083313,-0.014058977365493774,0.7117288112640381,0.6958816051483154,-0.015847206115722656,0.5240154266357422,0.49583345651626587,-0.02818197011947632,0.6178721189498901,0.5958575308322906,-0.022014588117599487,0.999989096890173,0.20484327948315154
223,1200_1490,1200,1490,-0.0175386995337143,0.8638408184051514,0.8614298701286316,-0.0024109482765197754,0.8158795833587646,0.8112449049949646,-0.004634678363800049,0.839860200881958,0.8363373875617981,-0.003522813320159912,0.7450990080833435,0.7472007870674133,0.0021017789840698242,0.5599595308303833,0.5602633953094482,0.0003038644790649414,0.6525292694568634,0.6537320911884308,0.0012028217315673828,0.9999856361427488,0.20411206612133134
61,60_400,60,400,-0.1422568984935095,0.7313247919082642,0.914214015007019,0.18288922309875488,0.6411377787590027,0.8723620772361755,0.23122429847717285,0.6862312853336334,0.8932880461215973,0.20705676078796387,0.4265073835849762,0.8655753135681152,0.43906792998313904,0.3287788927555084,0.7154405117034912,0.3866616189479828,0.3776431381702423,0.7905079126358032,0.4128647744655609,0.9999872545857109,0.20351844337226632
67,60_400,60,400,-0.17663435206952538,0.604927659034729,0.8949549198150635,0.2900272607803345,0.5550152063369751,0.820764422416687,0.2657492160797119,0.579971432685852,0.8578596711158752,0.2778882384300232,0.09522774815559387,0.7993977665901184,0.7041700184345245,0.07021626085042953,0.5422590970993042,0.47204283624887466,0.0827220045030117,0.6708284318447113,0.5881064273416996,0.9999881575153323,0.2024960122758599
71,60_400,60,400,-0.13966021963652087,0.643788754940033,0.9006986618041992,0.25690990686416626,0.5858951807022095,0.8494514226913452,0.26355624198913574,0.6148419678211212,0.8750750422477722,0.260233074426651,0.12003456056118011,0.8144665956497192,0.6944320350885391,0.09310213476419449,0.6352005004882812,0.5420983657240868,0.1065683476626873,0.7248335480690002,0.6182652004063129,0.9999882235338673,0.19521037685861298
79,60_400,60,400,-0.16220511302235358,0.6996926665306091,0.8818116784095764,0.18211901187896729,0.6190637350082397,0.8291696310043335,0.21010589599609375,0.6593782007694244,0.855490654706955,0.19611245393753052,0.4326499104499817,0.813058078289032,0.3804081678390503,0.3887174427509308,0.6223911643028259,0.23367372155189514,0.41068367660045624,0.717724621295929,0.3070409446954727,0.9999831550237872,0.20080019579738628
83,60_400,60,400,-0.13112204778407782,0.7146047949790955,0.9002216458320618,0.1856168508529663,0.6422039866447449,0.8561375737190247,0.21393358707427979,0.6784043908119202,0.8781796097755432,0.19977521896362305,0.38780951499938965,0.8419225811958313,0.45411306619644165,0.35814690589904785,0.6786485314369202,0.3205016255378723,0.37297821044921875,0.7602855563163757,0.387307345867157,0.9999854316205533,0.19699001558084592
89,60_400,60,400,-0.15635753497522248,0.5485166907310486,0.8665897846221924,0.3180730938911438,0.4479478597640991,0.8057636022567749,0.3578157424926758,0.49823227524757385,0.8361766934394836,0.3379444181919098,0.016167160123586655,0.7318960428237915,0.7157288827002048,0.062170255929231644,0.5842608213424683,0.5220905654132366,0.03916870802640915,0.6580784320831299,0.6189097240567207,0.9999883079144422,0.20235148671337325
97,60_400,60,400,-0.16599748015068355,0.6889471411705017,0.8781079649925232,0.18916082382202148,0.5784850716590881,0.8325091600418091,0.25402408838272095,0.6337161064147949,0.8553085625171661,0.22159245610237122,0.42065495252609253,0.804466724395752,0.3838117718696594,0.34154146909713745,0.6724354028701782,0.33089393377304077,0.381098210811615,0.7384510636329651,0.3573528528213501,0.9999843416390866,0.20757184519901908
101,60_400,60,400,-0.14230671312448182,0.6600551605224609,0.9070085883140564,0.24695342779159546,0.4034278392791748,0.862878143787384,0.45945030450820923,0.5317414999008179,0.8849433660507202,0.35320186614990234,0.3543552756309509,0.8426511883735657,0.48829591274261475,0.004322202876210213,0.6963627338409424,0.6920405309647322,0.17933873925358057,0.769506961107254,0.5901682218536735,0.9999868904465251,0.20684764974818942
103,60_400,60,400,-0.15054061710876254,0.5460777282714844,0.888532280921936,0.34245455265045166,0.49655312299728394,0.8342928886413574,0.3377397656440735,0.5213154256343842,0.8614125847816467,0.3400971591472626,0.12073590606451035,0.8258981704711914,0.7051622644066811,0.09584493935108185,0.6810277700424194,0.5851828306913376,0.1082904227077961,0.7534629702568054,0.6451725475490093,0.9999870421816277,0.19728362713761444
107,60_400,60,400,-0.15294638658859663,0.5028823614120483,0.8798661828041077,0.3769838213920593,0.42072874307632446,0.8214051723480225,0.400676429271698,0.4618055522441864,0.8506356775760651,0.38883012533187866,0.12822702527046204,0.8143165111541748,0.6860894858837128,0.09971825778484344,0.6469958424568176,0.5472775846719742,0.11397264152765274,0.7306561768054962,0.6166835352778435,0.9999889611743917,0.19801230839622486
109,60_400,60,400,-0.1543710956877694,0.6720458269119263,0.862119734287262,0.1900739073753357,0.5840859413146973,0.7995756268501282,0.2154896855354309,0.6280658841133118,0.8308476805686951,0.2027817964553833,0.358879953622818,0.7339870929718018,0.37510713934898376,0.21507175266742706,0.5703723430633545,0.35530059039592743,0.28697585314512253,0.6521797180175781,0.3652038648724556,0.9999887648447371,0.19728825884776235
113,60_400,60,400,-0.14741278730833499,0.695189893245697,0.88039231300354,0.18520241975784302,0.5908424854278564,0.8217368721961975,0.23089438676834106,0.6430161893367767,0.8510645925998688,0.20804840326309204,0.4566682279109955,0.7601364850997925,0.303468257188797,0.3008275330066681,0.5490105152130127,0.2481829822063446,0.3787478804588318,0.6545735001564026,0.2758256196975708,0.9999883632458438,0.19153111398159228
127,60_400,60,400,-0.1313586124326191,0.5066438317298889,0.8707007169723511,0.36405688524246216,0.43393245339393616,0.8114158511161804,0.37748339772224426,0.47028814256191254,0.8410582840442657,0.3707701414823532,0.011150439269840717,0.7713006734848022,0.7601502342149615,0.005673071835190058,0.6068792343139648,0.6012061624787748,0.008411755552515388,0.6890899538993835,0.6806781983468682,0.9999867084249754,0.20511615545207848
131,60_400,60,400,-0.15455258242841297,0.6687305569648743,0.8748589158058167,0.20612835884094238,0.602928638458252,0.8146297931671143,0.2117011547088623,0.6358295977115631,0.8447443544864655,0.20891475677490234,0.30476072430610657,0.7297223210334778,0.4249615967273712,0.23985296487808228,0.5201100707054138,0.28025710582733154,0.2723068445920944,0.6249161958694458,0.3526093512773514,0.9999878042845916,0.20419024853324738
137,60_400,60,400,-0.14168933115448284,0.6567609310150146,0.9021455645561218,0.24538463354110718,0.5930953621864319,0.8549407124519348,0.26184535026550293,0.6249281466007233,0.8785431385040283,0.25361499190330505,0.11927676945924759,0.8485991954803467,0.7293224260210991,0.061149291694164276,0.694316565990448,0.6331672742962837,0.09021303057670593,0.7714578807353973,0.6812448501586914,0.9999839599825425,0.20353480958560885
139,60_400,60,400,-0.14959230221529188,0.5873885750770569,0.8869441747665405,0.29955559968948364,0.5500342845916748,0.83481764793396,0.28478336334228516,0.5687114298343658,0.8608809113502502,0.2921694815158844,0.023403067141771317,0.8123067021369934,0.7889036349952221,0.020153025165200233,0.6224826574325562,0.6023296322673559,0.021778046153485775,0.7173946797847748,0.695616633631289,0.9999875082692952,0.2015498787308707
149,60_400,60,400,-0.15689146739721846,0.5636876821517944,0.893528163433075,0.3298404812812805,0.4965249001979828,0.8523300290107727,0.3558051288127899,0.5301062911748886,0.8729290962219238,0.3428228050470352,0.019176427274942398,0.8356031775474548,0.8164267502725124,0.00015767873264849186,0.6892059445381165,0.689048265805468,0.009667053003795445,0.7624045610427856,0.7527375080389902,0.9999872924667488,0.2064832269855846
151,60_400,60,400,-0.15093356498484092,0.47383081912994385,0.8483890295028687,0.3745582103729248,0.3889737129211426,0.7886266112327576,0.399652898311615,0.4314022660255432,0.8185078203678131,0.3871055543422699,0.03264869004487991,0.7456796765327454,0.7130309864878654,0.002318596700206399,0.6043837070465088,0.6020651103463024,0.017483643372543156,0.6750316917896271,0.6575480484170839,0.9999886380578243,0.20188183542753968
157,60_400,60,400,-0.1504512917583905,0.6439872980117798,0.8958843350410461,0.25189703702926636,0.5897992253303528,0.8488764762878418,0.259077250957489,0.6168932616710663,0.872380405664444,0.2554871439933777,2.375381427555112e-06,0.8211212158203125,0.821118840438885,0.0006377852405421436,0.6910218596458435,0.6903840744053014,0.00032008031098484935,0.756071537733078,0.7557514574220932,0.9999856742582849,0.2057934168987272
163,60_400,60,400,-0.1577991237549212,0.5366855263710022,0.8780511021614075,0.3413655757904053,0.42655208706855774,0.8342087268829346,0.40765663981437683,0.48161880671977997,0.856129914522171,0.37451110780239105,0.08049511909484863,0.7791410088539124,0.6986458897590637,0.01484918873757124,0.6516430974006653,0.636793908663094,0.047672153916209936,0.7153920531272888,0.6677198992110789,0.9999851149663543,0.20829427023844826
167,60_400,60,400,-0.16664648491281428,0.6448262929916382,0.8993147015571594,0.25448840856552124,0.5600298047065735,0.8414899706840515,0.281460165977478,0.6024280488491058,0.8704023361206055,0.26797428727149963,0.23791217803955078,0.7870655655860901,0.5491533875465393,0.16933812201023102,0.5848730206489563,0.4155348986387253,0.2036251500248909,0.6859692931175232,0.4823441430926323,0.999979533318694,0.20579391520828721
173,60_400,60,400,-0.1418889112126328,0.5084260106086731,0.8602326512336731,0.351806640625,0.459023118019104,0.7870640158653259,0.3280408978462219,0.48372456431388855,0.8236483335494995,0.33992376923561096,0.00366419879719615,0.6867715716362,0.6831073728390038,5.760727435699664e-05,0.4428388178348541,0.44278121056049713,0.0018609030357765732,0.564805194735527,0.5629442916997505,0.9999854585499989,0.20006557206803546
179,60_400,60,400,-0.15143880066697574,0.5939031839370728,0.886391282081604,0.29248809814453125,0.5223327279090881,0.8122346997261047,0.2899019718170166,0.5581179559230804,0.8493129909038544,0.2911950349807739,0.03485792502760887,0.7671458125114441,0.7322878874838352,0.00195618299767375,0.5043562054634094,0.5024000224657357,0.01840705401264131,0.6357510089874268,0.6173439549747854,0.999985778131779,0.19376095607253438
181,60_400,60,400,-0.13825279096558038,0.6194911003112793,0.8945618271827698,0.2750707268714905,0.554405152797699,0.8507544994354248,0.29634934663772583,0.5869481265544891,0.8726581633090973,0.28571003675460815,0.005819948855787516,0.8217743039131165,0.8159543550573289,0.004379850346595049,0.6923854947090149,0.6880056443624198,0.005099899601191282,0.7570798993110657,0.7519799997098744,0.999985955764892,0.20173999909974322
191,60_400,60,400,-0.15195266143671995,0.6688287258148193,0.8802237510681152,0.2113950252532959,0.5729401707649231,0.8263380527496338,0.2533978819847107,0.6208844482898712,0.8532809019088745,0.2323964536190033,0.2870814800262451,0.8047386407852173,0.5176571607589722,0.23746050894260406,0.6302472352981567,0.3927867263555527,0.2622709944844246,0.717492938041687,0.4552219435572624,0.9999845971431598,0.20245290005701624
193,60_400,60,400,-0.14739757588085325,0.7204700112342834,0.8942574262619019,0.1737874150276184,0.6447234153747559,0.8334439992904663,0.18872058391571045,0.6825967133045197,0.8638507127761841,0.18125399947166443,0.41426175832748413,0.7997680902481079,0.3855063319206238,0.2837825119495392,0.5950962901115417,0.31131377816200256,0.34902213513851166,0.6974321901798248,0.34841005504131317,0.9999884735762123,0.20555471823822138
197,60_400,60,400,-0.14727971050454922,0.6691290736198425,0.9059913158416748,0.23686224222183228,0.5986319780349731,0.8567788600921631,0.25814688205718994,0.6338805258274078,0.881385087966919,0.2475045621395111,0.13748854398727417,0.8432496786117554,0.7057611346244812,0.06516517698764801,0.6825881600379944,0.6174229830503464,0.10132686048746109,0.7629189193248749,0.6615920588374138,0.9999859696083125,0.20601304411156304
199,60_400,60,400,-0.13726764657535614,0.6162406206130981,0.8818987607955933,0.2656581401824951,0.47421249747276306,0.8238661289215088,0.3496536314487457,0.5452265590429306,0.852882444858551,0.3076558858156204,0.335681289434433,0.7881369590759277,0.45245566964149475,0.23112405836582184,0.6091073751449585,0.37798331677913666,0.2834026739001274,0.6986221671104431,0.4152194932103157,0.9999855246174375,0.20775505397620542
211,60_400,60,400,-0.1496178546565441,0.5040426850318909,0.8757097721099854,0.3716670870780945,0.46487316489219666,0.822752058506012,0.3578788936138153,0.48445792496204376,0.8492309153079987,0.3647729903459549,0.008832830004394054,0.7530678510665894,0.7442350210621953,0.042165134102106094,0.621870756149292,0.5797056220471859,0.025498982053250074,0.6874693036079407,0.6619703215546906,0.9999867882501555,0.2002878798147292
223,60_400,60,400,-0.15502077751867263,0.6727251410484314,0.8795328140258789,0.2068076729774475,0.5742293000221252,0.81239253282547,0.23816323280334473,0.6234772205352783,0.8459626734256744,0.22248545289039612,0.4311491549015045,0.7685014009475708,0.3373522460460663,0.27918514609336853,0.5349219441413879,0.2557367980480194,0.3551671504974365,0.6517116725444794,0.29654452204704285,0.9999854891984133,0.20445938493927987
61,60_700,60,700,-0.20944178094951613,0.7313247919082642,0.9104537963867188,0.1791290044784546,0.6411377787590027,0.8643530011177063,0.2232152223587036,0.6862312853336334,0.8874033987522125,0.2011721134185791,0.4265073835849762,0.8192715644836426,0.3927641808986664,0.3287788927555084,0.6449514031410217,0.3161725103855133,0.3776431381702423,0.7321114838123322,0.35446834564208984,0.999987812254043,0.20716297503819137
67,60_700,60,700,-0.22299641239639703,0.604927659034729,0.8926389813423157,0.28771132230758667,0.5550152063369751,0.846197247505188,0.2911820411682129,0.579971432685852,0.8694181144237518,0.2894466817378998,0.09522774815559387,0.7485129237174988,0.6532851755619049,0.07021626085042953,0.5836922526359558,0.5134759917855263,0.0827220045030117,0.6661025881767273,0.5833805836737156,0.9999884553302817,0.2024960122758599
71,60_700,60,700,-0.21020064721045442,0.643788754940033,0.9031617641448975,0.2593730092048645,0.5858951807022095,0.8533625602722168,0.2674673795700073,0.6148419678211212,0.8782621622085571,0.2634201943874359,0.12003456056118011,0.7837866544723511,0.663752093911171,0.09310213476419449,0.5876546502113342,0.49455251544713974,0.1065683476626873,0.6857206523418427,0.5791523046791553,0.9999885239221445,0.19895022322655345
79,60_700,60,700,-0.2271661643136306,0.6996926665306091,0.888128399848938,0.18843573331832886,0.6190637350082397,0.8377845883369446,0.21872085332870483,0.6593782007694244,0.8629564940929413,0.20357829332351685,0.4326499104499817,0.766567587852478,0.33391767740249634,0.3887174427509308,0.5645171999931335,0.17579975724220276,0.41068367660045624,0.6655423939228058,0.25485871732234955,0.9999866018523006,0.20514599542133488
83,60_700,60,700,-0.20690423126126048,0.7146047949790955,0.9011839628219604,0.186579167842865,0.6422039866447449,0.8556302785873413,0.21342629194259644,0.6784043908119202,0.8784071207046509,0.2000027298927307,0.38780951499938965,0.7972807288169861,0.40947121381759644,0.35814690589904785,0.6233593821525574,0.2652124762535095,0.37297821044921875,0.7103200554847717,0.337341845035553,0.9999860202777089,0.20281237050381665
89,60_700,60,700,-0.2167585327400715,0.5485166907310486,0.8794885873794556,0.330971896648407,0.4479478597640991,0.8226636648178101,0.37471580505371094,0.49823227524757385,0.8510761260986328,0.35284385085105896,0.016167160123586655,0.7440050840377808,0.7278379239141941,0.062170255929231644,0.566036581993103,0.5038663260638714,0.03916870802640915,0.6550208330154419,0.6158521249890327,0.9999893461080868,0.20235148671337325
97,60_700,60,700,-0.21509729915647272,0.6889471411705017,0.8758578300476074,0.1869106888771057,0.5784850716590881,0.8259721398353577,0.24748706817626953,0.6337161064147949,0.8509149849414825,0.21719887852668762,0.42065495252609253,0.7601722478866577,0.3395172953605652,0.34154146909713745,0.5902413725852966,0.24869990348815918,0.381098210811615,0.6752068102359772,0.2941085994243622,0.9999864507214749,0.20757184519901908
101,60_700,60,700,-0.2001803827510158,0.6600551605224609,0.8985012173652649,0.23844605684280396,0.4034278392791748,0.8532681465148926,0.4498403072357178,0.5317414999008179,0.8758846819400787,0.34414318203926086,0.3543552756309509,0.8018033504486084,0.44744807481765747,0.004322202876210213,0.6399028301239014,0.6355806272476912,0.17933873925358057,0.7208530902862549,0.5415143510326743,0.9999864526710543,0.20684764974818942
103,60_700,60,700,-0.22050922162998088,0.5460777282714844,0.8977369666099548,0.35165923833847046,0.49655312299728394,0.8527426719665527,0.3561895489692688,0.5213154256343842,0.8752398192882538,0.35392439365386963,0.12073590606451035,0.8156453967094421,0.6949094906449318,0.09584493935108185,0.6457437872886658,0.5498988479375839,0.1082904227077961,0.730694591999054,0.6224041692912579,0.9999865561663662,0.20185350869118535
107,60_700,60,700,-0.2246284335423865,0.5028823614120483,0.9006452560424805,0.39776289463043213,0.42072874307632446,0.8511065244674683,0.4303777813911438,0.4618055522441864,0.8758758902549744,0.41407033801078796,0.12822702527046204,0.8183922171592712,0.6901651918888092,0.09971825778484344,0.6491392254829407,0.5494209676980972,0.11397264152765274,0.733765721321106,0.6197930797934532,0.9999883692022749,0.20288283208643274
109,60_700,60,700,-0.2052577885464449,0.6720458269119263,0.8731117248535156,0.20106589794158936,0.5840859413146973,0.8093653321266174,0.22527939081192017,0.6280658841133118,0.8412385284900665,0.21317264437675476,0.358879953622818,0.743151068687439,0.38427111506462097,0.21507175266742706,0.5376279950141907,0.3225562423467636,0.28697585314512253,0.6403895318508148,0.3534136787056923,0.9999889954521307,0.20124100143619617
113,60_700,60,700,-0.21077257224769466,0.695189893245697,0.8855592012405396,0.19036930799484253,0.5908424854278564,0.8353997468948364,0.24455726146697998,0.6430161893367767,0.860479474067688,0.21746328473091125,0.4566682279109955,0.7314881682395935,0.274819940328598,0.3008275330066681,0.5308790802955627,0.23005154728889465,0.3787478804588318,0.6311836242675781,0.25243574380874634,0.9999890543844022,0.20125395284695596
127,60_700,60,700,-0.19498332267203905,0.5066438317298889,0.8916956186294556,0.38505178689956665,0.43393245339393616,0.8444900512695312,0.4105575978755951,0.47028814256191254,0.8680928349494934,0.39780469238758087,0.011150439269840717,0.7856648564338684,0.7745144171640277,0.005673071835190058,0.6076361536979675,0.6019630818627775,0.008411755552515388,0.696650505065918,0.6882387495134026,0.9999875558900609,0.20976487202026015
131,60_700,60,700,-0.23159114970974232,0.6687305569648743,0.8823546171188354,0.21362406015396118,0.602928638458252,0.8304245471954346,0.22749590873718262,0.6358295977115631,0.856389582157135,0.2205599844455719,0.30476072430610657,0.7243121862411499,0.41955146193504333,0.23985296487808228,0.5285000801086426,0.2886471152305603,0.2723068445920944,0.6264061331748962,0.3540992885828018,0.9999869246754683,0.210428705913135
137,60_700,60,700,-0.21560645546863985,0.6567609310150146,0.903244137763977,0.2464832067489624,0.5930953621864319,0.8574950098991394,0.2643996477127075,0.6249281466007233,0.8803695738315582,0.25544142723083496,0.11927676945924759,0.7968129515647888,0.6775361821055412,0.061149291694164276,0.6166569590568542,0.55550766736269,0.09021303057670593,0.7067349553108215,0.6165219247341156,0.9999857905054444,0.21107677688572574
139,60_700,60,700,-0.21694185317157152,0.5873885750770569,0.8835108280181885,0.2961222529411316,0.5500342845916748,0.831028938293457,0.2809946537017822,0.5687114298343658,0.8572698831558228,0.2885584533214569,0.023403067141771317,0.7642245888710022,0.7408215217292309,0.020153025165200233,0.5614798069000244,0.5413267817348242,0.021778046153485775,0.6628521978855133,0.6410741517320275,0.9999874782831647,0.20434646969139994
149,60_700,60,700,-0.22969984086781467,0.5636876821517944,0.8958073854446411,0.3321197032928467,0.4965249001979828,0.8534749150276184,0.3569500148296356,0.5301062911748886,0.8746411502361298,0.34453485906124115,0.019176427274942398,0.8041166663169861,0.7849402390420437,0.00015767873264849186,0.6470006108283997,0.6468429320957512,0.009667053003795445,0.7255586385726929,0.7158915855688974,0.9999870442079798,0.20777500695001602
151,60_700,60,700,-0.23023561353769528,0.47383081912994385,0.8718651533126831,0.39803433418273926,0.3889737129211426,0.8183708786964417,0.4293971657752991,0.4314022660255432,0.8451180160045624,0.41371574997901917,0.03264869004487991,0.7689542770385742,0.7363055869936943,0.002318596700206399,0.5816217064857483,0.5793031097855419,0.017483643372543156,0.6752879917621613,0.6578043483896181,0.9999885392094678,0.20188183542753968
157,60_700,60,700,-0.2169734716545011,0.6439872980117798,0.8938808441162109,0.24989354610443115,0.5897992253303528,0.8511651754379272,0.26136595010757446,0.6168932616710663,0.8725230097770691,0.2556297481060028,2.375381427555112e-06,0.7849190831184387,0.7849167077370112,0.0006377852405421436,0.6310127973556519,0.6303750121151097,0.00032008031098484935,0.7079659402370453,0.7076458599260604,0.9999876221822732,0.2057934168987272
163,60_700,60,700,-0.22416797045066145,0.5366855263710022,0.8885392546653748,0.35185372829437256,0.42655208706855774,0.8425846695899963,0.4160325825214386,0.48161880671977997,0.8655619621276855,0.3839431554079056,0.08049511909484863,0.7881043553352356,0.707609236240387,0.01484918873757124,0.6252358555793762,0.610386666841805,0.047672153916209936,0.7066701054573059,0.658997951541096,0.9999832482544819,0.21047659914010305
167,60_700,60,700,-0.2311006109273352,0.6448262929916382,0.9017534255981445,0.25692713260650635,0.5600298047065735,0.8570965528488159,0.29706674814224243,0.6024280488491058,0.8794249892234802,0.2769969403743744,0.23791217803955078,0.7851139307022095,0.5472017526626587,0.16933812201023102,0.6152961254119873,0.4459580034017563,0.2036251500248909,0.7002050280570984,0.4965798780322075,0.999983245538515,0.20926511579761556
173,60_700,60,700,-0.21663685955506848,0.5084260106086731,0.8723668456077576,0.3639408349990845,0.459023118019104,0.8113294839859009,0.3523063659667969,0.48372456431388855,0.8418481647968292,0.3581236004829407,0.00366419879719615,0.7086272239685059,0.7049630251713097,5.760727435699664e-05,0.48547184467315674,0.48541423739879974,0.0018609030357765732,0.5970495343208313,0.5951886312850547,0.9999866924504779,0.20623393204056584
179,60_700,60,700,-0.21135721822684458,0.5939031839370728,0.8855622410774231,0.29165905714035034,0.5223327279090881,0.8188303709030151,0.296497642993927,0.5581179559230804,0.8521963059902191,0.29407835006713867,0.03485792502760887,0.7447595000267029,0.709901574999094,0.00195618299767375,0.49249812960624695,0.4905419466085732,0.01840705401264131,0.6186288148164749,0.6002217608038336,0.999986693509674,0.20995246425462497
181,60_700,60,700,-0.20502049036301168,0.6194911003112793,0.9022150635719299,0.28272396326065063,0.554405152797699,0.8586103320121765,0.30420517921447754,0.5869481265544891,0.8804126977920532,0.2934645712375641,0.005819948855787516,0.7892425060272217,0.7834225571714342,0.004379850346595049,0.6169731616973877,0.6125933113507926,0.005099899601191282,0.7031078338623047,0.6980079342611134,0.9999864914046851,0.20700934977273996
191,60_700,60,700,-0.21518668762989238,0.6688287258148193,0.8734956979751587,0.20466697216033936,0.5729401707649231,0.8263521194458008,0.2534119486808777,0.6208844482898712,0.8499239087104797,0.22903946042060852,0.2870814800262451,0.7397317886352539,0.4526503086090088,0.23746050894260406,0.5538548231124878,0.31639431416988373,0.2622709944844246,0.6467933058738708,0.38452231138944626,0.9999860268941811,0.20245290005701624
193,60_700,60,700,-0.22103629504503722,0.7204700112342834,0.8970309495925903,0.17656093835830688,0.6447234153747559,0.8474535346031189,0.20273011922836304,0.6825967133045197,0.8722422420978546,0.18964552879333496,0.41426175832748413,0.7813013195991516,0.3670395612716675,0.2837825119495392,0.597479522228241,0.3136970102787018,0.34902213513851166,0.6893904209136963,0.34036828577518463,0.9999886148292152,0.21114853189049507
197,60_700,60,700,-0.23520440033085194,0.6691290736198425,0.8991042375564575,0.229975163936615,0.5986319780349731,0.8561245799064636,0.2574926018714905,0.6338805258274078,0.8776144087314606,0.24373388290405273,0.13748854398727417,0.7966173887252808,0.6591288447380066,0.06516517698764801,0.6271525025367737,0.5619873255491257,0.10132686048746109,0.7118849456310272,0.6105580851435661,0.9999872846408218,0.2083494896269009
199,60_700,60,700,-0.19984723317340514,0.6162406206130981,0.8841365575790405,0.2678959369659424,0.47421249747276306,0.8310527801513672,0.3568402826786041,0.5452265590429306,0.8575946688652039,0.31236810982227325,0.335681289434433,0.7536391019821167,0.4179578125476837,0.23112405836582184,0.5689650774002075,0.3378410190343857,0.2834026739001274,0.6613020896911621,0.3778994157910347,0.9999863979677566,0.20845815121681316
211,60_700,60,700,-0.21471725449759982,0.5040426850318909,0.8945382237434387,0.39049553871154785,0.46487316489219666,0.8492336273193359,0.3843604624271393,0.48445792496204376,0.8718859255313873,0.38742800056934357,0.008832830004394054,0.7968924641609192,0.7880596341565251,0.042165134102106094,0.6384910345077515,0.5963259004056454,0.025498982053250074,0.7176917493343353,0.6921927672810853,0.9999870740456658,0.20261697772724652
223,60_700,60,700,-0.2013330730631967,0.6727251410484314,0.884140133857727,0.21141499280929565,0.5742293000221252,0.830834150314331,0.2566048502922058,0.6234772205352783,0.857487142086029,0.23400992155075073,0.4311491549015045,0.7501497864723206,0.31900063157081604,0.27918514609336853,0.5535271763801575,0.27434203028678894,0.3551671504974365,0.651838481426239,0.2966713309288025,0.9999870922773634,0.20806734459025006
61,60_1000,60,1000,-0.2461489573590475,0.7313247919082642,0.8989794850349426,0.16765469312667847,0.6411377787590027,0.8547242283821106,0.2135864496231079,0.6862312853336334,0.8768518567085266,0.1906205713748932,0.4265073835849762,0.7818529009819031,0.3553455173969269,0.3287788927555084,0.6082861423492432,0.27950724959373474,0.3776431381702423,0.6950695216655731,0.3174263834953308,0.9999874797721908,0.20716297503819137
67,60_1000,60,1000,-0.251420331779617,0.604927659034729,0.8823439478874207,0.27741628885269165,0.5550152063369751,0.8343527317047119,0.2793375253677368,0.579971432685852,0.8583483397960663,0.27837690711021423,0.09522774815559387,0.7175399661064148,0.6223122179508209,0.07021626085042953,0.5358856916427612,0.4656694307923317,0.0827220045030117,0.626712828874588,0.5439908243715763,0.9999885198361333,0.20539219248096774
71,60_1000,60,1000,-0.24580281847922109,0.643788754940033,0.8932031393051147,0.2494143843650818,0.5858951807022095,0.8446134328842163,0.25871825218200684,0.6148419678211212,0.8689082860946655,0.2540663182735443,0.12003456056118011,0.7583346962928772,0.6383001357316971,0.09310213476419449,0.5561663508415222,0.46306421607732773,0.1065683476626873,0.6572505235671997,0.5506821759045124,0.9999876296345689,0.20412702825407
79,60_1000,60,1000,-0.2623089016034784,0.6996926665306091,0.8901921510696411,0.19049948453903198,0.6190637350082397,0.8379103541374207,0.2188466191291809,0.6593782007694244,0.8640512526035309,0.20467305183410645,0.4326499104499817,0.7624885439872742,0.3298386335372925,0.3887174427509308,0.5524324774742126,0.16371503472328186,0.41068367660045624,0.6574605107307434,0.24677683413028717,0.9999872518052276,0.20514599542133488
83,60_1000,60,1000,-0.24759907544941331,0.7146047949790955,0.8822866678237915,0.16768187284469604,0.6422039866447449,0.8365870714187622,0.19438308477401733,0.6784043908119202,0.8594368696212769,0.1810324788093567,0.38780951499938965,0.7435916662216187,0.355782151222229,0.35814690589904785,0.5656341314315796,0.20748722553253174,0.37297821044921875,0.6546128988265991,0.28163468837738037,0.9999863574275077,0.20744076850895588
89,60_1000,60,1000,-0.24303729280768926,0.5485166907310486,0.8758125901222229,0.3272958993911743,0.4479478597640991,0.8301006555557251,0.382152795791626,0.49823227524757385,0.852956622838974,0.35472434759140015,0.016167160123586655,0.7339465618133545,0.7177794016897678,0.062170255929231644,0.5543220043182373,0.49215174838900566,0.03916870802640915,0.6441342830657959,0.6049655750393867,0.9999889584582197,0.20235148671337325
97,60_1000,60,1000,-0.23329852404384205,0.6889471411705017,0.862162709236145,0.1732155680656433,0.5784850716590881,0.8146954774856567,0.2362104058265686,0.6337161064147949,0.8384290933609009,0.20471298694610596,0.42065495252609253,0.7058819532394409,0.2852270007133484,0.34154146909713745,0.5384706258773804,0.19692915678024292,0.381098210811615,0.6221762895584106,0.24107807874679565,0.9999867025945665,0.20757184519901908
101,60_1000,60,1000,-0.23569290109420962,0.6600551605224609,0.8875422477722168,0.22748708724975586,0.4034278392791748,0.8416489362716675,0.4382210969924927,0.5317414999008179,0.8645955920219421,0.33285409212112427,0.3543552756309509,0.7620428800582886,0.40768760442733765,0.004322202876210213,0.5804551839828491,0.5761329811066389,0.17933873925358057,0.6712490320205688,0.4919102927669883,0.9999865226735479,0.20684764974818942
103,60_1000,60,1000,-0.253708562087985,0.5460777282714844,0.889697790145874,0.34362006187438965,0.49655312299728394,0.8445183038711548,0.34796518087387085,0.5213154256343842,0.8671080470085144,0.34579262137413025,0.12073590606451035,0.7751482725143433,0.6544123664498329,0.09584493935108185,0.5977972745895386,0.5019523352384567,0.1082904227077961,0.6864727735519409,0.5781823508441448,0.9999863850932059,0.20392535944729634
107,60_1000,60,1000,-0.2536817911988064,0.5028823614120483,0.9019415378570557,0.3990591764450073,0.42072874307632446,0.8552159070968628,0.43448716402053833,0.4618055522441864,0.8785787224769592,0.4167731702327728,0.12822702527046204,0.7887083292007446,0.6604813039302826,0.09971825778484344,0.6069077253341675,0.507189467549324,0.11397264152765274,0.697808027267456,0.5838353857398033,0.9999874922683055,0.20288283208643274
109,60_1000,60,1000,-0.21765558333127144,0.6720458269119263,0.8575597405433655,0.1855139136314392,0.5840859413146973,0.8050193190574646,0.22093337774276733,0.6280658841133118,0.831289529800415,0.20322364568710327,0.358879953622818,0.7260851263999939,0.3672051727771759,0.21507175266742706,0.5166146755218506,0.3015429228544235,0.28697585314512253,0.6213499009609222,0.3343740478157997,0.9999888742663968,0.20458161462023378
113,60_1000,60,1000,-0.2425651964991487,0.695189893245697,0.8782238960266113,0.1830340027809143,0.5908424854278564,0.8251067399978638,0.23426425457000732,0.6430161893367767,0.8516653180122375,0.20864912867546082,0.4566682279109955,0.697846531867981,0.24117830395698547,0.3008275330066681,0.48835596442222595,0.18752843141555786,0.3787478804588318,0.5931012481451035,0.21435336768627167,0.9999888366324777,0.20125395284695596
127,60_1000,60,1000,-0.23944514995768923,0.5066438317298889,0.8819364309310913,0.3752925992012024,0.43393245339393616,0.8336816430091858,0.39974918961524963,0.47028814256191254,0.8578090369701385,0.387520894408226,0.011150439269840717,0.7436214685440063,0.7324710292741656,0.005673071835190058,0.5528437495231628,0.5471706776879728,0.008411755552515388,0.6482326090335846,0.6398208534810692,0.999987021048146,0.21116418289643624
131,60_1000,60,1000,-0.24466724523877129,0.6687305569648743,0.878150463104248,0.20941990613937378,0.602928638458252,0.8316843509674072,0.22875571250915527,0.6358295977115631,0.8549174070358276,0.21908780932426453,0.30476072430610657,0.7357857823371887,0.43102505803108215,0.23985296487808228,0.5467233061790466,0.30687034130096436,0.2723068445920944,0.6412545442581177,0.36894769966602325,0.9999864481965839,0.210428705913135
137,60_1000,60,1000,-0.25581288790066925,0.6567609310150146,0.8891497850418091,0.23238885402679443,0.5930953621864319,0.8429664373397827,0.24987107515335083,0.6249281466007233,0.8660581111907959,0.24112996459007263,0.11927676945924759,0.7756329774856567,0.6563562080264091,0.061149291694164276,0.5809503793716431,0.5198010876774788,0.09021303057670593,0.6782916784286499,0.588078647851944,0.999985839517398,0.21107677688572574
139,60_1000,60,1000,-0.2566980789250245,0.5873885750770569,0.8640544414520264,0.2766658663749695,0.5500342845916748,0.8126087784767151,0.2625744938850403,0.5687114298343658,0.8383316099643707,0.2696201801300049,0.023403067141771317,0.6942654252052307,0.6708623580634594,0.020153025165200233,0.4970625340938568,0.4769095089286566,0.021778046153485775,0.5956639796495438,0.573885933496058,0.9999867980059394,0.20858994440325293
149,60_1000,60,1000,-0.2544524245506168,0.5636876821517944,0.8849615454673767,0.3212738633155823,0.4965249001979828,0.8402441143989563,0.3437192142009735,0.5301062911748886,0.8626028299331665,0.3324965387582779,0.019176427274942398,0.7718934416770935,0.7527170144021511,0.00015767873264849186,0.5989605784416199,0.5988028997089714,0.009667053003795445,0.6854270100593567,0.6757599570555612,0.9999878378695315,0.20777500695001602
151,60_1000,60,1000,-0.24565548875612642,0.47383081912994385,0.8585941791534424,0.38476336002349854,0.3889737129211426,0.8068945407867432,0.4179208278656006,0.4314022660255432,0.8327443599700928,0.40134209394454956,0.03264869004487991,0.7192271947860718,0.6865785047411919,0.002318596700206399,0.5250265002250671,0.5227079035248607,0.017483643372543156,0.6221268475055695,0.6046432041330263,0.9999880990216033,0.203088035902366
157,60_1000,60,1000,-0.2551998551922757,0.6439872980117798,0.8843360543251038,0.24034875631332397,0.5897992253303528,0.8330965638160706,0.24329733848571777,0.6168932616710663,0.8587163090705872,0.24182304739952087,2.375381427555112e-06,0.7534921169281006,0.753489741546673,0.0006377852405421436,0.5721402168273926,0.5715024315868504,0.00032008031098484935,0.6628161668777466,0.6624960865667617,0.9999878575049225,0.2057934168987272
163,60_1000,60,1000,-0.2583854536885216,0.5366855263710022,0.8869723081588745,0.3502867817878723,0.42655208706855774,0.840663492679596,0.4141114056110382,0.48161880671977997,0.8638179004192352,0.38219909369945526,0.08049511909484863,0.7782584428787231,0.6977633237838745,0.01484918873757124,0.5994014739990234,0.5845522852614522,0.047672153916209936,0.6888299584388733,0.6411578045226634,0.9999843967782804,0.21047659914010305
167,60_1000,60,1000,-0.2598251049074374,0.6448262929916382,0.8853043913841248,0.24047809839248657,0.5600298047065735,0.842872679233551,0.28284287452697754,0.6024280488491058,0.8640885353088379,0.26166048645973206,0.23791217803955078,0.7520108819007874,0.5140987038612366,0.16933812201023102,0.5833941102027893,0.4140559881925583,0.2036251500248909,0.6677024960517883,0.46407734602689743,0.9999851846567441,0.20926511579761556
173,60_1000,60,1000,-0.24932352824871426,0.5084260106086731,0.8706607818603516,0.36223477125167847,0.459023118019104,0.8178786635398865,0.35885554552078247,0.48372456431388855,0.844269722700119,0.36054515838623047,0.00366419879719615,0.6992183923721313,0.6955541935749352,5.760727435699664e-05,0.511024534702301,0.510966927427944,0.0018609030357765732,0.6051214635372162,0.6032605605014396,0.999987504561694,0.20623393204056584
179,60_1000,60,1000,-0.25121866350139244,0.5939031839370728,0.8837456703186035,0.28984248638153076,0.5223327279090881,0.8207554817199707,0.29842275381088257,0.5581179559230804,0.8522505760192871,0.29413262009620667,0.03485792502760887,0.7387037873268127,0.7038458622992039,0.00195618299767375,0.49882426857948303,0.4968680855818093,0.01840705401264131,0.6187640279531479,0.6003569739405066,0.9999859515132108,0.20995246425462497
181,60_1000,60,1000,-0.24629468329424498,0.6194911003112793,0.8936262130737305,0.27413511276245117,0.554405152797699,0.8472979664802551,0.29289281368255615,0.5869481265544891,0.8704620897769928,0.28351396322250366,0.005819948855787516,0.7617548704147339,0.7559349215589464,0.004379850346595049,0.5765776038169861,0.572197753470391,0.005099899601191282,0.66916623711586,0.6640663375146687,0.9999868405107621,0.20930967922704696
191,60_1000,60,1000,-0.24373697309972098,0.6688287258148193,0.869604229927063,0.20077550411224365,0.5729401707649231,0.8259053230285645,0.25296515226364136,0.6208844482898712,0.8477547764778137,0.2268703281879425,0.2870814800262451,0.7274199724197388,0.44033849239349365,0.23746050894260406,0.5414081811904907,0.30394767224788666,0.2622709944844246,0.6344140768051147,0.37214308232069016,0.999985673369834,0.20561017600357134
193,60_1000,60,1000,-0.26092738899914825,0.7204700112342834,0.8853510618209839,0.16488105058670044,0.6447234153747559,0.8394268751144409,0.19470345973968506,0.6825967133045197,0.8623889684677124,0.17979225516319275,0.41426175832748413,0.7523272037506104,0.3380654454231262,0.2837825119495392,0.5600084066390991,0.27622589468955994,0.34902213513851166,0.6561678051948547,0.3071456700563431,0.9999883913018017,0.21114853189049507
197,60_1000,60,1000,-0.26344287841191066,0.6691290736198425,0.887968122959137,0.21883904933929443,0.5986319780349731,0.8455057144165039,0.24687373638153076,0.6338805258274078,0.8667369186878204,0.2328563928604126,0.13748854398727417,0.7589038014411926,0.6214152574539185,0.06516517698764801,0.5746448040008545,0.5094796270132065,0.10132686048746109,0.6667743027210236,0.5654474422335625,0.9999878681337526,0.20881798685456965
199,60_1000,60,1000,-0.2364214423486653,0.6162406206130981,0.883500337600708,0.26725971698760986,0.47421249747276306,0.8336694836616516,0.35945698618888855,0.5452265590429306,0.8585849106311798,0.3133583515882492,0.335681289434433,0.7483488917350769,0.4126676023006439,0.23112405836582184,0.5474318861961365,0.31630782783031464,0.2834026739001274,0.6478903889656067,0.3644877150654793,0.9999865101732786,0.20845815121681316
211,60_1000,60,1000,-0.25287872894261304,0.5040426850318909,0.878244161605835,0.3742014765739441,0.46487316489219666,0.8376261591911316,0.37275299429893494,0.48445792496204376,0.8579351603984833,0.3734772354364395,0.008832830004394054,0.7329174280166626,0.7240845980122685,0.042165134102106094,0.564441442489624,0.5222763083875179,0.025498982053250074,0.6486794352531433,0.6231804531998932,0.9999867524600625,0.20261697772724652
223,60_1000,60,1000,-0.22666932573454585,0.6727251410484314,0.8734147548675537,0.20068961381912231,0.5742293000221252,0.8237791061401367,0.24954980611801147,0.6234772205352783,0.8485969305038452,0.2251197099685669,0.4311491549015045,0.7377210855484009,0.30657193064689636,0.27918514609336853,0.5553353428840637,0.2761501967906952,0.3551671504974365,0.6465282142162323,0.2913610637187958,0.999987215808081,0.2095820355967231
61,60_1490,60,1490,-0.26590501580552567,0.7313247919082642,0.8681925535202026,0.13686776161193848,0.6411377787590027,0.8205836415290833,0.17944586277008057,0.6862312853336334,0.8443880975246429,0.15815681219100952,0.4265073835849762,0.7316223382949829,0.3051149547100067,0.3287788927555084,0.536456286907196,0.20767739415168762,0.3776431381702423,0.6340393126010895,0.25639617443084717,0.9999868927701975,0.20716297503819137
67,60_1490,60,1490,-0.27221781326657896,0.604927659034729,0.8563613295555115,0.25143367052078247,0.5550152063369751,0.8080484867095947,0.25303328037261963,0.579971432685852,0.8322049081325531,0.25223347544670105,0.09522774815559387,0.6686370372772217,0.5734092891216278,0.07021626085042953,0.48890602588653564,0.4186897650361061,0.0827220045030117,0.5787715315818787,0.49604952707886696,0.9999877449006461,0.20539219248096774
71,60_1490,60,1490,-0.2690804213993492,0.643788754940033,0.8790249824523926,0.23523622751235962,0.5858951807022095,0.8288103342056274,0.24291515350341797,0.6148419678211212,0.85391765832901,0.2390756905078888,0.12003456056118011,0.744038999080658,0.6240044385194778,0.09310213476419449,0.548957884311676,0.45585574954748154,0.1065683476626873,0.646498441696167,0.5399300940334797,0.999987147784331,0.2054197143758363
79,60_1490,60,1490,-0.28037137376511256,0.6996926665306091,0.8618818521499634,0.16218918561935425,0.6190637350082397,0.813829779624939,0.19476604461669922,0.6593782007694244,0.8378558158874512,0.17847761511802673,0.4326499104499817,0.7021699547767639,0.2695200443267822,0.3887174427509308,0.5094137191772461,0.12069627642631531,0.41068367660045624,0.605791836977005,0.19510816037654877,0.9999870179475094,0.20514599542133488
83,60_1490,60,1490,-0.2669287876830515,0.7146047949790955,0.8571762442588806,0.14257144927978516,0.6422039866447449,0.8081178069114685,0.16591382026672363,0.6784043908119202,0.8326470255851746,0.1542426347732544,0.38780951499938965,0.6924381852149963,0.3046286702156067,0.35814690589904785,0.5266935229301453,0.1685466170310974,0.37297821044921875,0.6095658540725708,0.23658764362335205,0.999986711208708,0.20744076850895588
89,60_1490,60,1490,-0.26272649290044997,0.5485166907310486,0.8570929765701294,0.3085762858390808,0.4479478597640991,0.8070485591888428,0.35910069942474365,0.49823227524757385,0.8320707678794861,0.33383849263191223,0.016167160123586655,0.702460765838623,0.6862936057150364,0.062170255929231644,0.523992657661438,0.46182240173220634,0.03916870802640915,0.6132267117500305,0.5740580037236214,0.9999888108136004,0.2045921053563246
97,60_1490,60,1490,-0.2599880088899866,0.6889471411705017,0.8420994281768799,0.15315228700637817,0.5784850716590881,0.7950342893600464,0.21654921770095825,0.6337161064147949,0.8185668587684631,0.1848507523536682,0.42065495252609253,0.689516544342041,0.2688615918159485,0.34154146909713745,0.526825487613678,0.18528401851654053,0.381098210811615,0.6081710159778595,0.2270728051662445,0.999986196219657,0.20757184519901908
101,60_1490,60,1490,-0.2582736205525755,0.6600551605224609,0.8502647280693054,0.19020956754684448,0.4034278392791748,0.8110668659210205,0.4076390266418457,0.5317414999008179,0.830665796995163,0.2989242970943451,0.3543552756309509,0.694484531879425,0.3401292562484741,0.004322202876210213,0.5281802415847778,0.5238580387085676,0.17933873925358057,0.6113323867321014,0.43199364747852087,0.9999867777577305,0.20684764974818942
103,60_1490,60,1490,-0.2841862147321466,0.5460777282714844,0.8687697649002075,0.32269203662872314,0.49655312299728394,0.8282685279846191,0.3317154049873352,0.5213154256343842,0.8485191464424133,0.3272037208080292,0.12073590606451035,0.7111856341362,0.5904497280716896,0.09584493935108185,0.5275644063949585,0.43171946704387665,0.1082904227077961,0.6193750202655792,0.5110845975577831,0.9999864039934766,0.20621734725539295
107,60_1490,60,1490,-0.283073549020904,0.5028823614120483,0.8809080719947815,0.37802571058273315,0.42072874307632446,0.8373316526412964,0.4166029095649719,0.4618055522441864,0.8591198623180389,0.39731431007385254,0.12822702527046204,0.7707530856132507,0.6425260603427887,0.09971825778484344,0.582694947719574,0.48297668993473053,0.11397264152765274,0.6767240166664124,0.5627513751387596,0.9999870435374479,0.20823367007544794
109,60_1490,60,1490,-0.24411246819121682,0.6720458269119263,0.8575006723403931,0.1854548454284668,0.5840859413146973,0.807311475276947,0.22322553396224976,0.6280658841133118,0.83240607380867,0.20434018969535828,0.358879953622818,0.7084064483642578,0.3495264947414398,0.21507175266742706,0.5186171531677246,0.30354540050029755,0.28697585314512253,0.6135118007659912,0.3265359476208687,0.9999889987726404,0.20458161462023378
113,60_1490,60,1490,-0.27467675797262453,0.695189893245697,0.8491594195365906,0.15396952629089355,0.5908424854278564,0.7922311425209045,0.2013886570930481,0.6430161893367767,0.8206952810287476,0.17767909169197083,0.4566682279109955,0.6609166264533997,0.20424839854240417,0.3008275330066681,0.4522600471973419,0.15143251419067383,0.3787478804588318,0.5565883368253708,0.177840456366539,0.9999882750478596,0.20322475631536766
127,60_1490,60,1490,-0.2666619339221853,0.5066438317298889,0.8601670265197754,0.3535231947898865,0.43393245339393616,0.8087540864944458,0.37482163310050964,0.47028814256191254,0.8344605565071106,0.36417241394519806,0.011150439269840717,0.695389986038208,0.6842395467683673,0.005673071835190058,0.5037810802459717,0.4981080084107816,0.008411755552515388,0.5995855331420898,0.5911737775895745,0.9999872434277635,0.21116418289643624
131,60_1490,60,1490,-0.27463297975753576,0.6687305569648743,0.8682700395584106,0.19953948259353638,0.602928638458252,0.8187879920005798,0.21585935354232788,0.6358295977115631,0.8435290157794952,0.20769941806793213,0.30476072430610657,0.7322277426719666,0.42746701836586,0.23985296487808228,0.5446891188621521,0.3048361539840698,0.2723068445920944,0.6384584307670593,0.3661515861749649,0.9999865826332407,0.210428705913135
137,60_1490,60,1490,-0.2704030608304895,0.6567609310150146,0.8542020916938782,0.19744116067886353,0.5930953621864319,0.800606906414032,0.2075115442276001,0.6249281466007233,0.8274044990539551,0.2024763524532318,0.11927676945924759,0.7012686133384705,0.5819918438792229,0.061149291694164276,0.4953276813030243,0.43417838960886,0.09021303057670593,0.5982981473207474,0.5080851167440414,0.9999865687476096,0.21107677688572574
139,60_1490,60,1490,-0.28615677795496614,0.5873885750770569,0.844567596912384,0.25717902183532715,0.5500342845916748,0.7897409796714783,0.23970669507980347,0.5687114298343658,0.8171542882919312,0.2484428584575653,0.023403067141771317,0.6528964042663574,0.6294933371245861,0.020153025165200233,0.4637225270271301,0.4435695018619299,0.021778046153485775,0.5583094656467438,0.536531419493258,0.9999868165625243,0.2096910939668982
149,60_1490,60,1490,-0.28518363276808456,0.5636876821517944,0.8488337397575378,0.2851460576057434,0.4965249001979828,0.795011579990387,0.2984866797924042,0.5301062911748886,0.8219226598739624,0.2918163686990738,0.019176427274942398,0.706167459487915,0.6869910322129726,0.00015767873264849186,0.5177528262138367,0.5175951474811882,0.009667053003795445,0.6119601428508759,0.6022930898470804,0.9999878180153957,0.20777500695001602
151,60_1490,60,1490,-0.2787965050104799,0.47383081912994385,0.8240965604782104,0.3502657413482666,0.3889737129211426,0.7787501811981201,0.38977646827697754,0.4314022660255432,0.8014233708381653,0.37002110481262207,0.03264869004487991,0.6571193933486938,0.6244707033038139,0.002318596700206399,0.48179247975349426,0.47947388305328786,0.017483643372543156,0.569455936551094,0.5519722931785509,0.9999877622322524,0.2034594338751872
157,60_1490,60,1490,-0.2778127301839793,0.6439872980117798,0.854127049446106,0.21013975143432617,0.5897992253303528,0.7983471751213074,0.2085479497909546,0.6168932616710663,0.8262371122837067,0.20934385061264038,2.375381427555112e-06,0.690758466720581,0.6907560913391535,0.0006377852405421436,0.4879288673400879,0.48729108209954575,0.00032008031098484935,0.5893436670303345,0.5890235867193496,0.9999880990118672,0.2057934168987272
163,60_1490,60,1490,-0.2826336845416129,0.5366855263710022,0.8628787994384766,0.32619327306747437,0.42655208706855774,0.8193479776382446,0.3927958905696869,0.48161880671977997,0.8411133885383606,0.3594945818185806,0.08049511909484863,0.7322068214416504,0.6517117023468018,0.01484918873757124,0.5483447313308716,0.5334955425933003,0.047672153916209936,0.640275776386261,0.592603622470051,0.9999847255648746,0.21047659914010305
167,60_1490,60,1490,-0.2764808252807862,0.6448262929916382,0.8598290085792542,0.21500271558761597,0.5600298047065735,0.8169153928756714,0.2568855881690979,0.6024280488491058,0.8383722007274628,0.23594415187835693,0.23791217803955078,0.6844789385795593,0.44656676054000854,0.16933812201023102,0.5030518174171448,0.33371369540691376,0.2036251500248909,0.593765377998352,0.39014022797346115,0.9999858636063327,0.20926511579761556
173,60_1490,60,1490,-0.2654397662174236,0.5084260106086731,0.8595892786979675,0.35116326808929443,0.459023118019104,0.8102021813392639,0.3511790633201599,0.48372456431388855,0.8348957300186157,0.3511711657047272,0.00366419879719615,0.6924269795417786,0.6887627807445824,5.760727435699664e-05,0.49971023201942444,0.49965262474506744,0.0018609030357765732,0.5960686057806015,0.5942077027448249,0.9999871432397994,0.20623393204056584
179,60_1490,60,1490,-0.27625272973140336,0.5939031839370728,0.8774504065513611,0.28354722261428833,0.5223327279090881,0.8249896168708801,0.302656888961792,0.5581179559230804,0.8512200117111206,0.29310205578804016,0.03485792502760887,0.7439899444580078,0.7091320194303989,0.00195618299767375,0.5415967106819153,0.5396405276842415,0.01840705401264131,0.6427933275699615,0.6243862735573202,0.9999866388948409,0.21020539085130222
181,60_1490,60,1490,-0.26964971182557973,0.6194911003112793,0.8749099373817444,0.2554188370704651,0.554405152797699,0.8268345594406128,0.2724294066429138,0.5869481265544891,0.8508722484111786,0.26392412185668945,0.005819948855787516,0.7222039103507996,0.716383961495012,0.004379850346595049,0.5382341146469116,0.5338542643003166,0.005099899601191282,0.6302190124988556,0.6251191128976643,0.9999871755766803,0.20930967922704696
191,60_1490,60,1490,-0.2631323024350232,0.6688287258148193,0.8272460103034973,0.15841728448867798,0.5729401707649231,0.795280396938324,0.22234022617340088,0.6208844482898712,0.8112632036209106,0.19037875533103943,0.2870814800262451,0.6332123279571533,0.3461308479309082,0.23746050894260406,0.49833226203918457,0.2608717530965805,0.2622709944844246,0.565772294998169,0.30350130051374435,0.9999860366117185,0.2079213865167003
193,60_1490,60,1490,-0.2669793109564155,0.7204700112342834,0.8570505976676941,0.13658058643341064,0.6447234153747559,0.8139815330505371,0.16925811767578125,0.6825967133045197,0.8355160653591156,0.15291935205459595,0.41426175832748413,0.7219524383544922,0.30769068002700806,0.2837825119495392,0.5335390567779541,0.24975654482841492,0.34902213513851166,0.6277457475662231,0.2787236124277115,0.9999864938862303,0.21379901752322691
197,60_1490,60,1490,-0.27278803143093466,0.6691290736198425,0.8501121997833252,0.18098312616348267,0.5986319780349731,0.807725191116333,0.20909321308135986,0.6338805258274078,0.8289186954498291,0.19503816962242126,0.13748854398727417,0.708806037902832,0.5713174939155579,0.06516517698764801,0.5259912014007568,0.4608260244131088,0.10132686048746109,0.6173986196517944,0.5160717591643333,0.9999877240694389,0.21028121302667963
199,60_1490,60,1490,-0.26959751228528966,0.6162406206130981,0.8521133065223694,0.23587268590927124,0.47421249747276306,0.805864155292511,0.3316516578197479,0.5452265590429306,0.8289887309074402,0.2837621718645096,0.335681289434433,0.7123386859893799,0.3766573965549469,0.23112405836582184,0.5056912302970886,0.2745671719312668,0.2834026739001274,0.6090149581432343,0.32561228424310684,0.9999871485769268,0.20845815121681316
211,60_1490,60,1490,-0.2832215315387976,0.5040426850318909,0.8626946210861206,0.35865193605422974,0.46487316489219666,0.813582181930542,0.34870901703834534,0.48445792496204376,0.8381384015083313,0.35368047654628754,0.008832830004394054,0.6958816051483154,0.6870487751439214,0.042165134102106094,0.49583345651626587,0.4536683224141598,0.025498982053250074,0.5958575308322906,0.5703585487790406,0.9999873985219089,0.20484327948315154
223,60_1490,60,1490,-0.25587688419538507,0.6727251410484314,0.8614298701286316,0.1887047290802002,0.5742293000221252,0.8112449049949646,0.23701560497283936,0.6234772205352783,0.8363373875617981,0.21286016702651978,0.4311491549015045,0.7472007870674133,0.3160516321659088,0.27918514609336853,0.5602633953094482,0.2810782492160797,0.3551671504974365,0.6537320911884308,0.29856494069099426,0.9999870854772821,0.20961954969635727
